symbol,timeframe,timestamp,formatted_date,open,high,low,close,volume_units,volume_usd,price_change_24h_pct,price_change_7d_pct,price_change_14d_pct,price_change_30d_pct,volatility_7d,volatility_14d,volatility_30d,intraday_range_pct,volume_change_24h_pct,volume_change_7d_pct,volume_change_14d_pct,volume_change_30d_pct,volume_vs_30d_avg_pct,rsi,macd_line,macd_signal,macd_histogram,ema_20,ema_50,ema_100,ema_200,gap_ema_20_pct,gap_ema_50_pct,gap_ema_100_pct,gap_ema_200_pct,bb_mid,bb_upper,bb_lower,band_width_pct,gap_bb_mid_pct,gap_bb_upper_pct,gap_bb_lower_pct
LSE:URNU,1D,1650610800,2022-04-22,13.536,13.536,13.536,13.536,0.0,0.0,,,,,,,,0.0,,,,,,,,,,,,,,,,,,,,,,,,
LSE:URNU,1D,1650870000,2022-04-25,12.886,12.95,12.617,12.617,175.0,2207.9750000000004,-6.789302600472803,,,,,,,2.584199906875667,,,,,,,,,,,,,,,,,,,,,,,,
LSE:URNU,1D,1650956400,2022-04-26,12.884,12.884,12.778,12.849,179.0,2299.971,1.8387889355631237,,,,,,,0.8227258615336842,4.166532682661698,,,,,,,,,,,,,,,,,,,,,,,
LSE:URNU,1D,1651042800,2022-04-27,12.822,12.83,12.728,12.728,100.0,1272.8,-0.9417075258775036,,,,,,,0.7955077211043543,-44.660171802166204,,,,,,,,,,,,,,,,,,,,,,,
LSE:URNU,1D,1651129200,2022-04-28,12.832,13.0,12.456,12.456,9000.0,112104.0,-2.1370207416719063,,,,,,,4.239401496259355,8707.668133249528,,,,,,,,,,,,,,,,,,,,,,,
LSE:URNU,1D,1651215600,2022-04-29,12.912,12.912,12.912,12.912,0.0,0.0,3.6608863198458677,,,,,,,0.0,-100.0,,,,,,,,,,,,,,,,,,,,,,,
LSE:URNU,1D,1651561200,2022-05-03,12.462,12.652,12.462,12.652,113.0,1429.676,-2.0136307311028623,,,,3.306507498298195,,,1.5246348900657962,,,,,,,,,,,,,,,,,,,,,,,,
LSE:URNU,1D,1651647600,2022-05-04,12.632,12.632,12.327,12.327,964.0,11883.228,-2.5687638318052426,-8.93173758865248,,,3.1062070942032145,,,2.4145028499050007,731.1832890808827,,,,,,,,,,,,,,,,,,,,,,,
LSE:URNU,1D,1651734000,2022-05-05,12.934,12.952,12.226,12.226,1286.0,15722.636,-0.8193396609069448,-3.0989934215740664,,,2.14782877079669,,,5.61311272614813,32.30947012040837,612.0839683420328,,,,,,,,,,,,,,,,,,,,,,
LSE:URNU,1D,1651820400,2022-05-06,12.116,12.116,11.886,11.966,75.0,897.4499999999999,-2.1266154097824437,-6.872130126858128,,,1.9932037923155832,,,1.8983162759986831,-94.29198767941965,-60.97994279058302,,,,,,,,,,,,,,,,,,,,,,
LSE:URNU,1D,1652079600,2022-05-09,11.65,11.668,11.002,11.002,1869.0,20562.738,-8.056159117499572,-13.560653676932741,,,3.172980007302954,,,5.71673819742488,2191.2405147919108,1515.5513827781272,,,,,,,,,,,,,,,,,,,,,,
LSE:URNU,1D,1652166000,2022-05-10,11.0,11.0,10.735,10.735,1237.0,13279.195,-2.4268314851845227,-13.816634553628774,,,3.1762737663103677,,,2.409090909090914,-35.4210757341751,-88.15457521587096,,,,,,,,,,,,,,,,,,,,,,
LSE:URNU,1D,1652252400,2022-05-11,10.93,11.128,10.93,11.012,1782.0,19623.384000000002,2.580344666977187,-14.714993804213137,,,2.910079492258163,,,1.8115279048490431,47.77540355420643,,,,,,,,,,,,,,,,,,,,,,,
LSE:URNU,1D,1652338800,2022-05-12,10.364,10.443,10.36,10.443,1085.0,11330.654999999999,-5.167090446785332,-17.45969016756244,,,3.084530264506463,,,0.8008490930142819,-42.259423756881084,692.5330634353518,,,,,,,,,,,,,,,,,,,,,,
LSE:URNU,1D,1652425200,2022-05-13,10.59,10.993,10.59,10.993,100.0,1099.3,5.266685818251467,-10.821773343068058,-18.786938534278956,,4.150286196111718,3.6678600840336317,,3.805476864966954,-90.2980013070736,-90.74914661235147,,,,27.184640229678834,,,,,,,,,,,,,,,,,,
LSE:URNU,1D,1652684400,2022-05-16,10.886,10.942,10.832,10.832,2727.0,29538.864,-1.4645683616847047,-11.40193031244888,-14.147578663707696,,4.1405090563932765,3.3525580335756344,,1.0104721660848743,2587.0612207768586,87.87475586154892,1237.8260170518236,,,26.36440303602268,,,,,,,,,,,,,,,,,,
LSE:URNU,1D,1652770800,2022-05-17,11.295,11.295,11.295,11.295,100000.0,1129500.0,4.2743722304283525,-5.6075547384255335,-12.09432640672426,,4.609611441933316,3.5538920430030205,,0.0,3723.7760260516447,125756.5936820993,49009.31485657863,,,32.657241307220076,,,,,,,,,,,,,,,,,,
LSE:URNU,1D,1652857200,2022-05-18,11.528,11.528,11.109,11.109,103326.0,1147848.534,-1.6467463479415665,0.9725504453735622,-12.719987429289754,,3.5821976708616594,3.559785283520595,,3.6346287300485813,1.624482868525895,5482.17749990298,90082.94578881207,,,31.492879978679596,,,,,,,,,,,,,,,,,,
LSE:URNU,1D,1652943600,2022-05-19,11.046,11.136,10.91,11.136,167.0,1859.7119999999998,0.2430461787739603,3.735444806707031,-10.597302504816957,,3.4204414416624647,3.553628244925038,,2.0459894984609734,-99.837982804794,-85.99529564856905,-98.3410832798116,,,31.872601825349975,,,,,,,,,,,,,,,,,,
LSE:URNU,1D,1653030000,2022-05-20,11.25,11.25,11.109,11.109,320.0,3554.88,-0.24245689655171737,0.8808572466400247,-13.963754646840155,,3.3263812015335366,3.3449385153936446,,1.2533333333333334,91.15217840181708,-81.88447007916677,,,,31.68347749657417,,,,,,,,,,,,11.79675,13.585307058077838,10.008192941922161,30.322878048239367,-5.829995549621713,-18.227832815934942,10.999059115525199
LSE:URNU,1D,1653289200,2022-05-23,11.426,11.426,11.34,11.371,463.0,5264.773,2.3584481051399804,8.886335344249744,-10.124881441669292,,2.549802207566786,3.439598515868938,,0.7526693506038884,48.0998796021244,-53.535139848490665,268.249379579709,,,35.67234674779306,,,,,,,,,,,,11.688500000000001,13.295770543499094,10.081229456500909,27.501741771811478,-2.7163451255507614,-14.47656258207766,12.793782237218892
LSE:URNU,1D,1653375600,2022-05-24,11.354,11.354,11.133,11.133,1559.0,17356.346999999998,-2.0930437076774364,1.273537705812779,-9.686055001216848,,2.167823699859026,3.4232770941481703,,1.9464505901004059,229.66942734283126,1478.8544528336213,46.0575106359989,,,33.74485736092612,,,,,,,,,,,,11.6143,13.179735926507401,10.048864073492599,26.957043067725156,-4.144029343137348,-15.529415292691548,10.788641567629409
LSE:URNU,1D,1653462000,2022-05-25,11.386,11.386,11.249,11.249,100201.0,1127161.049,1.0419473636935368,3.8497045790251088,-7.991166366759367,,2.067295764677997,3.4507618614153097,,1.2032320393465543,6394.229742007348,3715.8578102394185,7069.033545011156,,,35.57211548582643,,,,,,,,,,,,11.5343,12.999489967205609,10.069110032794391,25.405789119506316,-2.4734921061529476,-13.465835749107441,11.717917108491113
LSE:URNU,1D,1653548400,2022-05-26,11.372,11.66,11.372,11.574,824.0,9536.976,2.889145701840157,2.4701195219123497,-3.2759485208089543,,1.7434112848298748,3.526235317259137,,2.532536053464652,-99.15389411225121,-99.15564621513944,962.6749122513789,,,40.52149132819591,,,,,,,,,,,,11.476600000000001,12.836304291380962,10.11689570861904,23.69524582857224,0.8486834079779604,-9.833860764959791,14.402681744950543
LSE:URNU,1D,1653634800,2022-05-27,11.834,11.9,11.808,11.829,568.0,6718.872,2.203214100570251,6.481231433972461,7.516815124522813,,1.625509022883846,2.804274009881957,,0.7774209903667444,-29.54924076562634,-99.41465517435596,-67.32501284605192,,,44.146965682892485,,,,,,,,,,,,11.44525,12.740571099187397,10.149928900812602,22.6350861569192,3.3529193333479035,-7.154868428508178,16.54268828477185
LSE:URNU,1D,1653894000,2022-05-30,12.208,12.254,12.176,12.176,3327.0,40509.552,2.9334685941330587,9.339080459770125,13.423381462505828,,1.7356846965757249,2.7356535588770985,,0.6389252948885927,502.92191903640963,2078.2701837703908,205.06029921241463,,,48.72698781364222,,,,,,,,,,,,11.40845,12.569900726462368,10.246999273537632,20.36123621460177,6.7279078227103595,-3.1336820793908218,18.825030381761778
LSE:URNU,1D,1653980400,2022-05-31,12.24,12.318,11.993,11.993,1066.0,12784.538,-1.5029566360052549,7.957511927266184,8.908463494369776,,1.9396347702843137,2.762883317330271,,2.6552287581699288,-68.44068282957066,259.63346160770544,-34.850492657127845,,,46.55864743086159,,,,,,,,,,,,11.3755,12.426062420801314,10.324937579198687,18.470615283746877,5.428332820535358,-3.485113836836711,16.155665910871008
LSE:URNU,1D,1654066800,2022-06-01,12.0,12.0,11.613,11.613,32.0,371.616,-3.1685149670641275,2.1282209128484664,11.203677104280379,,2.3547382894890467,2.4975475489466046,,3.2250000000000036,-97.09323872321394,-92.94146205353964,-96.72026021443597,,,42.34483210410715,,,,,,,,,,,,11.3398,12.30353971589838,10.376060284101621,16.997472898964343,2.409213566376825,-5.612528848149926,11.921092226050757
LSE:URNU,1D,1654498800,2022-06-06,12.1,12.168,11.95,11.95,2105.0,25154.75,2.901920261775594,7.338543070151802,8.705539889020276,,2.267867477683631,2.2576740766034655,,1.801652892561983,6669.016942219926,44.93113095745322,2188.2516146638773,,,46.9319437607802,,,,,,,,,,,,11.326,12.245473327508748,10.406526672491253,16.23650587160069,5.509447289422557,-2.4129187954293663,14.831781785451847
LSE:URNU,1D,1654585200,2022-06-07,11.894,11.894,11.806,11.863,941.0,11163.082999999999,-0.7280334728033452,5.458262956707253,9.518094534711953,,2.3509927277230207,2.2166148121763785,,0.7398688414326633,-55.622365557200936,-99.00962839250843,-62.20882766513973,,-91.14518103623807,45.91629866074464,,,,,,,,,,,,11.32085,12.226984046375028,10.414715953624972,16.008233416660904,4.788951359659385,-2.976891480306953,13.906131024830632
LSE:URNU,1D,1654671600,2022-06-08,12.858,12.96,12.75,12.92,5917.0,76447.64,8.910056478125266,11.629514428892346,14.38689685701638,-4.5508274231678465,3.684781967044103,2.9532536155492917,3.523842837344086,1.6332244517032264,584.8255092253637,701.5920350433933,-93.23172731297035,,-40.56139445727635,57.850776711928404,,,,,,,,,,,,11.41675,12.546092618517509,10.287407381482492,19.783959857534036,13.167057174765143,2.980269577562493,25.590438104514256
LSE:URNU,1D,1654758000,2022-06-09,12.726,12.726,12.301,12.301,1663.0,20456.563000000002,-4.791021671826623,3.9901935920196085,10.7300387073544,-2.504557343267026,4.29674087730958,3.2510775978073148,3.413805042589386,3.3396196762533448,-73.24107977695583,204.4642463794518,-98.21783428788174,826.4852636465539,-84.16973971356894,50.78338711226236,,,,,,,,,,,,11.49505,12.641485427749812,10.34861457225019,19.946593146611992,7.011278767817446,-2.693397304421196,18.86615270207407
LSE:URNU,1D,1654844400,2022-06-10,12.276,12.276,11.657,11.657,726.0,8462.982,-5.235346719778881,-4.262483574244416,4.678520114942536,-9.276986535917194,4.615743867185783,3.603103300168416,3.5195072852522817,5.042359074617138,-58.62950193539355,-79.10867540574135,355.0694946314269,267.960378630861,-93.46133727158718,44.669210032637174,,,,,,,,,,,,11.5273,12.653680060192793,10.400919939807208,19.54282546984623,1.1251550666678207,-7.876602343758066,12.07662463957082
LSE:URNU,1D,1655103600,2022-06-13,11.7,11.7,10.868,11.013,9131.0,100559.703,-5.524577507077294,-8.171433336112736,-0.8641641911963281,-13.474230043997485,4.941583542273091,3.912936016809738,3.642977936029057,7.111111111111103,1088.2301415742108,686.5728350918898,2728.779114906832,7800.668054682589,-24.242775374663537,39.54222410482228,-0.040507870542613844,-0.060923322864277075,0.02041545232166323,,,,,,,,,11.555800000000001,12.596589431152985,10.515010568847018,18.013282181293956,-4.697208328285376,-12.571572962730412,4.735986025809457
LSE:URNU,1D,1655190000,2022-06-14,11.026,11.038,10.726,10.726,1143.0,12259.818000000001,-2.6060110778171164,-7.637991905622997,-5.672324333831673,-13.888888888888879,4.911625941168924,3.9093444915459106,3.6513308771275814,2.829675312896784,-87.80841864658252,3199.055476621029,132.86508269207428,-89.06388888888888,-90.5264690682251,37.47775614486576,-0.12061489112937451,-0.07286163651729656,-0.04775325461207795,,,,,,,,,11.542450000000002,12.618040344880315,10.46685965511969,18.637123745484065,-7.073454942408253,-14.99472416608651,2.4758175175641837
LSE:URNU,1D,1655276400,2022-06-15,10.6,10.61,10.438,10.548,319.0,3364.812,-1.6595189259742757,-11.732217573221753,-5.254648342764746,-18.30855018587361,4.644673186915403,3.897039062750878,3.576743763510313,1.6226415094339512,-72.55414395221854,-86.62355221180891,-80.61336293864142,,-97.40215987863608,36.21489086384241,-0.1962017033710879,-0.09752964988805482,-0.09867205348303307,,,,,,,,,11.528250000000003,12.64759192720527,10.408908072794738,19.419112652922436,-8.503025177281922,-16.600724780572634,1.3362777942942958
LSE:URNU,1D,1655362800,2022-06-16,10.436,10.58,10.292,10.353,266.0,2753.898,-1.84869169510808,-12.72865211160752,-7.965152457996274,-18.17104015175466,4.629006800330796,3.8965306350129505,3.5747049955340358,2.7596780375622867,-18.155962353914564,-75.33030973611858,-99.7556783919704,92.62392318259523,-97.87454709338222,34.83024330834961,-0.2687417790206226,-0.13177207571456837,-0.1369697033060542,,,,,,,,,11.481150000000003,12.709732154355024,10.252567845644982,21.40172638376853,-9.826106269842333,-18.542736587469967,0.9795804901469458
LSE:URNU,1D,1655449200,2022-06-17,10.3,10.472,10.181,10.181,10716.0,109099.59599999999,-1.66135419685116,-21.199690402476786,-12.035597027820984,-17.40893972580515,1.6420536782442523,3.7871700118762566,3.5617548302880744,2.8252427184466056,3861.64258806971,42.711529093638454,1043.9642503032405,818.0973048737261,-17.85171919680232,33.60958603072342,-0.336233384968029,-0.1726643375652605,-0.1635690474027685,,,,,,,,,11.434750000000001,12.780551304056365,10.088948695943637,23.538797158772404,-10.964384879424577,-20.339899603793345,0.9123973848075183
LSE:URNU,1D,1655708400,2022-06-20,10.212,10.212,10.117,10.117,257.0,2600.0690000000004,-0.6286219428346752,-17.754654093163154,-14.472905571054188,-17.250122689350565,1.7558802462901224,3.6936324516562986,3.5614782512490186,0.9302781041911367,-97.61679319142483,-87.28980523267765,-61.30200128831148,-83.46289388115325,-98.0357671512697,33.14412851080276,-0.3903851174343096,-0.21620849353907032,-0.17417662389523927,,,,,,,,,11.3838,12.843334254479846,9.924265745520156,25.642303176089616,-11.128094309457298,-21.22762049526882,1.9420505196250488
LSE:URNU,1D,1655794800,2022-06-21,10.32,10.544,10.32,10.518,5545.0,58322.310000000005,3.9636255807057403,-9.77095307540533,-13.616951379763464,-12.100952699314714,2.623062272174199,3.781346559906698,3.6394487542880634,2.1705426356589164,2143.106240642075,589.1460953125035,43.97174770039422,6398.669563764,-56.56822066255217,38.85770091157292,-0.3963742512191821,-0.25224164507509267,-0.14413260614408946,,,,,,,,,11.35425,12.858100507863012,9.850399492136988,26.489649388784148,-7.365083559019747,-18.19942616276789,6.7773952558565735
LSE:URNU,1D,1655881200,2022-06-22,10.286,10.286,9.912,10.006,1366.0,13668.196,-4.867845598022442,-9.143739217288656,-16.567997998832652,-9.052899472823126,2.48269374894221,3.912261063049098,3.4551251958815254,3.636010110830243,-76.56437819421076,-86.40787950616759,6.911927517443332,-33.52929945418748,-89.8040428671467,34.77165018256676,-0.4373928118629511,-0.28927187843266433,-0.14812093343028676,,,,,,,,,11.286000000000001,12.900445291733341,9.671554708266662,28.60969859530993,-11.34148502569556,-22.436785911476353,3.458030294213968
LSE:URNU,1D,1655967600,2022-06-23,9.992,9.992,9.769,9.902,2523.0,24982.746,-1.0393763741755044,-7.682267387656178,-14.73348833204168,-7.759664648346533,2.4275592322190818,3.874382338748129,3.43499283595935,2.2317854283426817,82.78012694579445,103.7774622755411,6622.731529320589,88.13449158627462,-81.41789305699581,33.98980038377255,-0.47284162362814897,-0.32598582747176125,-0.14685579615638772,,,,,,,,,11.224450000000001,12.947728674503903,9.501171325496099,30.70580161172979,-11.781869044808445,-23.523266134711477,4.218729046894346
LSE:URNU,1D,1656054000,2022-06-24,10.084,10.225,10.014,10.225,2645.0,27045.125,3.2619672793375116,-3.0621918847174854,-14.435146443514643,-7.146749001089728,2.8426247975366397,3.901682532725908,3.4555691846757557,2.092423641412141,8.255213418092634,703.7633306110416,7.514982259811766,37.82090285752955,-79.92084794007557,38.60692187053201,-0.4694600189014171,-0.3546806657576924,-0.11477935314372467,,,,,,,,,11.173250000000001,12.950569090653097,9.395930909346905,31.813824816469616,-8.486787640122627,-21.04594069630686,8.823703565426937
LSE:URNU,1D,1656313200,2022-06-27,10.7,10.722,10.638,10.702,7644.0,81806.088,4.665036674816629,3.371003573843333,-9.78673185534856,2.4801302307766,3.253482447547362,4.169748956853207,3.433943663020753,0.7850467289719592,202.47997744510334,2870.5562079641295,632.8270156192516,621.9890465290842,-40.305716944657966,44.75263603144285,-0.42340935971208005,-0.36842640454856995,-0.054982955163510094,,,,,,,,,11.129650000000002,12.90828838651927,9.351011613480733,31.962162089899838,-3.842438890710863,-17.092028938735215,14.447510519307205
LSE:URNU,1D,1656399600,2022-06-28,10.7,10.886,10.598,10.598,11268.0,119418.26400000001,-0.9717809755185873,4.095864846282306,-17.97213622291021,-3.5931956699717964,3.1956372786926237,3.2205057037149656,3.3036177465688126,2.691588785046715,45.9772333814569,9.458025857400994,56.20922241680712,10763.118711907578,-15.29761248931628,43.72490038286973,-0.39080090183197846,-0.3729013040052517,-0.017899597826726787,,,,,,,,,11.068100000000001,12.830800530436147,9.305399469563856,31.851908284821157,-4.247341458786968,-17.401880148784823,13.890865563203267
LSE:URNU,1D,1656486000,2022-06-29,10.444,10.444,10.207,10.207,1220.0,12452.54,-3.689375353840347,0.889591776218245,-17.02300625965368,-5.769940915805022,3.529379431204816,3.1481900230735196,3.358653142922071,2.269245499808503,-89.5723320848141,378.9311360583123,-39.126919805638906,-57.84353792346246,-91.13169074401117,40.005204798890524,-0.3919902764064638,-0.3767190984854941,-0.015271177920969659,,,,,,,,,10.969650000000001,12.693353486682064,9.24594651331794,31.426772717125196,-6.952364022553141,-19.58783775533202,10.394322369243127
LSE:URNU,1D,1656572400,2022-06-30,10.0,10.094,9.813,9.932,412.0,4091.9840000000004,-2.6942294503771955,-5.571401407111621,-14.797975465385601,-12.067286409915887,3.2716747625675247,2.9835392082148577,3.285360450016465,2.809999999999988,-67.13936273242246,-92.98384443277367,-51.6484378674089,-99.63771722000885,-96.02343837345974,37.58352509508242,-0.4103923188633214,-0.3834537425610596,-0.02693857630226182,,,,,,,,,10.866600000000002,12.579658948197583,9.15354105180242,31.528885726861777,-8.600666261756219,-21.047144116549678,8.504456841260286
LSE:URNU,1D,1656658800,2022-07-01,10.0,10.15,9.957,9.9955,2195.0,21940.1225,0.6393475634313275,-0.10493703777733757,-9.239081085989286,-10.023404446844902,2.820906167228036,2.742109238348148,3.281471943780089,1.9299999999999964,436.17322306245575,60.51951918160964,-78.1819935367152,-98.08858731355926,-66.43819029686082,38.50915290584351,-0.41506751088663485,-0.3897764962261746,-0.025291014660460243,,,,,,,,,10.785725000000001,12.502916994944036,9.068533005055967,31.841939136108778,-7.326582125911807,-20.05465601313671,10.221796562103512
LSE:URNU,1D,1656918000,2022-07-04,10.276,10.276,10.138,10.138,116.0,1176.008,1.4256415386924122,2.383356897596452,-5.482006339735231,-8.961925287356316,2.819975638328421,2.733532342948241,3.2948113546327615,1.3429349941611513,-94.6399205382741,-95.29271922309901,-90.40762269064679,-36.76397205588821,-98.20043296477304,40.636708668320985,-0.4026327751682999,-0.39234775201459965,-0.010285023153700223,,,,,,,,,10.695125,12.347007921850066,9.043242078149936,30.89039018898919,-5.209149028178735,-17.891038345742555,12.105812410962569
LSE:URNU,1D,1657004400,2022-07-05,10.458,10.458,9.8,9.8,998.0,9780.400000000001,-3.333990925231793,-4.156479217603902,-7.091391733029952,-11.783238815374915,2.8003700932649305,2.8227493355791444,3.3407207067960525,6.291834002677371,731.6610091087817,-63.836735825772664,190.66705658443922,175.1260239445495,-85.08107767459708,37.33685467449603,-0.4152650161278011,-0.3969312048372399,-0.018333811290561164,,,,,,,,,10.591975000000001,12.196225868006579,8.987724131993424,30.291817494028773,-7.4771230105811295,-19.647273623329763,9.037614596059242
LSE:URNU,1D,1657090800,2022-07-06,9.921,10.032,9.659,9.659,3066.0,29614.494000000002,-1.4387755102040818,-9.745841898710514,-6.703371003573834,-15.055843813209039,1.8116590816295355,2.810544146560857,3.307027036474728,3.759701642979532,202.79430289149727,-63.799156365966304,975.3664079061751,462.5027707747324,-55.37880541716422,36.0227202264026,-0.43167756940230717,-0.4038804777502534,-0.027797091652053796,,,,,,,,,10.428925000000001,11.676894561928478,9.180955438071525,23.93285140948806,-7.382592165539598,-17.281089173380487,5.2069151751475005
LSE:URNU,1D,1657177200,2022-07-07,9.925,10.175,9.925,10.175,3281.0,33384.175,5.342167926286365,-3.9913191168144935,-0.05893330714073717,-8.605048055330984,3.0006623984032115,3.153640658711351,3.452866423501375,2.5188916876574305,12.72917578804487,-72.04433067290277,-69.40027623933639,92.34563010292435,-50.10058028251262,43.816153346855224,-0.3984546117751826,-0.4027953045552392,0.00434069278005661,,,,,,,,,10.322625,11.230475145949166,9.414774854050835,17.589520997792043,-1.4301110424916113,-9.398312468817272,8.074809623536229
LSE:URNU,1D,1657263600,2022-07-08,10.11,10.52,10.11,10.436,401.0,4184.836,2.5651105651105572,2.24355834231409,3.1531086290402195,-7.227309094141707,2.8562609334251454,3.2116216062557243,3.48242150360195,4.055390702274977,-87.46461160115534,-66.39371565961643,60.95095937838572,-99.62872776665654,-85.7998630742108,47.31228588446569,-0.34706392290179444,-0.3916490282245503,0.044585105322755836,,,,,,,,,10.261575,10.936662348052055,9.586487651947946,13.157577624332607,1.6997878006056515,-4.577834920003986,8.861559925750651
LSE:URNU,1D,1657522800,2022-07-11,10.332,10.374,10.0425,10.0425,972.0,9761.310000000001,-3.7706017631276305,1.1125654450261784,-4.520821448944668,-13.232244686365988,3.0395276539358727,3.194488035319462,3.4913401922109193,3.208478513356563,133.25430196069811,138.54712041884818,-83.26316293027487,2.352255054432356,-66.88597207036638,42.97079657920559,-0.334235731643135,-0.3801663689082672,0.04593063726513219,,,,,,,,,10.213049999999999,10.798707826721458,9.62739217327854,11.468813463587445,-1.6699223052858714,-7.002762171694443,4.311736961060121
LSE:URNU,1D,1657609200,2022-07-12,10.098,10.134,9.9105,9.9105,97.0,961.3185000000001,-1.3144137415982042,-0.8503826722024819,-0.9544273435938385,-16.218615267562768,3.076230101694263,2.951749707825037,3.460485527818354,2.2133095662507385,-90.15174705034468,-95.6184451568126,-92.96674923303705,-85.69226352280562,-96.71747558294837,41.59203598608013,-0.33090611476933596,-0.370314318080481,0.03940820331114503,,,,,,,,,10.172275,10.721846148715063,9.622703851284939,10.805275097558056,-2.5734164678009597,-7.567224314371421,2.990803345534028
LSE:URNU,1D,1657695600,2022-07-13,9.954001,10.09,9.653,9.9315,1015.0,10080.4725,0.2118964734372536,-2.0368909055040456,0.297919612199561,-18.433804204993432,3.020461649842118,2.938603648761801,3.4037368799426253,4.390194455475737,948.6090197993693,757.1772045768396,-59.65026222497719,-75.11581342592977,-64.3442352847346,41.91136375385797,-0.32285121705032793,-0.3608216978744504,0.037970480824122466,,,,,,,,,10.14145,10.672099027135609,9.610800972864393,10.464953771612697,-2.0702167835960434,-6.939581662918524,3.336860559708648
LSE:URNU,1D,1657782000,2022-07-14,9.953,9.953,9.622,9.622,132.0,1270.104,-3.1163469767910175,-1.8163265306122531,-5.89731051344743,-19.769865755023766,2.989500425630045,2.9017112386554604,3.4299143453815963,3.325630463176927,-87.40035251323786,-87.01378266737557,-95.30375991976373,-90.06531170700107,-95.44566998395568,38.56492309028241,-0.3375506422898482,-0.35616748675752996,0.018616844467681748,,,,,,,,,10.1049,10.671697812275221,9.53810218772478,11.218276524759684,-4.778869657294983,-9.836277514040892,0.8796069765659834
LSE:URNU,1D,1657868400,2022-07-15,9.838,10.079,9.838,10.079,200.0,2015.8000000000002,4.7495323217626355,4.348276219070296,-5.821341805270037,-13.209334366658046,3.386237524649435,2.9122907713782085,3.5309202738394307,2.4496848953039385,58.71141260873126,-93.1931978982994,-97.53588021468525,442.44166020838725,-92.7859358243715,45.48636683913494,-0.3087647145739183,-0.3466869323208076,0.03792221774688931,,,,,,,,,10.099800000000002,10.66560176740617,9.533998232593834,11.204217259869846,-0.20594467217173862,-5.499940652189079,5.716403067319346
LSE:URNU,1D,1658127600,2022-07-18,10.334,10.49,10.334,10.476,1632.0,17096.832000000002,3.938882825677153,2.9582309582309594,-1.1511605963389306,-12.334728033472791,3.1357905106303616,3.109586389485801,3.5680476893380626,1.509580027095032,748.1412838575257,-48.787615689170096,-85.68323518754217,-32.033385344716194,-38.22069290599662,50.68423274847065,-0.25102343542811667,-0.32755423294226943,0.07653079751415276,,,,,,,,,10.117750000000001,10.706892554904961,9.52860744509504,11.645722713151835,3.5408069976032213,-2.156485214743145,9.94261291971516
LSE:URNU,1D,1658214000,2022-07-19,10.38,10.645,10.298,10.645,334.0,3555.43,1.613211149293611,2.002683020314293,4.291172724600752,-10.26721739863441,3.0615873259353745,2.9607367330579084,3.5850339051946754,3.342967244701344,-79.20415899273034,-15.040159279837976,-71.44815435244536,-68.15010691938777,-87.03365768967532,52.7496411384913,-0.18944239409817776,-0.2999318651734511,0.11048947107527335,,,,,,,,,10.1241,10.732775742904298,9.515424257095702,12.024293377273988,5.145148704576202,-0.817828910310824,11.870997155612548
LSE:URNU,1D,1658300400,2022-07-20,10.916,10.916,10.736,10.896,498.0,5426.2080000000005,2.357914513856282,8.498879761015687,9.706000805477249,-15.665634674922593,2.606075544610661,2.875068866265379,3.1959542856509215,1.648955661414435,52.617489305091105,-44.41106777676357,32.6057970901157,-92.90205950111736,-78.34114842791722,55.71609599435279,-0.11901345979012845,-0.2637481840967866,0.14473472430665812,,,,,,,,,10.168600000000001,10.860656038193449,9.476543961806554,13.611628703920845,7.153393780854782,0.32543118649792857,14.978625582430686
LSE:URNU,1D,1658386800,2022-07-21,10.992,10.992,10.77,10.77,446.0,4803.42,-1.156387665198249,8.672619948539415,7.748486819068578,-12.446142590033334,2.5847434399309304,2.914916141933111,3.0989901957172377,2.0196506550218456,-11.477407427065096,399.66998450565546,-78.10668559393868,-76.51892940177683,-80.41922116400667,53.8871562208616,-0.07252909861099965,-0.2255043669996292,0.15297526838862954,,,,,,,,,10.212000000000002,10.939687158056298,9.484312841943705,14.251609049281166,5.464159811985879,-1.5511152705252265,13.555933671551129
LSE:URNU,1D,1658473200,2022-07-22,10.826,10.826,10.626,10.626,108.0,1147.608,-1.3370473537604468,6.992901374414738,4.813572696784371,-8.844471133224676,2.7247998998503644,2.944133074954596,2.972412634543419,1.8474043968224743,-76.10852267759222,-88.6155336468603,-2.4149495581662785,-86.43967339171937,-95.27489421622735,51.79458747127928,-0.04677036436967619,-0.1897575664736386,0.1429872021039624,,,,,,,,,10.232050000000003,10.981827293601194,9.482272706398811,14.655465788403909,3.8501571043925367,-3.2401465083003558,12.06174225330368
LSE:URNU,1D,1658732400,2022-07-25,10.582,10.582,10.5,10.558,245.0,2586.71,-0.6399397703745494,9.727707337351902,7.734693877551011,-4.131480977027151,2.2930186036143074,2.7785197177707017,2.809097959059067,0.7749007749007818,125.4001366320207,103.66127498220618,-73.55210420841684,-97.4276873112881,-87.69504248916672,50.791550265543385,-0.03148052569776105,-0.15810215831846308,0.12662163262070203,,,,,,,,,10.224850000000002,10.959041194444612,9.490658805555391,14.360918633419766,3.2582385071663444,-3.6594551232083106,11.246228700370482
LSE:URNU,1D,1658818800,2022-07-26,10.862,10.876,10.737,10.737,5.0,53.685,1.6953968554650527,6.528425439031644,11.16057562894709,0.10255454036918919,1.8555687484122927,2.7334020497860223,2.7872867623443898,1.279690664702627,-97.92458373764357,-97.33678936402421,-99.81872052245768,-99.56210606062831,-99.73958053797195,53.35243730929861,-0.004863352656256481,-0.12745439718602175,0.12259104452976527,,,,,,,,,10.231800000000002,10.98243629009,9.481163709910003,14.672614595476812,4.937547645575544,-2.234807319678869,13.245592297677112
LSE:URNU,1D,1658905200,2022-07-27,10.908,11.232,10.886,11.161,107.0,1194.2269999999999,3.948961534879384,6.538755250095443,9.690417690417679,5.811528251801286,1.8579095540623343,2.5875356910255634,2.854173371639907,3.1719838650531726,2124.507776846419,-93.01492229671557,-96.42277516218388,-64.50835886224847,-94.18654504876697,58.81934230921172,0.04986934249200203,-0.091989649250417,0.14185899174241903,,,,,,,,,10.279500000000002,11.132092047816549,9.426907952183456,16.588200745494362,8.57531981127484,0.2596812176837916,18.395130795934996
LSE:URNU,1D,1658991600,2022-07-28,11.644,11.644,11.406,11.45,5081.0,58177.45,2.5893737120329696,7.562235791451383,9.716366423917204,10.595962522940207,1.939115786134949,2.5887947205687323,2.8576634304187434,2.0439711439367874,4771.557082531211,1536.2985630430076,1290.196652867639,2012.5491939062374,159.8377135460904,62.08133012265382,0.1152369031638063,-0.05054433876757233,0.16578124193137864,,,,,,,,,10.355400000000001,11.331992422661651,9.378807577338351,18.861510374522467,10.570330455607682,1.0413665394124105,22.083750045860732
LSE:URNU,1D,1659078000,2022-07-29,11.49,11.75,11.49,11.656,37.0,431.27200000000005,1.7991266375545965,6.975036710719527,16.066716455065972,14.48777133876831,1.8952730784466545,2.281219770517838,2.842862798868916,2.2628372497824176,-99.25869559425516,-92.05205550542847,-95.58182252177218,-99.604698811167,-97.70204460148922,64.25483407450668,0.18157061134640173,-0.004121348744777514,0.18569196009117925,,,,,,,,,10.438425000000002,11.551334083213904,9.3255159167861,21.323314258882952,11.664355494243605,0.9060937553368348,24.990403791161683
LSE:URNU,1D,1659337200,2022-08-01,11.86,11.9,11.636,11.636,2155.0,25075.579999999998,-0.1715854495538894,8.040854224698233,17.4108269007618,15.014332311950165,1.7629828412331177,2.2129409412776444,2.8380356962734563,2.225969645868475,5714.330631248955,422.0359660408625,2508.4570306303262,864.41979039787,28.481868733984612,63.87203966793582,0.22987684298408873,0.042678289600995734,0.187198553383093,,,,,,,,,10.513325000000002,11.73189495182885,9.294755048171154,23.18143787676776,10.678591216384895,-0.8173867241617357,25.18888275909445
LSE:URNU,1D,1659423600,2022-08-02,11.452,11.452,11.351,11.351,144.0,1634.544,-2.4492952904778136,6.82288725766988,14.292906408900983,7.9197566077201005,2.0105753342041925,2.3945495084175783,2.8110531425961702,0.8819420188613264,-93.48153063657949,42.43051634355984,-83.7850457902643,-97.19739495915027,-90.72716560118502,58.52175752452683,0.24236888380582045,0.08261640844196068,0.15975247536385978,,,,,,,,,10.590875,11.81538718348381,9.36636281651619,23.123909657772565,7.177169025222188,-3.9303594226091496,21.18898469301443
LSE:URNU,1D,1659510000,2022-08-03,11.596,11.778,11.48,11.48,29012.0,333057.76,1.1364637476874244,8.732714529266913,19.309914778632304,14.731161303218071,1.9007897370645561,2.107212670730086,2.6452910106432825,2.569851672990687,20276.188098943803,12775.728628257515,26122.873087558186,2336.7353233740578,1077.983502952669,60.148936590697616,0.2596846550045466,0.11803005775447786,0.14165459725006876,,,,,,,,,10.681925000000001,11.88637513491644,9.477474865083563,22.551181269601468,7.471265712874775,-3.418831479773049,21.129310954904664
LSE:URNU,1D,1659596400,2022-08-04,11.606,11.668,11.434,11.464,1259.0,14433.176000000001,-0.13937282229965167,6.770978858154049,13.741442603432876,15.774590991718856,1.9433556254176099,1.9000476690858425,2.63280611174549,2.016198518007927,-95.66646457959726,26784.93247648319,616.00238118861,-42.2274236787261,-48.30875773669271,59.835400053865115,0.26901541984680044,0.14822713017294237,0.12078828967385807,,,,,,,,,10.746375000000002,11.97316699031462,9.519583009685384,22.831736102911318,6.6778332228309365,-4.252567351031664,20.425442882701205
LSE:URNU,1D,1659682800,2022-08-05,11.6,11.62,11.44,11.44,1029.0,11771.76,-0.20935101186323196,2.4997760057342524,9.20198549064527,11.882640586797065,1.5302738725114877,1.724950213794828,2.585788023466748,1.551724137931032,-18.439572828599893,885.7221449523416,-31.146542236596826,-56.47363434260333,-57.05741101443941,59.33576523793668,0.27134561543720714,0.1728508272257953,0.09849478821141183,,,,,,,,,10.796575,12.050327378861258,9.542822621138743,23.225001981855495,5.959528832060156,-5.0648198980211765,19.880673194728903
LSE:URNU,1D,1659942000,2022-08-08,11.726,12.004,11.726,11.934,9851.0,117561.83399999999,4.318181818181817,4.22707423580786,12.108971348050726,11.51186694075873,1.9510008111835084,1.9582364108475805,2.567438867766504,2.3707999317755304,898.6767824012721,102.07457356759362,3206.5433435618197,43.707927947856376,310.9886261248944,65.68694335226147,0.30948641693468026,0.2001779451675723,0.10930847176710795,,,,,,,,,10.891150000000001,12.187737293629024,9.59456270637098,23.809924454791677,9.575205556805274,-2.081906489415899,24.38294860562626
LSE:URNU,1D,1660028400,2022-08-09,11.912,11.912,11.522,11.522,914.0,10531.108,-3.4523210993799154,-1.1496225120109842,5.745227606461081,8.71862615587846,2.3242462713842116,2.193817486778647,2.648830011801062,3.2740094022834163,-91.04206897622915,2341.8714871357283,94.07859042631611,-91.18132549640816,-57.83352344078001,57.60596252353161,0.30297580366991106,0.22073751686804005,0.08223828680187101,,,,,,,,,10.971725000000003,12.21367054932982,9.729779450670186,22.639020743407556,5.015391836743969,-5.663085036854643,18.41995040500498
LSE:URNU,1D,1660114800,2022-08-10,11.32,11.842,11.32,11.725,8634.0,101233.65,1.7618469015795817,0.7648676521141321,8.867223769730735,14.87214656608209,2.416899417782352,2.172312653439606,2.553222768269269,4.611307420494701,861.2820417376784,303.71409155840064,2007.5327579099892,712.955830697994,262.397243393002,60.20378964433387,0.31061591232378305,0.23871319595918866,0.07190271636459439,,,,,,,,,11.0614,12.247710819305052,9.87508918069495,21.449560079285643,5.999240602455375,-4.267824632837889,18.733104941689895
LSE:URNU,1D,1660201200,2022-08-11,11.882,12.01484,11.802,11.916,356.0,4242.0960000000005,1.6289978678038441,4.977535018941058,12.140033879164323,19.975835682641964,2.2052713478662653,2.113775030527135,2.4903450993233007,1.7912809291365084,-95.80959888337523,159.52779490793765,269.64677834243054,3.668440541311991,-84.81682154020206,62.53031364710075,0.3282984371970592,0.2566302442067628,0.07166819299029642,,,,,,,,,11.176100000000002,12.218406461651412,10.133793538348591,18.652418315000943,6.620377412514192,-2.475007380058456,17.586765063913454
LSE:URNU,1D,1660287600,2022-08-12,11.9,11.954,11.702,11.76,4653.0,54719.28,-1.309164149043308,2.4390243902438966,11.38473195681,17.652943824721124,2.3032672782165404,2.1539784299280322,2.5147981177803764,2.1176470588235348,1189.9114022879255,-83.5706335141388,2015.4006440613753,149.40280073641338,88.4786439749416,59.4721858180018,0.3259665300499428,0.2704975013753988,0.05546902867454401,,,,,,,,,11.260150000000001,12.201217112378412,10.31908288762159,16.715001352174006,4.439106050985099,-3.616172946638148,13.963616031293663
LSE:URNU,1D,1660546800,2022-08-15,11.768,11.802,11.432,11.432,866.0,9900.112000000001,-2.7891156462584985,-0.2791346824842989,6.472944025332963,12.763858749260216,2.559561568637188,2.323243747326418,2.5802207708381473,3.1441196464989734,-81.9074519986374,-31.407252291526135,18341.11390518767,741.8405316970634,-66.23759615713709,53.54291892189736,0.29425957681445425,0.2752499164632099,0.01900966035124435,,,,,,,,,11.307950000000002,12.179383411110793,10.43651658888921,15.412756708524377,1.097015816306215,-6.136463447147767,9.538464320275107
LSE:URNU,1D,1660633200,2022-08-16,11.564,11.564,11.338,11.38,177.0,2014.2600000000002,-0.45486354093771514,-0.5244755244755133,1.9621897679419513,16.122448979591837,2.5637689280761844,2.1210417804065402,2.4902502641376287,1.9543410584572887,-79.65416956899072,-82.88904972578442,68.66642606472642,-79.40513680422069,-93.06957467242152,52.646784553019494,0.2619164131477394,0.2725832158001158,-0.010666802652376406,,,,,,,,,11.344700000000001,12.161481268149686,10.527918731850317,14.39934538858999,0.3111585145486389,-6.4258723992474955,8.093539567054844
LSE:URNU,1D,1660719600,2022-08-17,11.57,11.57,11.1,11.228,1606.0,18032.167999999998,-1.3356766256590598,-5.915870621752971,-1.9388646288209566,16.243917589812597,1.8555809859882033,2.039412152586662,2.4876002558298644,4.062229904926539,795.2254425943024,-84.66154585509445,-69.00488419482119,-39.11032888152674,-37.1218145604896,50.011855154973546,0.22146616909948236,0.26235980645998913,-0.040893637360506774,,,,,,,,,11.361300000000004,12.154071619068226,10.568528380931781,13.955649777194903,-1.1732812266202257,-7.619435264930767,6.239956929652264
LSE:URNU,1D,1660806000,2022-08-18,11.12,11.12,11.0,11.1,398.0,4417.8,-1.1400071250445325,-3.662558583579245,-4.770075497597811,9.09090909090908,1.5422924661396804,1.9816115824006606,2.337550102357092,1.079136690647475,-75.5004500845378,-58.04999815783866,924.3651338366507,-86.76678396276081,-84.05839622580132,47.84043762140601,0.17703972525427325,0.24529579021884595,-0.0682560649645727,,,,,,,,,11.377800000000002,12.133528946117599,10.622071053882406,13.284271935129746,-2.4415967937562852,-8.517958383808038,4.499395115069473
LSE:URNU,1D,1660892400,2022-08-19,11.0,11.182,10.839,10.839,1183.0,12822.537,-2.3513513513513447,-7.556503198294237,-6.8494327947748275,3.8616328095055623,1.3300452065452735,2.0476633647013305,2.3465645328839133,3.1181818181818177,190.247113948119,-87.33372055635651,-48.86444500984623,206.40476711632186,-54.205743565437146,43.67624430089852,0.1193946228085494,0.22011555673678665,-0.10072093392823725,,,,,,,,,11.388450000000002,12.106567671416078,10.670332328583926,12.61133291037983,-4.824624948961464,-10.470082898961017,1.5807161972288641
LSE:URNU,1D,1661151600,2022-08-22,10.8,10.852,10.546,10.546,1385.0,14606.21,-2.703201402343399,-11.497146693521323,-7.0918861774293145,5.013691809808304,0.8247494432475507,2.066026042215887,2.2943014767174676,2.833333333333342,13.910453134196446,244.3158759254858,793.5954003073639,49.633706951218606,-48.134697081986715,39.51771851046267,0.04949723915097515,0.18599189321962434,-0.1364946540686492,,,,,,,,,11.387850000000002,12.108756727670167,10.666943272329837,12.660980389979937,-7.392528001334778,-12.906004826235007,-1.1338137762817722
LSE:URNU,1D,1661238000,2022-08-23,10.426,11.006,10.426,10.918,550.0,6004.9,3.5274037549781903,-7.159863945578236,-4.8954703832752715,10.165985570859174,2.0299935712255004,2.2820014447635324,2.352406466414463,5.563015538077883,-58.888034609936454,-89.02598864604944,-98.19703945645944,524.6524955048716,-78.80369157501723,46.48452148635844,0.023845474300728142,0.1535626094358451,-0.12971713513511696,,,,,,,,,11.396900000000002,12.088860663621901,10.704939336378104,12.142962799040065,-4.202019847502417,-9.68545089733133,1.9903023915124995
LSE:URNU,1D,1661324400,2022-08-24,10.892,12.0045,10.892,11.811,4951.0,58476.261,8.179153691152234,3.3152554233729843,3.0268667131891096,18.92463374112672,3.6545347346946087,3.166401153047774,2.739606920589061,10.213918472273235,873.8090725907176,490.66262078651226,305.15172128435205,480.09444497765355,95.29110243802174,58.76389484408619,0.0747126616767364,0.13779261988402336,-0.06307995820728696,,,,,,,,,11.429400000000001,12.134914393900093,10.723885606099909,12.345606836755946,3.3387579400493363,-2.66927629965743,10.13731807509886
LSE:URNU,1D,1661410800,2022-08-25,11.98,13.0,11.98,12.152,3303.0,40138.056,2.8871391076115427,6.783831282952535,6.2237762237762215,26.29390979006443,3.712315574324975,3.23318215727413,2.6782200321755476,8.514190317195322,-31.36008473592387,1892.6948854666225,240.96903096903094,3060.2180608832027,28.48813991374511,62.31940667037384,0.14091672401774957,0.1384174407107686,0.0024992833069809595,,,,,,,,,11.464500000000003,12.23726632949422,10.691733670505785,13.481029778781759,5.996772645994124,-0.6967759563156065,13.657900341480675
LSE:URNU,1D,1661497200,2022-08-26,12.4,12.4,11.882,11.882,588.0,6986.616,-2.221856484529292,5.824723904524403,-0.43572984749455,17.88867943248337,3.8040929512052437,3.115694226927302,2.6288638942398883,4.177419354838715,-82.59353666754564,-61.2547088070608,-94.05707127706088,246.5927175315011,-77.75276101011475,58.051343553570305,0.16964165349839888,0.14466228326829467,0.024979370230104214,,,,,,,,,11.475800000000003,12.265853061509166,10.68574693849084,13.769028067919663,3.5396225099774874,-3.1294444795993464,11.194847383107758
LSE:URNU,1D,1661842800,2022-08-30,12.84,13.066,12.395,12.395,4549.0,56384.854999999996,4.317454973910116,11.666666666666666,7.576809581669843,18.318060328369594,3.868402103134917,3.140331617920809,2.645791582732239,5.2258566978193235,707.0409909461174,1176.3107202680064,435.4123706641314,229.79709340303506,72.35685663581457,63.207281536954845,0.23113677883510597,0.16195718238165693,0.06917959645344904,,,,,,,,,11.513750000000002,12.398213651033835,10.629286348966168,15.363607009598665,7.653892085549867,-0.025920274680598408,16.61177987932905
LSE:URNU,1D,1661929200,2022-08-31,12.904,12.918,12.666,12.666,10255.0,129889.83,2.186365469947566,16.855798505397175,8.025586353944568,18.985439173320817,3.504633628799206,3.1537031146312517,2.6551159357165357,1.9528828270303698,130.36297601545667,912.9807385231177,28.306971051621677,3553.2804752167813,251.76505589923454,65.61183915396582,0.2983009165908168,0.1892259292234889,0.1090749873673279,,,,,,,,,11.579500000000001,12.592032567377537,10.566967432622466,17.48836421913788,9.382961267757667,0.5874145593785458,19.86409611614186
LSE:URNU,1D,1662015600,2022-09-01,12.75,12.84,12.05,12.05,8833.0,106437.65000000001,-4.86341386388757,14.261331310449474,1.1245384357166863,10.591042584434653,3.993525986385206,3.433457042737307,2.80913642550601,6.196078431372543,-18.055439752288528,628.7150465452709,2409.0815955131616,1861.547548490585,164.16431333426817,56.56283865598316,0.29838335025593565,0.21105741342997825,0.0873259368259574,,,,,,,,,11.608,12.639633268172542,10.57636673182746,17.774522194564803,3.8077188146106145,-4.664955506717729,13.933265605644488
LSE:URNU,1D,1662102000,2022-09-02,12.2,12.212,11.988,12.176,1934.0,23548.384000000002,1.0456431535269661,11.522256823594073,3.5374149659863976,13.054781801299914,3.952293920663965,3.4160889072641827,2.796903795625079,1.8360655737704936,-77.87588884196522,292.15280853969267,-56.96510626601812,390.24203588276686,-42.448474850350046,57.84356629141613,0.3050988370276855,0.22986569814951968,0.0752331388781658,,,,,,,,,11.643600000000003,12.701699881863714,10.585500118136292,18.174789272453726,4.572468995843186,-4.138815172403351,15.025269133375021
LSE:URNU,1D,1662361200,2022-09-05,12.2096,12.314,12.108,12.246,4008.0,49081.968,0.5749014454664938,3.6830073660147367,7.120363890832751,15.245623941276126,2.9171247625671035,3.3064836986629906,2.7772060657014093,1.687196959769358,108.43030247850551,-16.065139664110877,395.7718458134615,4176.8931551540245,15.446623480389366,58.57433015403193,0.31246739404797097,0.24638603732920994,0.06608135671876103,,,,,,,,,11.683900000000003,12.768964772260166,10.59883522773984,18.573674411115505,4.8108936228485115,-4.095592568289293,15.540998014094152
LSE:URNU,1D,1662447600,2022-09-06,12.45,12.63,12.406,12.489,16903.0,211101.567,1.9843214110730063,2.7732060566162073,9.745166959578206,18.289448759234713,2.8300833214467165,3.3133977343224514,2.780865461672068,1.799196787148596,330.10004611062055,425.938692696029,10380.353430043786,8061.006336234058,326.7665210970332,61.095520988222326,0.33406421343368997,0.26392167255010596,0.07014254088358401,,,,,,,,,11.711650000000002,12.84805332188894,10.575246678111064,19.406374368922194,6.637408050957792,-2.7946126381436223,18.096535997123127
LSE:URNU,1D,1662534000,2022-09-07,12.44,12.474,12.18,12.292,1980.0,24338.16,-1.5773881015293534,3.4505975425012636,9.476309226932669,14.482630157399642,2.7516504358376555,3.3246773592347765,2.7998709553629677,2.3633440514469495,-88.47087667520725,248.35405294923896,34.97079219758824,45235.12154233026,-51.58977714968446,58.01299933869588,0.33146269912411164,0.2774298778649071,0.054032821259204555,,,,,,,,,11.750150000000001,12.910172116168626,10.590127883831377,19.744805235143797,4.6114304923766785,-4.788256195240271,16.070364162145573
LSE:URNU,1D,1662620400,2022-09-08,12.438,12.81,12.372,12.742,1965.0,25038.030000000002,3.6609176700292965,2.7995159338443028,14.792792792792806,14.165397365827449,2.629215355253923,3.364231989475486,2.788465485457709,3.521466473709604,2.8756076876805916,-55.594405625411284,466.7533614016026,1996.5888394752426,-50.97275929960183,62.648871598011056,0.3615445588630557,0.2942528140645368,0.0672917447985189,,,,,,,,,11.801000000000002,13.038713698720448,10.563286301279556,20.97642062063293,7.973900516905337,-2.2756362749921046,20.625339847662108
LSE:URNU,1D,1662706800,2022-09-09,12.996,13.332,12.889,12.889,6283.0,80981.587,1.1536650447339387,1.760618979946305,18.91318387305101,12.567685589519654,2.554445137919961,3.229814630169319,2.7640830814650403,3.408741151123433,223.43433968247498,-37.65363539239369,531.556664644446,39.197553347559925,56.245323170984385,64.04543343638773,0.3927192973039588,0.3139461107124212,0.07877318659153765,,,,,,,,,11.84965,13.175007200908626,10.524292799091375,22.369558609893545,8.771145139307903,-2.1708314579813024,22.469036599901358
LSE:URNU,1D,1662966000,2022-09-12,13.212,13.212,12.882,12.97,13031.0,169012.07,0.628442858251232,7.634854771784232,22.985018016309514,11.273164035689772,1.4641006921614628,3.043724546440078,2.7527631780561728,2.4977293369663944,108.70431941522708,58.7897421636047,1057.1247435166276,39089.20542024523,194.194322740648,64.82586045017254,0.4191300548026273,0.3349828995304624,0.08414715527216493,,,,,,,,,11.910150000000002,13.321305593830882,10.498994406169121,23.696688854983023,8.898712442748403,-2.637170894071911,23.53564063601117
LSE:URNU,1D,1663052400,2022-09-13,13.01,13.064,12.568,12.568,590.0,7415.12,-3.0994602929838164,3.2194480946123476,15.112657995969961,8.009625300790653,2.0671338700578628,3.207853138287818,2.822117147697825,3.8124519600307485,-95.6126683733298,-68.51113010557329,23.484487668404142,-70.42891929119885,-86.9590890392311,58.08704952760811,0.4029774567767692,0.34858181097972374,0.05439564579704548,,,,,,,,,11.96695,13.387964774729774,10.545935225270227,23.74898825063651,5.022583030763887,-6.124640963184224,19.173878196070174
LSE:URNU,1D,1663138800,2022-09-14,12.768,12.768,12.372,12.661,3817.0,48327.037,0.7399745385105027,3.3888616691164395,7.196681060028784,11.540833406748293,2.069079045130738,2.5290949568525947,2.7763799746001085,3.1015037593985024,551.7364115482958,-1.538102547151337,-17.356143888885104,2856.60667439971,-17.272109726867345,59.14513402207727,0.3931487551123283,0.35749519980624467,0.035653555306083606,,,,,,,,,12.031000000000002,13.455890311567943,10.606109688432062,23.686980493191598,5.236472446180676,-5.907378056467817,19.374590419418148
LSE:URNU,1D,1663225200,2022-09-15,12.68,12.694,12.4,12.4,1316.0,16318.4,-2.061448542769128,-0.7126271118584387,2.0408163265306216,8.013937282229964,2.1372910336926108,2.5207211411574404,2.8073832034287283,2.3186119873817073,-66.23339436266286,-92.26988210845445,-59.34431901734354,-95.1004294270159,-65.90309036062314,54.95236672069535,0.3601473648611293,0.3580256328172216,0.002121732043907698,,,,,,,,,12.0896,13.473379953605416,10.705820046394585,22.892071757633264,2.5674960296453113,-7.96667174310767,15.824849906532537
LSE:URNU,1D,1663311600,2022-09-16,11.938,11.976,11.658,11.774,6481.0,76307.294,-5.048387096774203,-4.214123006833718,-0.9089378892442395,2.704117236566632,2.743885019795778,2.8021929756633295,2.9665566855401586,2.663762774334071,367.61504804392587,213.5294286831872,992.1924720064764,428.69371231945064,52.855018754165684,46.44758143817334,0.2802500093667586,0.342470508127129,-0.06222049876037039,,,,,,,,,12.1233,13.440252254259896,10.806347745740105,21.72596989697352,-2.8812287083549966,-12.397477537906903,8.954480061418952
LSE:URNU,1D,1663657200,2022-09-20,11.478,11.968,11.478,11.608,7531.0,87419.848,-1.4098861899099593,-8.899701773661906,-6.349334409035894,1.4685314685314776,2.1307678346641197,2.5445049742607777,2.978970737418958,4.2690364174943385,14.56289879706651,249.14826765524282,55.04136350089045,642.6234309907779,66.69511832147616,44.48161570447501,0.20121646863052334,0.3142197002278079,-0.11300323159728454,,,,,,,,,12.161750000000001,13.36660316532769,10.956896834672312,19.813812409031417,-4.553209858778554,-13.1566946633788,5.942404817277454
LSE:URNU,1D,1663743600,2022-09-21,11.76,11.76,11.509,11.509,1526.0,17562.734,-0.8528600964851843,-10.706804251687478,-9.134691299542082,-3.5612535612535523,1.9043995050749563,2.4390893234224675,2.877352023804644,2.134353741496594,-79.90990101012301,-78.31268236321425,-86.47874587255984,-85.06085401832027,-64.23771509067367,43.3043983968074,0.12910510231432148,0.2771967806451106,-0.14809167833078912,,,,,,,,,12.209900000000001,13.212638430499299,11.207161569500704,16.42500643738765,-5.7404237544943095,-12.894006291481622,2.693263844082727
LSE:URNU,1D,1663830000,2022-09-22,11.422,11.5,11.164,11.164,809.0,9031.676,-2.997654009905297,-13.924441017733239,-7.352697095435692,-3.1070994618989807,1.7153142351955484,2.2488858765229485,2.8606976308298004,2.9416914725967453,-48.57477201442555,-94.65619467296034,-91.51458529946875,-14.238121952599867,-81.59042721576675,39.39192110325123,0.043614942353601194,0.2304804129868087,-0.18686547063320752,,,,,,,,,12.222200000000003,13.165523613613066,11.278876386386939,15.436232652273135,-8.658015741846825,-15.202764981891828,-1.0185091355872058
LSE:URNU,1D,1663916400,2022-09-23,11.05,11.052,10.41,10.419,15437.0,160838.103,-6.673235399498381,-17.09898154042011,-14.430026281208933,-11.138592750533043,2.349978139523491,2.698981542681074,3.0739407241035326,5.809954751131217,1680.8223302075937,2069.0559694246354,583.0112121494196,58.878103278899864,215.0816296232632,32.552412999846425,-0.08329176351139189,0.16772597768716857,-0.25101774119856046,,,,,,,,,12.152600000000001,13.372014515249097,10.933185484750906,20.068372451147827,-14.265260108947885,-22.08354254986454,-4.7029796162158535
LSE:URNU,1D,1664175600,2022-09-26,10.478,10.478,10.116,10.337,14435.0,149214.595,-0.7870237066897086,-18.355580127951978,-15.588763677935658,-13.251090970124208,2.084294207933278,2.6622396006928724,3.0527230037749296,3.45485779728956,-7.2268372874305795,208.7600735795162,204.0110270232033,3417.4733197928567,167.03207362143016,31.89597183244217,-0.18831221097243933,0.09651833995524699,-0.28483055092768633,,,,,,,,,12.061850000000002,13.515572844974296,10.608127155025707,24.104475598258873,-14.300045183781936,-23.517855154443073,-2.5558437513379397
LSE:URNU,1D,1664262000,2022-09-27,10.35,10.67,10.34,10.67,9671.0,103189.56999999999,3.221437554416177,-13.95161290322581,-14.56481703899432,-9.268707482993197,2.98766877680023,2.783162028005536,3.116709520228861,3.1884057971014497,-30.844854687304558,532.3510270614765,-51.11852011974881,88.57991187018541,79.47703960904028,37.41541263687584,-0.24188307766160833,0.028838056431875925,-0.27072113409348425,,,,,,,,,12.001250000000002,13.575924807698451,10.426575192301554,26.241846602619695,-11.09259452140404,-21.4049860238663,2.334657384700763
LSE:URNU,1D,1664348400,2022-09-28,10.612,10.858,10.266,10.858,7192.0,78090.736,1.761949390815376,-7.779853915406817,-11.666124308493323,-5.020993701889432,2.9708700912196293,2.871889452591469,3.101383361363977,5.578590275160201,-24.32303381049072,2.3371841753424123,220.8571888754121,688.7863894873109,30.657304361972777,40.35440820386777,-0.2661009011056965,-0.030149735075638562,-0.23595116603005795,,,,,,,,,11.924400000000002,13.56341597307655,10.285384026923454,27.49012064467055,-8.943007614638903,-19.946420418328348,5.567278495169871
LSE:URNU,1D,1664434800,2022-09-29,11.126,11.126,10.672,10.762,4647.0,50011.014,-0.8841407257321798,-7.288077188146107,-15.539161827028728,-5.430579964850617,2.9688660985091717,2.587529411269902,3.103867907665704,4.080532087003405,-35.957814509521334,-42.79215173194993,99.74021119073664,2382.847993804176,-18.505690984790963,39.3385161136779,-0.2897006100592616,-0.08205991007236318,-0.20764069998689844,,,,,,,,,11.829200000000002,13.505613385773378,10.152786614226626,28.343647681557094,-9.02174280593786,-20.314615170781217,6.0004549383487715
LSE:URNU,1D,1664521200,2022-09-30,10.95,11.01,10.696,10.864,7637.0,82968.368,0.9477792231927179,-5.604309670692498,-15.71107145628054,-3.2418952618453774,3.049988128357269,2.5748642047943893,3.101560308170089,2.8675799086758,65.9001915058151,372.4114594003417,2.4533737527272748,360.11310453629324,30.592969706217122,41.03695574926619,-0.2967522269310372,-0.12499837344409799,-0.17175385348693922,,,,,,,,,11.769900000000002,13.49410055677995,10.045699443220053,29.29847418890471,-7.696751884043201,-19.49074371954703,8.145779807619338
LSE:URNU,1D,1664780400,2022-10-03,10.75,11.026,10.574,10.914,622.0,6788.508,0.46023564064800193,-2.2393407380867076,-15.851966075558988,-1.6756756756756752,2.927225009941631,2.5667792171651502,3.096315032179555,4.2046511627906975,-91.81795645299424,-24.836674832002387,-95.98341822569239,53.66263751188374,-89.32810047081941,41.895770215122475,-0.2949066022359208,-0.15898001920246255,-0.13592658303345825,,,,,,,,,11.7068,13.45907584586457,9.954524154135429,29.936034541712004,-6.772132435849248,-18.90973700580318,9.638590765445816
LSE:URNU,1D,1664866800,2022-10-04,11.026,11.556,11.026,11.36,3000.0,34080.0,4.0864944108484496,9.031576926768393,-9.611712285168684,4.806716486760762,1.7571481085421423,2.838098344349085,3.1491443097823204,4.806820243061848,402.0248926568253,-78.81099107467091,359.6014629567694,165.78203673734768,-47.01462735787246,49.027644716958,-0.25452149340372543,-0.17808831404271513,-0.0764331793610103,,,,,,,,,11.6625,13.402766473848228,9.922233526151771,29.84379805098784,-2.5937834941050393,-15.241379291612066,14.490351089386724
LSE:URNU,1D,1664953200,2022-10-05,11.248,11.292,11.08,11.158,1190.0,13278.019999999999,-1.7781690140845068,7.9423430395666035,-11.87110022904984,5.803148113028637,1.9460236178253882,2.822262326747479,3.124942893396396,1.8847795163584615,-61.0386737089202,-91.10139326518295,-72.52465529802707,-9.09332400396818,-79.34197658496697,46.258241111424425,-0.2360941688952689,-0.18968948501322588,-0.046404683882043024,,,,,,,,,11.59595,13.30624102494287,9.88565897505713,29.49807518905947,-3.776749641038472,-16.14461229821361,12.870573708370484
LSE:URNU,1D,1665039600,2022-10-06,11.426,11.426,11.229,11.229,7401.0,83105.829,0.6363147517476226,5.2389878163073975,-9.443548387096783,2.8485070525737313,1.7465983598833372,2.8256258748739853,3.066006131344277,1.724137931034491,525.890223090491,-19.462956382122723,409.27682248259634,1283.9669103565423,24.325434097733712,47.383262557318126,-0.21330245688556282,-0.19441207938769328,-0.018890377497869537,,,,,,,,,11.542800000000002,13.229165630579546,9.856434369420457,29.219351120690725,-2.7185778147416766,-15.119363431024812,13.925579769880281
LSE:URNU,1D,1665126000,2022-10-07,11.25,11.25,11.0,11.13,1870.0,20813.100000000002,-0.8816457387122488,2.5050653895745096,-5.469678953626621,-5.765811531623056,1.7719779215754485,2.554760884946019,2.681426256465569,2.2222222222222223,-74.95590832744114,-73.34754278663732,-72.7246257743067,-64.40760807193195,-68.26785563933319,45.93917461289555,-0.2009123411299747,-0.19571213173614957,-0.005200209393825123,,,,,,,,,11.4622,13.063545759041528,9.86085424095847,27.9413334096688,-2.898221981818486,-14.801079237643297,12.870545776550992
LSE:URNU,1D,1665385200,2022-10-10,10.9,10.96,10.554,10.573,6210.0,65658.33,-5.004492362982932,-1.7561791488570904,-8.916264645072365,-12.993745885450947,2.5874042361836747,2.8140547300223497,2.7555194395081295,3.7247706422018396,215.46636493362348,31.28773993664675,-24.89310894249095,63.58124070582792,-1.1774470849301788,38.7783548016714,-0.2333484345849417,-0.20323939230590798,-0.030109042279033715,,,,,,,,,11.3464,12.85027943665714,9.842520563342859,26.50848615696856,-6.816258901501787,-17.721633586900026,7.421670414159089
LSE:URNU,1D,1665471600,2022-10-11,10.59,10.594,10.368,10.594,1635.0,17321.19,0.1986191241842336,-2.485272459499276,-7.950299765400998,-10.839925938394213,2.5521804705302538,2.8209846683449644,2.737085706620173,2.1340887629839385,-73.61920414363264,-79.12314003814079,-1.3753211772153566,147.91959369170996,-74.06429720659133,39.16338375703393,-0.2544268732224815,-0.2134768884892227,-0.04094998473325878,,,,,,,,,11.2276,12.565959204399197,9.889240795600804,23.840521650204792,-5.643236310520514,-15.692866515982622,7.126524866425593
LSE:URNU,1D,1665558000,2022-10-12,10.516,10.534,10.0,10.133,16584.0,168045.672,-4.351519728148012,-7.155946490745836,-9.235041203869585,-18.2492940701896,2.875352511798134,2.924554069788989,2.686870727206255,5.077976416888558,870.1739430143078,2375.4433816679602,1760.625558312765,198.03334955813935,138.33849579663647,34.09422866790378,-0.30481679667670747,-0.23174487012671965,-0.07307192654998781,,,,,,,,,11.10585,12.375577730657252,9.836122269342749,22.865926167871013,-8.759797764241378,-18.120994263579743,3.018239531065609
LSE:URNU,1D,1665644400,2022-10-13,10.264,10.92,10.18,10.564,2136.0,22564.704,4.253429389124652,-7.007042253521122,1.391688261829346,-16.5956102952787,2.9179293242611446,2.65782368722682,2.783063667463604,7.209664848012473,-86.57227899329654,-33.78901408450704,-85.97054828481781,-82.62781312439935,-66.28593358522983,41.69290278307467,-0.3064406193639009,-0.2466840199741559,-0.05975659938974498,,,,,,,,,11.001000000000001,12.070231686773285,9.931768313226717,19.43880895869982,-3.972366148531962,-12.478896228842343,6.365751463727791
LSE:URNU,1D,1665730800,2022-10-14,10.694,10.694,10.254,10.254,518.0,5311.572,-2.9344945096554382,-8.10181036027962,-0.8029408919415708,-14.904564315352706,2.9897409015311367,2.7663197424352837,2.704151896105928,4.114456704694232,-76.46070606554377,-59.99725862741583,-96.44031336210776,-95.00968689180944,-91.64305451405961,38.27471841710617,-0.3289499890548502,-0.26313721379029476,-0.06581277526455542,,,,,,,,,10.8937,11.797782319260861,9.98961768073914,16.598259898122038,-5.872201364091183,-13.08536026080519,2.6465709470604795
LSE:URNU,1D,1665990000,2022-10-17,10.29,10.612,10.256,10.612,2792.0,29628.704,3.4913204603081773,-5.494701220055206,-0.5435801312089956,-12.844940867279893,3.376048309518087,2.7896767007566723,2.7851592649125556,3.459669582118561,457.8142214771823,-64.34822399762116,-71.28711361041624,25.82054038187928,-53.53194774105059,43.986028414577014,-0.3142784127266207,-0.2733654535775599,-0.04091295914906079,,,,,,,,,10.835600000000001,11.650920648579485,10.020279351420518,15.048924814121658,-2.063568238030207,-8.917069130551093,5.905231060205894
LSE:URNU,1D,1666076400,2022-10-18,10.806,10.92,10.656,10.658,1593.0,16978.194,0.4334715416509553,-4.240790655885007,-1.8419598452753827,-12.96749959170342,3.3998348971377967,2.7504523677936747,2.7835937730720475,2.4430871737923314,-42.69680509819127,-18.42544359081541,-78.25837625605168,-65.40848973293004,-72.91779339088265,44.69414256287828,-0.29553255192556627,-0.2777988732471612,-0.017733678678405085,,,,,,,,,10.788100000000002,11.524789052450204,10.0514109475498,13.657438333908702,-1.2059584171448383,-7.521083887135643,6.034864713178069
LSE:URNU,1D,1666162800,2022-10-19,10.926,10.926,10.59,10.627,1635.0,17375.145,-0.2908613248264103,0.5107348907594842,-1.254413677755062,-14.909120025622546,2.8796946509732955,2.742522833293443,2.747741743434178,3.075233388248218,2.3380048549333394,-73.53702873649085,-65.25736310805456,-91.76929605643335,-69.10194205877367,44.28781182787877,-0.27995066609082997,-0.27822923181589493,-0.0017214342749350409,,,,,,,,,10.744000000000002,11.404441367571707,10.083558632428296,12.294143104462119,-1.0889798957557788,-6.817005257112764,5.389380747229652
LSE:URNU,1D,1666249200,2022-10-20,10.894,10.942,10.56,10.885,6537.0,71155.245,2.427778300555181,2.7468378327355145,0.1932989690721559,-11.446469248291573,2.9924612054394792,2.806809227370452,2.7890733179947036,3.506517348999446,309.523172324605,310.79882502299205,-14.238104574986949,192.36082349692825,23.118002554107974,48.48542023209262,-0.24397111831614104,-0.27137760911594416,0.027406490799803118,,,,,,,,,10.730050000000002,11.36573906707598,10.094360932924024,11.848762439615431,1.444075283898935,-4.229721131541497,7.832482633915011
LSE:URNU,1D,1666335600,2022-10-21,10.468,10.842,10.468,10.754,451.0,4850.054,-1.2034910427193406,6.128491068785162,-1.4660069635330781,-15.601946319259152,2.421811695569626,2.8222429416817336,2.6899385732061822,3.572793274742076,-93.18384189387584,-97.11384771635177,-28.554934309571404,-80.62925078370783,-91.50921928713063,46.56690457576625,-0.2234518587397769,-0.2617924590407107,0.03834060030093378,,,,,,,,,10.7468,11.366269644131155,10.127330355868846,11.528448359160945,0.0669966873860052,-5.386724609751745,6.187905618858328
LSE:URNU,1D,1666594800,2022-10-24,11.3,11.398,10.612,10.739,2530.0,27169.670000000002,-0.1394829830760535,1.6565694812571061,-5.466549295774636,-16.68089068197687,1.9992941766185692,2.5773935616730315,2.6729646575488752,6.955752212389377,460.19314424128066,20.40782808407325,-20.276789906103282,-66.44957081416545,-50.89317258491973,46.34079326159599,-0.20602563703476662,-0.2506390946395219,0.04461345760475527,,,,,,,,,10.766900000000001,11.357282553942714,10.17651744605729,10.966620920463868,-0.2591275111684951,-5.4439303680797675,5.5272597617432995
LSE:URNU,1D,1666681200,2022-10-25,11.06,11.075,10.728,11.075,1583.0,17531.725,3.128782940683476,8.006631558416226,-0.7438609069725775,-14.610639938319208,1.7244214205610369,2.692772044209746,2.74700064475381,3.137432188065095,-35.47317652367512,230.06659798643412,32.03568754980035,-89.62693907009125,-65.13065964430432,51.96701914991321,-0.16322132502047282,-0.23315554071571207,0.06993421569523925,,,,,,,,,10.78715,11.390489464978046,10.183810535021955,11.186262636155897,2.668452742383288,-2.769762141899797,8.751041291599629
LSE:URNU,1D,1666767600,2022-10-26,11.396,11.427,11.086,11.427,391.0,4467.956999999999,3.1783295711060977,7.679984922728981,1.7632914774245296,-9.078612348822407,1.6654318224151188,2.813683669493155,2.778948594275096,2.992277992277986,-74.51501777491949,-84.92017403123674,-94.62377422406797,-39.74531767523655,-91.09615760469252,57.0479667211513,-0.09974533896915538,-0.20647350036640072,0.10672816139724534,,,,,,,,,10.8156,11.48017396879501,10.15102603120499,12.289174318484585,5.652945745034947,-0.46318086241153866,12.569901455011273
LSE:URNU,1D,1666854000,2022-10-27,11.2,11.68,11.2,11.358,5387.0,61185.546,-0.60383302704121,6.567836367048237,2.048517520215631,-10.291446173288042,1.7595321133016264,2.8072064670751233,2.7730067795435387,4.28571428571429,1269.4300549445754,260.37723446910786,193.97613041786178,26.607277826695658,20.899224301809927,55.801888846387634,-0.05438101555038166,-0.1760550034031969,0.12167398785281525,,,,,,,,,10.845400000000001,11.549936273019242,10.140863726980761,12.99235202056614,4.726427794272216,-1.6617950825201173,12.002293944458883
LSE:URNU,1D,1666940400,2022-10-28,11.21,11.21,11.002,11.03,1081.0,11923.429999999998,-2.887832364852977,3.7922273454408453,4.322330464390419,-11.048387096774201,2.196883117909141,2.57070185589143,2.794167315941555,1.8554861730597696,-80.51266879272436,-31.37651513124064,-81.84018691916167,-26.932603686635954,-76.37156960652621,50.189737489474034,-0.04438468221031222,-0.14972093916461998,0.10533625695430776,,,,,,,,,10.853700000000002,11.56281355931188,10.144586440688123,13.066761736769559,1.6243308733427095,-4.607992307225177,8.72794139503451
LSE:URNU,1D,1667203200,2022-10-31,11.058,11.184,10.83,10.881,2959.0,32196.879,-1.3508612873979977,-0.036747818098296366,2.709080611666989,-7.584508238491583,2.134271748624911,2.607316769426659,2.6626618541031415,3.2013022246337424,170.03034361756644,-54.75122178273717,85.88144925377532,-57.806289134037435,-34.281180518957335,47.836132150284335,-0.04793302865657978,-0.12936335706301194,0.08143032840643216,,,,,,,,,10.852050000000002,11.560748095101024,10.14335190489898,13.061091592851529,0.2667698729732931,-5.879793327467048,7.272232118307512
LSE:URNU,1D,1667289600,2022-11-01,11.486,11.828,11.03,11.03,2787.0,30740.609999999997,1.369359433875555,2.5664868885995893,8.85226487713412,-4.979324603721581,2.1138156976214453,2.286608335395398,2.668232176952606,6.947588368448546,-4.523012929296668,533.8199533448493,-81.70699094231955,-64.8356629492195,-34.73686300776501,50.34383775813492,-0.03828078694175652,-0.11114684303876085,0.07286605609700433,,,,,,,,,10.835550000000001,11.510749666765248,10.160350333234755,12.46267456225566,1.7945558831808075,-4.176527860329613,8.55924882747989
LSE:URNU,1D,1667376000,2022-11-02,11.03,11.148,10.875,10.875,5479.0,59584.125,-1.405258386219396,1.2664121426575958,2.943960620976902,-5.50873229646364,2.2031919032877525,2.1038680745699105,2.675025378339396,2.4750679963735243,93.82870086182416,119.30382297613478,164.05897015090468,239.26451883858175,22.845568964324613,47.77106290223361,-0.0426469133823737,-0.09744685710748342,0.054799943725109726,,,,,,,,,10.8214,11.48064969472877,10.162150305271231,12.184184943330244,0.4953148391150814,-5.275395651230856,7.01475252101915
LSE:URNU,1D,1667462400,2022-11-03,11.0,11.0,10.5,10.686,1236.0,13207.896,-1.7379310344827592,-3.5124153498871276,4.21299005266238,-4.281619491221782,1.920287184109734,1.9950889601811292,2.639690177229687,4.545454545454546,-77.83319634214651,-24.66288400029089,148.6626558013334,46.23970124703323,-72.8469946919671,44.76687539516623,-0.060658586082203314,-0.0900892029024274,0.02943061682022409,,,,,,,,,10.794250000000002,11.42836414587582,10.160135854124183,11.749109866379198,-1.0028487389119367,-6.495804092344387,5.175758999938558
LSE:URNU,1D,1667548800,2022-11-04,10.722,11.38,10.722,10.747,2916.0,31338.252,0.5708403518622491,-5.950818237507655,1.272144741801732,3.1480948267588,1.3365197137484577,1.7946810448575796,2.3429778224104,6.136914754709954,137.26906995633522,601.4000358553138,5.769904751824443,-80.51565430363226,-29.300233910311306,45.94834843020649,-0.06921293265805595,-0.08591394885355311,0.01670101619549716,,,,,,,,,10.7751,11.390351785856799,10.159848214143201,11.419880759469498,-0.26078644281723823,-5.648216999369922,5.779139348159192
LSE:URNU,1D,1667808000,2022-11-07,11.062,11.17,10.932,11.17,158.0,1764.86,3.9359821345491772,-1.6552209896108523,4.8039031713267075,8.058430879365389,2.1556782214823316,2.04895589074094,2.4329642801654647,2.151509672753567,-94.36835213399904,-97.11556059334667,-89.60513703636558,-98.81723366269902,-95.52189082915412,53.39338712337014,-0.04138271493078349,-0.07700770206899918,0.035624987138215686,,,,,,,,,10.804950000000002,11.435815270877919,10.174084729122084,11.67733808815251,3.378544093216519,-2.324410324770074,9.788745596222812
LSE:URNU,1D,1667894400,2022-11-08,11.23,11.533,11.224,11.533,2318.0,26733.494,3.2497761862130665,4.560290117860382,8.525454032182166,8.088097469540765,2.138392193074865,2.168464786354515,2.434108158758676,2.751558325912727,1414.765703795202,124.20976178834448,53.860551955105976,-74.09283321948139,-27.477400667380603,58.6562149869519,0.009850449555605323,-0.05963607174407828,0.0694865212996836,,,,,,,,,10.851900000000002,11.549241494534677,10.154558505465328,12.851970521930244,6.2763202757120595,-0.14062823556302764,13.574607835414751
LSE:URNU,1D,1667980800,2022-11-09,11.5,11.58,11.124,11.133,756.0,8416.547999999999,-3.468308332610772,2.315963606286177,2.2783647220946195,2.5326947872536247,2.5177968502780845,2.3401754884034665,2.5085497632003113,3.965217391304344,-68.51684257957452,-73.85911845679203,-88.17157048647644,-89.22209159355343,-75.63233489064146,51.72498870071855,0.01796930549729936,-0.04411499629580275,0.062084301793102106,,,,,,,,,10.901900000000001,11.525378275483536,10.278421724516466,11.437974582110183,2.11981397738007,-3.4044719930641523,8.314294727226084
LSE:URNU,1D,1668067200,2022-11-10,11.3,11.402,10.876,11.35,3283.0,37262.049999999996,1.9491601544956483,2.9011786038077996,5.542123860888973,5.463668463110938,2.5588676050965686,2.3470887536341,2.5224568156863625,4.654867256637166,342.72366770794866,21.21441311672084,668.2811366636329,-25.49231255339075,9.225289150349308,54.842515597376774,0.041435995417462124,-0.02700479795314977,0.0684407933706119,,,,,,,,,10.941200000000002,11.573553255704317,10.308846744295687,11.55912067605591,3.7363360508901904,-1.9315870482052115,10.099609408592922
LSE:URNU,1D,1668153600,2022-11-11,11.608,11.83,11.506,11.779,1242.0,14629.518,3.779735682819386,8.312643678160919,9.684328149734602,8.422312223858606,2.665165723576877,2.493596134235654,2.600121057784542,2.791178497587869,-60.73882676879022,-75.44728902203398,-46.15496618103938,-82.36735474898097,-54.04853911697566,60.30075205944643,0.09357159583448293,-0.002889519195623226,0.09646111503010615,,,,,,,,,11.017450000000002,11.667486452823978,10.367413547176026,11.800125307107825,6.9122165292331506,0.9557632453820566,13.615608622157016
LSE:URNU,1D,1668412800,2022-11-14,11.988,11.988,11.606,11.708,3167.0,37079.236,-0.6027676373206531,9.563915403331464,5.715575620767503,7.275059556532898,2.5126925531011852,2.417301348776398,2.6049851667776687,3.1865198531865175,153.45493952705752,180.73537223491155,111.49793303283049,446.2059704429897,12.886121378695703,59.029082204648496,0.12768841558190047,0.023226067759881515,0.10446234782201896,,,,,,,,,11.07225,11.760021146530672,10.384478853469329,12.42333123855895,5.741832057621529,-0.44235589275295384,12.745186014688633
LSE:URNU,1D,1668499200,2022-11-15,11.71,11.97,11.71,11.859,1235.0,14645.865,1.2897164332080613,10.347073601935424,3.7805198214754565,4.392605633802822,2.4935744134401037,2.31031996718226,2.515169172255878,2.220324508966693,-60.501168362800136,-53.26521402661515,227.79780557422552,-57.025044014084514,-54.51422477261095,60.91683306696033,0.16500856306968537,0.051582566821842285,0.11342599624784308,,,,,,,,,11.132300000000003,11.872624010146813,10.391975989853192,13.300468189804631,6.527851387404196,-0.11475146635798145,14.116891836347795
LSE:URNU,1D,1668585600,2022-11-16,11.99,11.99,11.501,11.501,4025.0,46291.524999999994,-3.0188042836664186,2.9632945389435945,1.259024476140156,3.074027603513174,2.682547781782196,2.456308947476228,2.5567989598110943,4.078398665554635,216.07231802286856,2522.9573450585312,-24.34238471942378,248.6327404236475,39.01679961226329,54.50481658774031,0.16380915083852088,0.07402788362517801,0.08978126721334287,,,,,,,,,11.176000000000002,11.894723312548027,10.457276687451976,12.861906094273898,2.9080171796707,-3.3100670120899727,9.980832904616745
LSE:URNU,1D,1668672000,2022-11-17,11.71,11.71,11.086,11.111,1538.0,17088.718,-3.391009477436734,-3.6590652909043517,0.7343608340888603,-1.0508504764449065,2.700294453969008,2.5032818630842044,2.6315201371023,5.328778821520073,-63.08456461522924,-36.07749888585457,43.32048747717731,-79.43740143666699,-45.04998690115071,48.513943070592084,0.1298915583401623,0.08520061856817487,0.04469093977198743,,,,,,,,,11.1873,11.894379373196657,10.480220626803344,12.64075108733396,-0.682023365780839,-6.58613071449494,6.018760440819606
LSE:URNU,1D,1668758400,2022-11-18,11.166,11.194,11.08,11.185,565.0,6319.525000000001,0.6660066600665991,0.46707985269021274,2.7938608583769895,0.4941599281221897,2.4232061019167,2.4744561796192968,2.6289101203620264,1.0209564750134406,-63.01931484854509,-24.91547603601855,-80.37224353329403,-69.63679125166361,-79.35844106731504,49.644911361954605,0.10774083420794156,0.0897086616961282,0.018032172511813355,,,,,,,,,11.208850000000002,11.887491960093824,10.53020803990618,12.109038127797623,-0.2127782957216954,-5.9095052383806514,6.218224346683038
LSE:URNU,1D,1669017600,2022-11-21,11.2,11.2,10.812,10.812,710.0,7676.5199999999995,-3.3348234242288872,-4.7400881057268744,-1.9764279238440614,2.260474794287326,2.5481438008255846,2.6121653898512776,2.5373724725206728,3.4642857142857135,21.47305375008405,-79.39855697687057,-75.02808174593802,-88.30838371917166,-73.23651745010251,44.35590557649845,0.05940347673445956,0.08364762470379447,-0.02424414796933491,,,,,,,,,11.212500000000002,11.881714315447585,10.54328568455242,11.936933162944621,-3.571906354515074,-9.00303009353486,2.5486771722527557
LSE:URNU,1D,1669104000,2022-11-22,10.932,11.132,10.932,11.088,13.0,144.14399999999998,2.5527192008879007,-5.86637235758554,1.958620689655165,4.663016801963374,2.2630356260242266,2.6700522150898798,2.5751220156387733,1.8294914013904067,-98.1222741554767,-99.01470438055443,-99.75808321427897,-99.16781699178867,-99.48721900374967,48.71017643732677,0.04287245903604031,0.07549259157024364,-0.03262013253420333,,,,,,,,,11.213150000000002,11.881853903084062,10.544446096915943,11.927137389298451,-1.1161002929596338,-6.681229289294743,5.154883415289459
LSE:URNU,1D,1669190400,2022-11-23,11.78,11.78,11.116,11.3,1079.0,12192.7,1.9119769119769259,-3.4847967201913175,5.745835672842979,11.51682621138855,2.4620985260020634,2.648716531842736,2.449695116541476,5.636672325976229,8358.694083694085,-67.11717576920948,-7.686280994338538,-92.7444129593531,-46.79196261641268,51.82834367255552,0.046343912873050286,0.06966285583080498,-0.02331894295775469,,,,,,,,,11.206800000000001,11.869646769623262,10.54395323037674,11.829367341672219,0.8316379341114278,-4.799188894829615,7.170429848314557
LSE:URNU,1D,1669276800,2022-11-24,11.6,11.6,11.39,11.498,461.0,5300.5779999999995,1.7522123893805186,-3.0441015262669757,6.987996650227965,8.84134797425217,2.514219394934462,2.6704288471886524,2.3577599914426703,1.810344827586199,-56.52662658804039,-63.80836502316525,-83.08591685330757,-76.50942817596899,-76.27280735649576,54.60420542821187,0.06433044892343531,0.06859637444933105,-0.0042659255258957335,,,,,,,,,11.2138,11.885779940176798,10.541820059823204,11.984874711102341,2.534377285130807,-3.2625535903286345,9.07034966211358
LSE:URNU,1D,1669363200,2022-11-25,11.444,11.448,11.348,11.372,119.0,1353.268,-1.0958427552617798,-1.1216415963829194,1.8084153983885403,10.903062219621615,2.310869105373836,2.5208289520266494,2.2956901109777177,0.873820342537571,-74.46942578715,-97.07663983850176,-23.321509921466852,-74.52226949008693,-93.90632074745749,52.52976140377834,0.06763807176720249,0.06840471391290534,-0.0007666421457028505,,,,,,,,,11.230900000000002,11.90070322483545,10.561096775164554,11.927863747971184,1.2563552342198576,-4.442621707699633,7.678210342152755
LSE:URNU,1D,1669622400,2022-11-28,11.342,11.352,11.114,11.128,580.0,6454.24,-2.1456208230742155,0.1530015300152953,-3.511662186768398,4.862419901997739,2.090728510892601,2.4297820116437925,2.263134968326722,2.098395344736374,376.937310274092,-62.230987719500085,-75.85710270419573,-78.21625947594603,-69.88959853804182,48.67345306894387,0.04999432246511404,0.06472263562334708,-0.014728313158233045,,,,,,,,,11.243250000000002,11.89567466998111,10.590825330018893,11.605624174168655,-1.0250594801325363,-6.453393281831649,5.072075624347485
LSE:URNU,1D,1669708800,2022-11-29,11.17,11.2,11.038,11.091,5706.0,63285.246,-0.33249460819555005,-0.840411265087181,-0.3772568040959294,4.062675924188402,2.077431629511013,2.259052030535166,2.264496451898342,1.4503133393016925,880.5220444235108,901.4240943741814,651.9145141214666,272.74427421432455,175.406869655931,48.096846603998934,0.032649569337094064,0.05830802236609648,-0.025658453029002416,,,,,,,,,11.246300000000002,11.895269675716767,10.597330324283236,11.541034397388746,-1.3808986066528741,-6.76125634510514,4.6584343472388
LSE:URNU,1D,1669795200,2022-11-30,11.288,11.342,11.288,11.342,13.0,147.446,2.2630962041294853,4.9019607843137365,-0.0704845814977896,6.728145290298294,1.7254616811414307,2.2797658726526118,2.293822254680907,0.4783841247342335,-99.76701362589314,-98.07925987296328,-99.60429981710614,-99.15139700992424,-99.34189296891272,52.23103148178597,0.03871109244947668,0.05438863638277252,-0.01567754393329584,,,,,,,,,11.269650000000002,11.896738279271649,10.642561720728356,11.12879777582527,0.6419897689812758,-4.662944298255257,6.572085721705136
LSE:URNU,1D,1669881600,2022-12-01,11.718,11.798,11.511,11.511,1704.0,19614.744,1.4900370305060722,3.8149350649350655,-2.2752355887596627,5.751033532384009,1.597883618206623,2.0773984900742684,2.2701117371683157,2.4492234169653595,13203.001776921721,13507.74225774226,34.07648837097708,-72.43387469187971,-5.181153259373949,54.83931238721072,0.056500478449782676,0.05481100479617455,0.0016894736536081228,,,,,,,,,11.3109,11.885316190579728,10.736483809420273,10.156860914334445,1.7690899928387578,-3.149400357362057,7.21387191866447
LSE:URNU,1D,1669968000,2022-12-02,11.38,11.492,11.224,11.375,633.0,7200.375,-1.1814785857006276,0.6637168141592857,-2.844209087803213,5.7745954993490844,1.5875736113533025,2.091852249617639,2.269657512723582,2.355008787346227,-63.291007009828924,-40.94519671606782,-80.58111283630546,48.45968725296667,-65.324279995773,52.361559677218374,0.058945148638629874,0.05563783356466562,0.0033073150739642565,,,,,,,,,11.342300000000002,11.855364557341446,10.829235442658558,9.046922711292137,0.28830131454818153,-4.051875039506731,5.039733047003162
LSE:URNU,1D,1670227200,2022-12-05,11.778,11.778,11.115,11.115,633.0,7035.795,-2.285714285714284,-3.331014089406846,-6.27371616493802,3.501257100288662,1.61832680947061,2.1144899144449236,2.3130523825467617,5.629139072847684,-2.2857142857142847,32.73637327853681,-51.96053630154312,-74.1042309310345,-64.98517537322095,47.9053173106446,0.039448008203811114,0.052399868492494714,-0.0129518602886836,,,,,,,,,11.339550000000001,11.856851256522763,10.822248743477239,9.123841008201593,-1.9802373110044107,-6.256730732914026,2.7050871169377584
LSE:URNU,1D,1670313600,2022-12-06,11.138,11.138,10.683,10.683,10715.0,114468.345,-3.886639676113364,-6.058740766795639,-7.112425006521169,-3.5395033860045095,2.017903793931683,2.20018694541327,2.353493302453099,4.085114024061771,1526.9425843134998,8358.66044272088,147.27710957891324,552.9211757542398,390.7542869255765,41.57426513569341,-0.010738617586476096,0.03977217127670055,-0.05051078886317665,,,,,,,,,11.297050000000002,11.879375158309328,10.714724841690677,10.309331344188537,-5.435489796008713,-10.071027662363987,-0.2960863872792736
LSE:URNU,1D,1670400000,2022-12-07,10.6,10.682,10.436,10.478,6313.0,66147.614,-1.9189366282879348,-5.841121495327107,-5.697056970569713,-8.304891922639362,1.998876268757855,2.092091777598323,2.29449342584197,2.3207547169811362,-42.213182168397736,924.8706896551726,287.08353663510627,1380.4890467835748,160.6189388939187,38.94406809383078,-0.0662895224924096,0.018559832522878524,-0.08484935501528812,,,,,,,,,11.264300000000002,11.94518063564769,10.583419364352315,12.089177945326162,-6.98046039256769,-12.282615729302755,-0.9960803850161557
LSE:URNU,1D,1670486400,2022-12-08,11.498,11.498,10.686,10.767,412.0,4436.004,2.758159954189728,-2.921287530430077,-3.737147966025937,-5.203380876914959,2.3684996911913188,2.232623978316192,2.356342092352564,7.062097756131497,-93.29378078550195,-92.99046099939314,-29.80478754336759,-92.74991515152942,-81.11480317542916,44.29451803072008,-0.08600274402848385,-0.0023526827873939504,-0.0836500612410899,,,,,,,,,11.235150000000003,11.948025942924144,10.522274057075862,12.690101029788488,-4.166833553624145,-9.88469516693317,2.3257894785544773
LSE:URNU,1D,1670572800,2022-12-09,10.876,10.878,10.854,10.854,314.0,3408.156,0.8080245193647232,-4.302592135425862,0.3884572697003313,-1.5956482320942897,2.18270249215293,2.0725116954615936,2.306068666740577,0.22066936373667628,-23.170583254658922,2211.460466882791,-55.60285129199168,-71.4163122524307,-85.31313893504067,45.833382078686256,-0.09352731652508517,-0.020587609534932196,-0.07293970699015298,,,,,,,,,11.188900000000002,11.874127232383584,10.50367276761642,12.248339557661286,-2.993144991911652,-8.591176533812558,3.335283192215043
LSE:URNU,1D,1670832000,2022-12-12,10.886,10.886,10.698,10.773,1061.0,11430.153,-0.7462686567164135,-6.41125879593432,-2.840909090909087,-0.9925558312655135,2.009884868156698,1.9589059898115821,2.2970352092732855,1.7269887929450567,235.37646164084038,-41.72672862821967,7829.676573426575,-64.49918950218748,-49.22922210777933,44.598091743504696,-0.10481833695376075,-0.0374337550186979,-0.06738458193506285,,,,,,,,,11.142150000000003,11.80660143539617,10.477698564603836,11.926808298150117,-3.3130948694821276,-8.754436584074352,2.8183807119033037
LSE:URNU,1D,1670918400,2022-12-13,10.806,11.138,10.796,10.874,394.0,4284.356,0.9375290077044544,-4.404395604395599,-3.7699115044247797,-1.4143245693562903,2.1052936305672527,1.8995224732381255,2.2897075331122156,3.1649083842309875,-62.517072168675256,-40.498154610002956,-64.86130225462777,-86.06287903850965,-80.19378936242023,46.533144541310435,-0.10441308701094165,-0.050829621417146656,-0.053583465593794996,,,,,,,,,11.092900000000002,11.678903037534957,10.506896962465047,10.565371319221384,-1.973334294909369,-6.891940406972035,3.4939244083804755
LSE:URNU,1D,1671004800,2022-12-14,11.718,11.718,10.688,10.818,302.0,3267.036,-0.5149898841272846,-2.6720647773279405,-5.914072012523915,-0.5241379310344862,1.9932462690322823,1.8162288319207704,2.277313213181094,8.789895886670076,-23.744992246209225,-53.56550325869358,-38.3645330754495,-94.51693550924848,-83.46151256693433,45.58250125672599,-0.10737292723225345,-0.062138282580168014,-0.04523464465208543,,,,,,,,,11.058750000000002,11.624912123424208,10.492587876575795,10.239170311729737,-2.1770091556459996,-6.941232027021345,3.1013523760965716
LSE:URNU,1D,1671091200,2022-12-15,10.818,11.556,10.507,10.507,509.0,5348.063,-2.8748382325753368,-1.6474773003837886,-7.606401688357371,-1.6750889013662764,1.7551823536476863,1.9185627717049236,2.3152038877549344,9.696801626918095,63.697706422579984,-95.32791096088617,295.19614740021933,-59.50859243591864,-72.5629848305362,40.61947539131965,-0.13327738407536494,-0.07636610287920739,-0.05691128119615754,,,,,,,,,11.028550000000003,11.642741330124547,10.414358669875458,11.138206384783937,-4.729089499526256,-9.754930543599032,0.8895538655924679
LSE:URNU,1D,1671177600,2022-12-16,10.77,11.402,10.44,10.491,759.0,7962.669,-0.15227943275911313,0.12406947890818763,-5.724299065420565,-2.3820601097980854,1.614342045051233,1.8677876390656776,2.312591451433,8.932219127205197,48.8888406886755,-87.96227328774096,23.37113277473413,-74.59121523434045,-57.448371996440514,40.375910330003684,-0.15333042138463604,-0.09175896658029312,-0.06157145480434292,,,,,,,,,10.993850000000002,11.646008960683787,10.341691039316217,11.864068741774444,-4.573920873943179,-9.917637575095698,1.4437576999366142
LSE:URNU,1D,1671436800,2022-12-19,11.538,11.538,10.362,10.48,811.0,8499.28,-0.10485177771422394,-2.6655521500882235,-5.5089712379406635,-6.177260519247981,1.1742121521282085,1.8693176718096345,2.1907709013349232,10.192407696307853,6.739084595881114,91.59766312203507,-86.56988707920958,381.5838083474044,-55.11917220365072,40.19745209546268,-0.16817162814962394,-0.10704149889415929,-0.061130129255464655,,,,,,,,,10.977250000000002,11.663109715977141,10.291390284022862,12.496020696934833,-4.529823043111899,-10.144033150579165,1.832694230535116
LSE:URNU,1D,1671523200,2022-12-20,10.742,11.214,10.332,10.46,3569.0,37331.740000000005,-0.19083969465648445,-3.6299981573613262,-7.776406277552457,-9.303737102228377,1.078145456465441,1.7219034823960653,2.0957870292452023,8.210761496927944,339.2341468924427,995.3647661668069,25218.92353810887,39.644073460805416,93.52180335694725,39.85255272319135,-0.17947831005211334,-0.12152886112575009,-0.05794944892636325,,,,,,,,,10.945850000000002,11.665235925634022,10.226464074365982,13.144450648127279,-4.438668536477303,-10.331860695466515,2.2836429477067104
LSE:URNU,1D,1671609600,2022-12-21,10.608,10.708,10.608,10.678,7.0,74.74600000000001,2.084130019120458,-0.881834215167538,-7.236556337416371,-4.086948711039238,1.4004038093020847,1.7783387724453548,2.0528075729933386,0.9426847662141746,-99.79977895485183,-99.34606299670705,-99.61892951547061,-99.11191619176888,-99.6068618541452,45.35614657310387,-0.16890117125717197,-0.13100332315203447,-0.037897848105137494,,,,,,,,,10.914750000000002,11.62391256951443,10.205587430485574,12.994572839770541,-2.1690831214640798,-8.137643533170023,4.628960093989906
LSE:URNU,1D,1671696000,2022-12-22,10.88,10.88,10.606,10.629,485.0,5155.065,-0.45888743210340194,-2.2530807430568416,-6.558241758241762,-6.352422907488988,1.3339171132487482,1.7688291552136388,2.0171846908874724,2.5183823529411846,6796.777085061406,20.322984364511257,-28.405603874798192,-86.16537469087181,-71.26884595496927,44.37332336552833,-0.16259827138925864,-0.13732231279947932,-0.025275958589779324,,,,,,,,,10.871300000000002,11.537373899804168,10.205226100195835,12.253804049270393,-2.228804282836477,-7.8733159529447745,4.152518480663865
LSE:URNU,1D,1671782400,2022-12-23,10.24,10.698,10.24,10.67,46.0,490.82,0.3857371342553427,-1.3680902200036946,-4.003598740440848,-9.415060701247983,1.3518465665656467,1.705358713141474,1.8815292451397958,4.472656250000002,-90.47887853984383,-84.97659652357672,-93.02395820230693,-96.64500224819437,-97.19068009581336,45.438683769970545,-0.15253647495269718,-0.1403651452301229,-0.012171329722574287,,,,,,,,,10.836200000000002,11.466033819352582,10.206366180647422,11.62462522568022,-1.5337479928388333,-6.942538561233104,4.542594407710823
LSE:URNU,1D,1672214400,2022-12-28,10.88,10.95,10.695,10.695,31268.0,334411.26,0.2343017806935366,1.7892833349195831,0.11232799775344429,-8.652203621455413,0.7898457108474921,1.3818362853211736,1.8832053396946586,2.3437499999999907,68033.1771321462,6152.941672527044,192.14300250431683,801.8828219653718,1121.272438402916,46.11634296562929,-0.14092069170521704,-0.14047625452514173,-0.00044443718007530775,,,,,,,,,10.81455,11.43242845892252,10.196671541077482,11.42679924587743,-1.1054551506997543,-6.450322095363631,4.887167904889287
LSE:URNU,1D,1672300800,2022-12-29,10.606,10.763,10.606,10.763,53.0,570.439,0.6358111266947136,2.5926985034791747,2.7199847299102897,-9.241925963403324,0.7796185577671332,1.2789104210154352,1.868599556971302,1.480294173109561,-99.82941991845608,-92.8360829767004,-99.1376272468422,-96.10511908992743,-97.88043474424033,48.00789160872221,-0.12478957159160586,-0.13733891793843456,0.012549346346828694,,,,,,,,,10.79815,11.40308347568181,10.19321652431819,11.204391042573208,-0.32551872311460567,-5.613249057124328,5.58983000432164
LSE:URNU,1D,1672387200,2022-12-30,10.81,10.81,10.798,10.798,1.0,10.798,0.3251881445693593,3.034351145038164,0.287916782762149,-6.112511955482127,0.7564300952942622,1.0672896795152338,1.8019490393783701,0.11100832562442604,-98.10707192180058,-99.8729539443341,-99.75658272625544,-99.97667391601378,-99.95743846923288,49.000258442622425,-0.10793710345026852,-0.13145855504080134,0.023521451590532816,,,,,,,,,10.770950000000001,11.322158300010404,10.219741699989598,10.235091612353656,0.25113847896424296,-4.6294910044661925,5.658247703178162
LSE:URNU,1D,1672732800,2023-01-03,10.46,11.818,10.46,10.843,571.0,6191.353,0.4167438414521201,3.6615678776290546,-0.10134512622074106,-2.4120241202412083,0.7137784625491919,1.0514579955463956,1.7036926485272041,12.982791586998074,57237.96073346916,-83.4153109391633,81.66284055072597,-63.769353558295016,-75.2416021531436,50.31337554533501,-0.08991380671901794,-0.12314960537644466,0.03323579865742672,,,,,,,,,10.73755,11.174438761586305,10.300661238413696,8.137587468022124,0.9820676038761111,-2.966043920932052,5.265086862227735
LSE:URNU,1D,1672819200,2023-01-04,10.868,10.96,10.834,10.834,693.0,7507.9619999999995,-0.08300285898736827,1.4609477430230267,0.5662303907917937,-3.138131426016995,0.3384910200578272,1.0315962817908764,1.6982508056485357,1.1593669488406444,21.265287248199215,9944.633826559279,-34.31442256284759,18.8057963217172,-70.02414350267327,50.03589544814064,-0.07548628014360581,-0.11361694032987689,0.03813066018627108,,,,,,,,,10.7105,11.039949540901977,10.381050459098022,6.151898434283699,1.1530740861771154,-1.8654934983077058,4.363234170632603
LSE:URNU,1D,1672905600,2023-01-05,10.7434,10.806,10.614,10.765,683.0,7352.495000000001,-0.6368838840686641,1.2795182989933298,-1.0023910244620193,-0.43470218275988554,0.39034627739776695,1.0139092640758554,1.5922580609869699,1.787143734758069,-2.070695083432744,42.62662061487103,71.61260642206206,-4.220988156091546,-70.63218787093822,47.85676616916374,-0.06882669345183068,-0.10465889095426764,0.03583219750243696,,,,,,,,,10.693000000000001,10.967193362429477,10.418806637570526,5.128464648451795,0.6733376975591431,-1.8436199285236796,3.3227736579839275
LSE:URNU,1D,1672992000,2023-01-06,11.818,11.818,11.03,11.241,6.0,67.446,4.421737111007888,5.351452671040297,3.910149750415974,1.3798701298701341,1.543137776740566,1.525897251242967,1.722248830836016,6.667794889152143,-99.08267873694577,-86.25850617334258,-97.93555993873346,-53.2092907092907,-99.73057530190353,60.603557398051585,-0.024853208796431048,-0.08869775452270032,0.06384454572626927,,,,,,,,,10.7209,11.084368237952757,10.357431762047243,6.780554579424436,4.851271814866283,1.4130869589025083,8.530765717331755
LSE:URNU,1D,1673251200,2023-01-09,11.57,11.784,11.508,11.784,1604.0,18901.536,4.830531091539908,10.182328190743343,12.153802227086715,4.283185840707964,2.068536318898526,1.669477230982214,1.8975906338127255,2.3854796888504888,27924.695311805,-94.34781711596672,253.4276989631573,55.02338284383278,-25.16308252301831,69.70244102891317,0.053198418313030515,-0.06031851995555415,0.11351693826858467,,,,,,,,,10.786200000000001,11.360037119747401,10.2123628802526,10.640209151460208,9.250709239583909,3.732055413055079,15.38955419207084
LSE:URNU,1D,1673337600,2023-01-10,11.2,11.818,10.802,11.711,173.0,2026.0030000000002,-0.6194840461642939,8.807953172907187,11.629015346487472,1.8524960862758826,2.1797973721347805,1.6934017866433297,1.8788292075905884,9.071428571428571,-89.28127851620101,255.16558299835745,-74.5562323386794,-61.77769669647347,-91.94362217177269,67.44715086697192,0.10792036640946812,-0.026670742682549695,0.13459110909201782,,,,,,,,,10.833400000000001,11.534367160429053,10.13243283957095,12.940852556520605,8.100873225395528,1.5313613405416964,15.579349850355328
LSE:URNU,1D,1673424000,2023-01-11,11.82,11.93,11.82,11.842,1312.0,15536.704000000002,1.118606438391258,9.668457121689206,12.99618320610687,4.1329581428069,2.149891935098795,1.675779957707839,1.8747286665906466,0.9306260575296059,666.8648072090713,143785.01574365623,82.80023719656253,1048.0877401963248,-39.35853866133475,69.36288577300803,0.16001396829232384,0.010666199512425013,0.14934776877989883,,,,,,,,,10.8828,11.710425180863995,10.055174819136004,15.209783895026927,8.813908185393474,1.1235699567169617,17.77020502382006
LSE:URNU,1D,1673510400,2023-01-12,11.8709,11.99,10.836,11.86,3038.0,36030.68,0.15200135112311183,9.379323065572255,13.384321223709355,6.578001437814515,2.168222966676313,1.662252983029643,1.8255654946484607,9.721251126704798,131.9068445920061,481.9516348042181,-3.485130883264495,458.2482213242768,35.42070655327842,69.62737900929974,0.2004404202712866,0.04862104366419734,0.15181937660708927,,,,,,,,,10.937149999999999,11.865439022880356,10.008860977119642,16.974971046028568,8.437755722468838,-0.04583920468402455,18.495001849981527
LSE:URNU,1D,1673596800,2023-01-13,11.75,12.02,11.75,11.988,2591.0,31060.908,1.079258010118045,10.65165220601809,12.268215021539602,8.087638625912904,2.0984231284160777,1.6316223517619879,1.8286746401740197,2.297872340425528,-13.793167378467464,313.7062494455886,41455.2778744013,-50.919195289214805,21.653230668145067,71.51088831606278,0.24004017130584465,0.0869048691925268,0.15313530211331786,,,,,,,,,10.99285,12.026953529633287,9.958746470366714,18.814111529462995,9.052702438403132,-0.32388525936605506,20.376595946804553
LSE:URNU,1D,1673856000,2023-01-16,12.098,12.16,11.966,12.027,3176.0,38197.752,0.3253253253253229,11.723176962378064,13.152695455828392,6.039499206489144,1.9837692463648045,1.599103938136294,1.7911913505198285,1.6035708381550737,22.976932934478285,419.520951731351,640.9751768406412,25806.265344600735,42.52532731770079,72.07902829261508,0.27144122785649927,0.12381214092532129,0.147629086931178,,,,,,,,,11.0533,12.176924510234674,9.929675489765327,20.33102349949198,8.809133923805552,-1.2312181956015518,21.12178300687085
LSE:URNU,1D,1673942400,2023-01-17,12.158,12.158,11.894,11.934,7902.0,94302.468,-0.7732601646295832,6.164931945556442,11.846298031865036,3.6747458952306493,1.75346124766972,1.6526367099745238,1.7834030718490748,2.1714097713439657,146.8796278901439,139719.21537229785,19113.24884886516,380.77338149302375,221.95837210868024,68.56748762068136,0.2855310444946877,0.15615592163919456,0.12937512285549313,,,,,,,,,11.124649999999999,12.281199397993975,9.968100602006023,20.792553437527936,7.27528506514812,-2.827080537839711,19.72190567176208
LSE:URNU,1D,1674028800,2023-01-18,12.16,12.16,11.89,11.932,12.0,143.184,-0.016758840288242764,1.2559402579769152,11.566152407667134,4.896703296703301,0.6864129837908893,1.6601985381822353,1.7668974185025847,2.2203947368421018,-99.84816516148868,-99.24247426240915,-99.95718325991774,-98.0114369043279,-99.50719716517679,68.49021084140799,0.2931566154278009,0.18355606039691583,0.10960055503088509,,,,,,,,,11.1967,12.365845859163914,10.027554140836086,20.883757878016088,6.5671135245206225,-3.5084204033030586,18.992127416278638
LSE:URNU,1D,1674115200,2023-01-19,11.89,11.89,10.942,11.576,579.0,6702.504,-2.983573583640629,-1.1527623601741932,7.55365604385395,4.147548358074676,1.3023378733008273,1.9259113443133256,1.8033580501212236,7.973086627418001,4581.04257458934,230.82399186970602,1074.97295942248,-4.737076620339282,-76.92286554557694,56.32230403360005,0.2673913890599824,0.20032312612952913,0.06706826293045326,,,,,,,,,11.2515,12.383282576292872,10.119717423707128,20.11789674786246,2.884059903124032,-6.519132316647372,14.39054585537426
LSE:URNU,1D,1674201600,2023-01-20,11.816,11.972,11.654,11.972,107.0,1281.004,3.4208707671043457,1.0977875358891993,10.872383774773102,12.065899092015348,1.784415801852976,2.0615219260005135,1.733609145854454,2.691266079891669,-80.88768018639004,-91.75498226650903,11763.34506390072,-98.88090982707926,-94.9309340135268,63.98673242299302,0.2757475064178436,0.21540800218719203,0.0603395042306516,,,,,,,,,11.3271,12.4391251615859,10.215074838414099,19.634772564661763,5.693425501672977,-3.7552895040276786,17.19933715002195
LSE:URNU,1D,1674460800,2023-01-23,12.124,12.264,12.042,12.244,329.0,4028.276,2.2719679251587057,3.2377740303541347,12.920778382366501,16.854361519373924,1.9293407380640568,2.094506125971725,1.7101922634025766,1.8310788518640673,214.46240605025432,-88.81987239763447,-34.93706464483611,-93.910171877099,-82.63701230179082,68.12424166601414,0.30084990598405703,0.23249638294656502,0.06835352303749201,,,,,,,,,11.4054,12.543798594517806,10.267001405482194,19.96244926995644,7.352657513107823,-2.390014414364336,19.25585199065194
LSE:URNU,1D,1674547200,2023-01-24,12.236,12.5,12.1,12.327,9503.0,117143.481,0.677883044756617,2.8278278278278313,13.780690419051139,14.48871551964336,1.9164466666153221,2.0782744085341576,1.6600848540992366,3.2690421706440045,2808.0301598003716,277.14119947813504,1460.256711475098,2540.7433582115796,334.55233660665715,69.28391631402373,0.32370962181531837,0.25073903072031567,0.0729705910950027,,,,,,,,,11.4903,12.63765750313499,10.342942496865009,19.97088854311882,7.281794209028488,-2.458188972583934,19.182718106925257
LSE:URNU,1D,1674633600,2023-01-25,12.18,12.19,12.1,12.19,158.0,1926.02,-1.111381520240127,1.3552839444583042,13.237343241987915,12.308826239174502,1.9908168963420623,2.1075036073188307,1.6824930410746768,0.7389162561576343,-98.35584534149194,-94.95776610099988,-73.80453845939371,-43.48791545926888,-92.84216937639545,65.07548531198498,0.3270018821182674,0.26599160099990604,0.061010281118361376,,,,,,,,,11.5663,12.687309741260181,10.445290258739819,19.384068219917886,5.392389960488656,-3.919741469248514,16.70331506393842
LSE:URNU,1D,1674720000,2023-01-26,12.326,12.436,12.212,12.212,977.0,11931.124,0.1804757998359331,2.3294788000670397,8.638021528333779,13.357467743432657,1.9509447803560775,1.8733007616483885,1.6695908329120317,1.81729677105306,519.4704104837956,-87.3480257165698,17589.891172197018,4.38288971284986,-55.686858001874896,65.43853554195303,0.3276097569183758,0.2783152321836,0.0492945247347758,,,,,,,,,11.642149999999999,12.721595649396102,10.562704350603896,18.543750929099918,4.8947144642527425,-4.005752607144788,15.614331279676582
LSE:URNU,1D,1674806400,2023-01-27,12.948,12.948,12.306,12.567,2696.0,33880.632,2.90697674418605,5.321823667448875,6.644602851323824,15.56924774691925,2.1325546721141007,1.6109432496463156,1.7259241504508749,4.958294717330871,183.96848444455023,23562.30305062018,79.24803571519266,690.7987104713054,21.387598026539113,70.72663216449439,0.3526716558994476,0.2931865169267695,0.0594851389726781,,,,,,,,,11.73235,12.804332886990322,10.660367113009679,18.273967056733245,7.1140905274731825,-1.8535357451652992,17.885246040574984
LSE:URNU,1D,1675065600,2023-01-30,12.94,12.94,12.4,12.692,9507.0,120662.844,0.9946685764303335,9.640635798203176,8.376739817265817,17.32298021815493,1.491174593940554,1.5861645510560485,1.7176372510155853,4.173106646058726,256.14106608164803,1700.2651546347454,5855.709048802,3593.3429567350954,279.15307373800636,72.33191894079299,0.3782595066008625,0.3102011148615881,0.06805839173927442,,,,,,,,,11.82705,12.886700220591825,10.767399779408175,17.91909598068538,7.313319889575172,-1.510861719904921,17.874326764317562
LSE:URNU,1D,1675152000,2023-01-31,12.512,12.538,12.38,12.538,6277.0,78701.026,-1.2133627481878342,4.727697961911132,5.8773855767606795,19.329970495859907,1.445970011492571,1.6431995462568798,1.6309618928417196,1.262787723785162,-34.776088983946046,6043.698692588001,406.54904669613325,1371.5800094351919,129.65388724420689,67.42618577465764,0.38171141804384234,0.3245031754980389,0.05720824254580342,,,,,,,,,11.9118,12.912573420910201,10.911026579089798,16.803059502513502,5.256972078107429,-2.9008425253453254,14.911277221413616
LSE:URNU,1D,1675238400,2023-02-01,12.614,12.614,12.236,12.42,22726.0,282256.92,-0.9411389376296085,1.4374387455080053,4.721753794266446,18.387189019159283,1.3735367760916157,1.6797500589815033,1.6491990949396722,2.996670366259712,258.6445238973123,6906.89128550278,683.3793866782419,3444.7526451243925,550.1735707801907,63.85264456905959,0.3706528139829999,0.33373310319503113,0.03691971078796874,,,,,,,,,11.9911,12.883129349293155,11.099070650706844,14.878190479491543,3.57681947444355,-3.5948513496727776,11.901260843033128
LSE:URNU,1D,1675324800,2023-02-02,12.578,12.95,12.578,12.619,11579.0,146115.40099999998,1.6022544283413838,2.3687839701468305,5.263596930263599,20.410305343511443,1.4539229798301498,1.7013599659925827,1.654112811145748,2.9575449197010646,-48.233190881555714,24.731995116313797,370.41574251467466,1619.150339793488,204.40865164145828,67.02652574074736,0.3736393456848113,0.34171435169298714,0.031924993991824135,,,,,,,,,12.0838,12.818327494380013,11.349272505619988,12.157226938215006,4.429070325559838,-1.5550195176976453,11.1877434765203
LSE:URNU,1D,1675411200,2023-02-03,12.8,12.8,12.236,12.236,5938.0,72657.368,-3.0351057928520415,0.3773584905660472,1.7377567140600434,16.978967495219884,1.8351550417357518,1.9158766613798806,1.775744021220187,4.40625,-50.27398378080623,3672.409839980893,90.21372776073315,94.62625637058436,47.74582269291423,56.70656881982832,0.34116851615563526,0.34160518458551675,-0.0004366684298814927,,,,,,,,,12.13355,12.759809522881953,11.507290477118046,10.322774833118977,0.8443530541350309,-4.105151585081376,6.3325899726871
LSE:URNU,1D,1675670400,2023-02-06,12.238,12.308,11.12,11.751,2768.0,32526.768,-3.963713631905861,-3.7749754339993475,-1.5334338863750616,10.048698258100753,2.311010054781652,2.182345862025538,1.9259154957962046,9.707468540611217,-55.23266408439128,172.62115455341845,-65.50804163471098,43416.3995397747,-35.281715113781715,46.866065375416284,0.2731509885626284,0.3279143453809391,-0.05476335681831068,,,,,,,,,12.1319,12.761996786216452,11.501803213783548,10.387437849247883,-3.1396566077860886,-7.921932618791878,2.166588852066419
LSE:URNU,1D,1675756800,2023-02-07,11.792,11.794,11.682,11.789,1136.0,13392.304,0.32337673389498983,-6.1908172197023985,-1.1984579282601464,10.913538432590085,1.9045795405577979,2.184878032306462,1.9202352621456067,0.9497964721845328,-58.826822265280086,-60.472095089607535,9253.21264945804,159.7892364111801,-73.49820991648404,47.632843095236865,0.219779410094457,0.3062873583236427,-0.08650794822918567,12.022514767329165,11.643172553305096,11.417598809561895,11.279735,-1.9423121688628298,1.2524717470884557,3.252883523347025,4.514866705645117,12.1358,12.756320620125,11.515279379874999,10.226282900591656,-2.8576608052209167,-7.583069200996001,2.377021096017667
LSE:URNU,1D,1675843200,2023-02-08,12.054,12.054,11.809,11.809,758.0,8951.222,0.16964967342437504,-6.957138354869216,2.0127850725639145,10.67478912839737,1.807322232954751,2.029080865125394,1.920546225187966,2.03252032520326,-33.161448545373524,-92.58162521015998,33.55041638169854,1723.7280469418527,-82.38489225186575,48.05770687576879,0.1770549037721647,0.28044086741334706,-0.10338596364118235,12.00218002758353,11.649675590430386,11.425349328184431,11.28500131840796,-1.6095411595190356,1.3676295818957436,3.357890081042561,4.643319631139946,12.134149999999998,12.75795358286916,11.510346417130837,10.281784597506402,-2.67962733277567,-7.43813321396133,2.5946532975295753
LSE:URNU,1D,1675929600,2023-02-09,11.942,12.132,11.942,12.106,3198.0,38714.988,2.515030908629017,-3.445525602169408,1.1192783160708348,13.193080878915378,2.179475569491417,1.9364966367275689,1.9589418197005,1.5910232791827121,332.5106449152976,-50.80751806208982,2922.2378696709766,-88.42294126100897,-5.478802525393622,54.023129988372744,0.16525587569889133,0.2574038690704559,-0.0921479933715646,12.012067644004146,11.667570665315468,11.438827559309493,11.293170459518329,0.7819832420169595,3.7576745602052672,5.832524681670969,7.197531848078907,12.146449999999998,12.757721290018154,11.535178709981842,10.065019656247804,-0.3330191125802033,-5.108445898783437,4.9485257608033715
LSE:URNU,1D,1676016000,2023-02-10,12.226,12.226,11.974,12.073,3177.0,38355.921,-0.2725921030893728,-2.7938808373590946,-1.3966024175106122,12.171327696738832,2.171619429436764,1.8410209749714257,1.9625905902956502,2.061181089481438,-0.9274625114180469,-86.41099002993442,852.1671553786285,6623.930341368666,-9.149170039940042,53.290787143393615,0.15149588645972933,0.2362222725483106,-0.08472638608858127,12.01787072552756,11.683469854910939,11.451385429422176,11.300929957433569,0.45872747120950785,3.3340279037509504,5.428291401149617,6.831916005802481,12.150699999999997,12.758678650941373,11.54272134905862,10.0073024754356,-0.6394693309850179,-5.374213660368205,4.5940522594754265
LSE:URNU,1D,1676275200,2023-02-13,11.502,12.948,11.502,11.979,204.0,2443.716,-0.7785968690466428,-5.071717251763219,-2.8230713068873268,10.93721059455454,2.015317641160711,1.836210528022184,1.974012768820094,12.571726656233695,-93.6288428584468,-98.32754385692718,-97.9139120852999,22531.19096128913,-94.22284813731511,51.16318288195932,0.1314902437628387,0.2152758667912162,-0.08378562302837753,12.014168751667793,11.695059272365413,11.461833242700944,11.307676923031245,-0.29272729886461224,2.427869077205263,4.512077137646319,5.936878826113409,12.148299999999999,12.758587506016955,11.538012493983043,10.047290666462896,-1.393610628647628,-6.110296344711371,3.8220404618813397
LSE:URNU,1D,1676361600,2023-02-14,12.054,12.054,11.91,11.955,273.0,3263.715,-0.20035061357374684,-2.296502124877416,-1.927809680065623,10.255464354883335,1.7806283221477661,1.8183683980642895,1.9765897847087222,1.1946241911398716,33.55541314948219,-95.50807428091808,69.45384783127902,-47.28591634171077,-92.26645920727196,50.60763331209684,0.11240331294603934,0.19470135602218083,-0.0822980430761415,12.008533632461337,11.705253026390299,11.471598921063302,11.314117948672726,-0.44579658182931625,2.133631567353816,4.213894525628092,5.664445555850485,12.149349999999998,12.758229717185893,11.540470282814104,10.023247617130048,-1.5996740566367604,-6.2957771962979105,3.591965552766146
LSE:URNU,1D,1676448000,2023-02-15,12.042,12.0534,11.502,12.01,1282.0,15396.82,0.46005855290673126,2.20406773891584,-1.6541107107762854,10.854716632822598,0.9775450718129332,1.823113210797968,1.9750698197116365,4.578973592426501,371.7574910799503,-52.66415648797324,29.047523100086796,105.07322759491858,-63.74236398358829,51.8967025382697,0.10055567982238323,0.1758722207822213,-0.07531654095983809,12.008673286512638,11.717203888100483,11.482260328567,11.32104214818842,0.011047960550748928,2.498856507881272,4.596130520747938,6.085639844754274,12.153249999999998,12.757492625110586,11.54900737488941,9.943720817239644,-1.17869705634294,-5.859244030753317,3.9916211856692523
LSE:URNU,1D,1676534400,2023-02-16,12.09264,12.09264,11.952,12.017,104.0,1249.768,0.058284762697749154,1.9340062770379147,-4.376541736293473,11.630283325592186,0.9816771946869308,1.6239835764590278,1.9672597535129834,1.1630214742190246,-91.88294725794027,-90.66801350984865,-96.3112612539223,-83.00212376887029,-97.04278232680929,52.06816163218976,0.09068581706370793,0.15883494003851864,-0.06814912297481071,12.009466306844768,11.728960598371053,11.492849232951812,11.327967101937789,0.06273129015681268,2.455796480968229,4.560668607270722,6.082582089634978,12.175299999999998,12.72323579915939,11.627364200840606,9.000776969099602,-1.300173301684548,-5.550756193688171,3.3510242943213573
LSE:URNU,1D,1676620800,2023-02-17,11.502,12.006,11.502,11.763,436.0,5128.668,-2.113672297578427,-0.3895334067236801,-7.319571383548694,4.643714971977584,1.2935538563977005,1.6433724882342746,1.8677022677144974,4.381846635367758,310.3696045986135,-42.704269875107556,-95.7495880007602,7504.109954630371,-87.91272963210334,45.70246856115585,0.06165745373923315,0.13939944277866154,-0.07774198903942839,11.985993325240504,11.730295476866306,11.49819875309138,11.332295787490647,-1.8604492693226924,0.27880391587911135,2.30298025451531,3.800679232047518,12.164849999999998,12.73540140872718,11.594298591272816,9.380327891049738,-3.3033699552398743,-7.635420176554645,1.455037641122749
LSE:URNU,1D,1676880000,2023-02-20,11.76068,11.778,11.7,11.778,1025.0,12072.45,0.12751849018108108,-2.7094002973731985,-6.061572818631359,-0.05091649694501211,0.7895001290725326,1.6396988813675655,1.6551144414445513,0.6632269562644437,135.39152856063214,-68.81711547992731,-84.66036516474385,-36.1297938961151,-71.39412065521681,46.12138949529871,0.03940836619169019,0.11940122746126727,-0.07999286126957708,11.96618443712236,11.732166242479392,11.503739371842046,11.33673065527681,-1.5726352715955139,0.3906674741332497,2.384099806965966,3.8923862455689267,12.141549999999999,12.734875366051753,11.548224633948244,9.773469879080587,-2.9942635001297058,-7.513818066901244,1.989702948592521
LSE:URNU,1D,1676966400,2023-02-21,11.7,11.742,11.5302,11.535,6461.0,74527.635,-2.0631686194600127,-4.456224633479668,-7.125603864734298,-1.5028605584493224,0.9780670992587086,1.6892935485722604,1.6933232613909632,1.8102564102564123,517.3364561460183,94.30542418731123,-73.59581653480807,3578.555016947161,67.02963265229141,40.649837955708996,0.0021430313189227945,0.09594958823279838,-0.09380655691387559,11.925119252634516,11.724434232970397,11.504358394181807,11.338703484577538,-3.2714075588663865,-1.6157217415036302,0.26634780287868737,1.7312077671795296,12.101949999999999,12.744184061694384,11.459715938305614,10.613728559354236,-4.684782204520747,-9.488124589544089,0.6569452689725012
LSE:URNU,1D,1677052800,2023-02-22,11.5,11.5,11.214,11.239,2953.0,33188.767,-2.5661031642826124,-6.177477251857404,-10.935890324114423,-5.092045262624555,1.1901520287728957,1.6574153179871214,1.7381545790678565,2.4869565217391267,-55.46783820525098,1258.1270082120836,-77.28592142042577,113.61523653922991,-26.58621117020032,35.17564281115369,-0.05069041373887373,0.06662158783846396,-0.11731200157733769,11.85977456190742,11.705397596383323,11.499103772514841,11.337711410104129,-5.234286357358713,-3.9844660768073976,-2.2619482149255887,-0.8706466987346049,12.054399999999998,12.796563432136427,11.312236567863568,12.313569022704234,-6.764335014600453,-12.171732202919937,-0.6474101511598677
LSE:URNU,1D,1677139200,2023-02-23,11.418,11.418,11.253,11.253,4.0,45.012,0.1245662425482636,-5.872020075282308,-8.033671134357636,-5.118043844856655,1.2224179670279747,1.5507437989074504,1.7379979695795726,1.4450867052023049,-99.86437579919736,-98.62083545897849,-99.9380489532734,-99.87507313211962,-99.89771926798522,35.61726601014118,-0.0903896608498087,0.035219338100809426,-0.12560899895061814,11.801986508392428,11.687656514172213,11.494230430484844,11.336868510501104,-4.651644941315955,-3.7189364150559796,-2.0987088430475165,-0.7397855097588704,12.006449999999997,12.821980863916592,11.190919136083403,13.584879192710488,-6.2753769848706105,-12.236649551802028,0.5547432088614296
LSE:URNU,1D,1677225600,2023-02-24,12.388,12.388,11.138,11.207,904.0,10131.128,-0.40877988092063783,-6.686094920899242,-4.629393243128234,-6.5148481815148385,1.1228237479204557,1.2356238778455702,1.723097648000969,10.090410074265419,22407.615746911935,-34.19986724531429,-68.8529521285361,-67.38302692245828,-76.60821809989454,34.778880548319506,-0.12413249364783852,0.0033489717510798364,-0.12748146539891836,11.745321126640768,11.668807239106636,11.488542699188114,11.335576286516018,-4.583281468735203,-3.957621628703768,-2.4506389240126163,-1.1342721646094165,11.938449999999998,12.78199928131109,11.094900718688905,14.131638216202155,-6.126842261767626,-12.322010404224788,1.0103675927651095
LSE:URNU,1D,1677484800,2023-02-27,12.064,12.064,11.08,11.185,449.0,5022.0650000000005,-0.19630588025341517,-6.92352500624115,-5.123420137416229,-7.000914608796864,1.0924003845774544,1.2231708400848527,1.7202433240366148,8.156498673740053,-50.42935988963914,301.83978146343964,-62.500365881778066,-86.85245927561391,-88.1007179820582,34.362284903227035,-0.15090955645372617,-0.027502733889881368,-0.1234068225638448,11.691957209817838,11.649834406200494,11.482531952669538,11.334078015008396,-4.33594821397517,-3.9900516178418,-2.5911702566642107,-1.3153078248710577,11.863099999999998,12.693060697864983,11.033139302135012,13.992307202417335,-5.716043867117341,-11.880985475147403,1.376405152752868
LSE:URNU,1D,1677571200,2023-02-28,11.224,11.224,11.135,11.135,1.0,11.135,-0.44702726866339476,-5.3387741222477265,-5.707511220255733,-6.695156695156691,1.004828024940177,1.214105648779491,1.7177839667382397,0.7929436920883857,-99.77827845716851,-99.78288709661065,-99.87560357680772,-99.98819224964505,-99.97149383725944,33.383553119918716,-0.17415757367824014,-0.056833701847553125,-0.11732387183068702,11.638913666025664,11.629644821643613,11.475650131824596,11.332097139237169,-4.329559274046364,-4.2533097891609115,-2.9684604175923357,-1.7392821188826888,11.792949999999998,12.620040436409745,10.96585956359025,14.026862428989315,-5.579180781738224,-11.767319161080454,1.5424275263504534
LSE:URNU,1D,1677657600,2023-03-01,12.0,12.0,11.25972,11.314,122.0,1380.308,1.6075437808711295,-3.939548310409241,-6.542210474145051,-5.179349648005367,1.288333593190677,1.0720423887242208,1.7485318700337775,6.169000000000002,12296.120341266278,-88.5664633110926,-96.43469345773788,864.0099452452789,-96.47006831084487,39.975010663662694,-0.1761079282139324,-0.08068854712082899,-0.09541938109310341,11.607969507356552,11.617266593343864,11.472449139115197,11.331917068199983,-2.53248001013656,-2.610481483808083,-1.381127405263154,-0.15811153657541913,11.737649999999999,12.537078864878184,10.938221135121813,13.621617016663231,-3.60932554642538,-9.755692518650102,3.435465970527779
LSE:URNU,1D,1677744000,2023-03-02,11.3538,11.3538,11.245,11.245,366.0,4115.67,-0.6098638854516603,-2.5140875596012213,-6.858278803942691,-2.859364201796832,1.1384213757727677,1.0709823640475191,1.671041685037447,0.9582694780602129,198.17040834364505,-94.47765919313017,-89.2697922701426,-38.59503851098037,-89.45152733234265,38.3978091580625,-0.18113332930925985,-0.10077750355851516,-0.0803558257507447,11.573400982846405,11.60266790340881,11.467945195766381,11.331052221750232,-2.83754950971756,-3.082635014518764,-1.9440727345705016,-0.7594371649356052,11.668949999999997,12.385464472987467,10.952435527012527,12.280701742444178,-3.6331460842663477,-9.208088041226112,2.6712275298576817
LSE:URNU,1D,1677830400,2023-03-03,11.322,11.4704,11.322,11.43,5036.0,57561.479999999996,1.6451756336149446,1.6994394519085232,-4.583020285499621,-4.527230203808886,0.8994756132596977,1.200137779135571,1.574557783396414,1.3107224871930803,1298.5931816690843,73.43663294270618,2255.4897541285486,4393.466062557181,40.762051479711545,44.69790947129899,-0.16824857712686203,-0.11427171827218453,-0.0539768588546775,11.559743746384843,11.595896613079052,11.467193805751206,11.332036776757693,-1.122375627274773,-1.4306492944403892,-0.32434967422066624,0.8644802798666485,11.628649999999997,12.30245034876849,10.954849651231504,11.588625485649553,-1.7082808408542451,-7.091679495018852,4.337351619564048
LSE:URNU,1D,1678089600,2023-03-06,11.46,11.488,11.253,11.253,1312.0,14763.936,-1.5485564304461907,0.0,-5.872020075282308,-8.093760209081998,1.0997387339557128,1.239532244606214,1.5279906899321622,2.050610820244323,-74.35101390721711,32700.0,352.36596945505346,266.50755807198914,-64.20916903909489,40.436874414513085,-0.17035598123322337,-0.1254885708643923,-0.04486741036883107,11.530530056252953,11.582449687075952,11.462952344251182,11.331250341168065,-2.406914989154811,-2.844386947292868,-1.8315730358634486,-0.6905711092073423,11.603749999999996,12.294224872823458,10.913275127176535,11.90089191551803,-3.0227297209953354,-8.469219357823027,3.1129506849641615
LSE:URNU,1D,1678176000,2023-03-07,11.16,11.16,10.91,10.933,923.0,10091.159,-2.8436861281436085,-2.444900508610698,-8.96752706078268,-11.308509775290016,1.4912989633581955,1.3576907018268989,1.5849315145330762,2.240143369175627,-31.649940774601028,-0.3945167803624725,-34.45945981053231,-91.38564185231955,-73.22035531949714,34.106536291450496,-0.1955927681401075,-0.13950941031953534,-0.056083357820572166,11.47362243184791,11.556981071896503,11.452458238424425,11.327287651206193,-4.711872253589909,-5.399170146725075,-4.535779372515659,-3.4808655288647787,11.560949999999997,12.304284238415342,10.817615761584651,12.859397167453288,-5.431647053226567,-11.144770486803614,1.0666328048468796
LSE:URNU,1D,1678262400,2023-03-08,10.946,10.946,10.79,10.861,528.0,5734.608,-0.6585566633128983,-2.8967367009387557,-9.619705417325445,-10.902378999179646,1.4936261459542512,1.3430909994093285,1.5801059992522886,1.425178147268414,-43.17195874131009,14.188247264820339,358.85380326588614,197.74394866096927,-84.83275157794732,32.86005762314528,-0.21887979186327655,-0.15538348662828358,-0.06349630523499297,11.415277438338585,11.529687696528013,11.440746194099189,11.322647973084738,-4.855575708366272,-5.799703462300868,-5.067380958055034,-4.077208566248185,11.513549999999997,12.306795857222426,10.720304142777568,13.779344463218191,-5.667669832501673,-11.747947020458117,1.3124241192095427
LSE:URNU,1D,1678348800,2023-03-09,11.008,11.008,10.746,10.777,571.0,6153.6669999999995,-0.7734094466439684,-3.215087561742259,-8.382215421236085,-11.750736980019658,1.4992051436565075,1.2862463519181488,1.5782751454930215,2.3800872093023138,7.30754395069374,55164.18500224516,19.98567659283073,-48.42340922783135,-83.64107361583731,31.41744550055911,-0.2413311091180308,-0.17257301112623302,-0.06875809799179777,11.354489110877767,11.500170531958288,11.427602705107127,11.317218640019219,-5.08599819189156,-6.288346159290777,-5.693256248892567,-4.7734223151696735,11.447099999999995,12.253250333374963,10.640949666625028,14.084795858775895,-5.853884389932791,-12.047826439601955,1.2785544301716638
LSE:URNU,1D,1678435200,2023-03-10,10.65684,10.742,10.618,10.668,1220.0,13014.96,-1.0114131947666325,-5.709740144953162,-9.424350483953143,-15.111005013129633,1.2427907613128768,1.2726537024804339,1.4563502297073467,1.1635719406503293,111.49925727212735,842.9025985504684,7.807114545928941,-61.58584054748447,-64.74921261917352,29.601405208582435,-0.26486611711969843,-0.1910316323249261,-0.07383448479477234,11.289109195556074,11.46753639345012,11.412561067382233,11.310758753053854,-5.501844164999067,-6.972172278492085,-6.524048922815695,-5.68272002866574,11.376849999999997,12.197329926628589,10.556370073371406,14.423674859536542,-6.230635017601519,-12.538235300906589,1.0574650741942182
LSE:URNU,1D,1678694400,2023-03-13,10.556,10.874,10.24,10.51,5049.0,53064.99,-1.4810648668916337,-6.5362383281458385,-8.885999133073257,-17.19193192562244,1.2581796563253136,1.2363108222967203,1.437415795646582,6.00606290261463,307.72303564513453,1189.3402532272996,-28.798237056630065,-56.02209574970733,53.0671449717381,27.15142534366312,-0.29289079726778944,-0.21140346531349877,-0.08148733195429067,11.21490831978883,11.429985946648154,11.394688570998428,11.302791004267249,-6.285457711187983,-8.048880820522271,-7.76404344433004,-7.014117167768025,11.303399999999996,12.157435455938776,10.449364544061217,15.111125076327122,-7.019126988339764,-13.550846820527612,0.5802788837838438
LSE:URNU,1D,1678780800,2023-03-14,10.804,10.804,10.342,10.441,12864.0,134313.024,-0.6565176022835305,-8.652668416447936,-7.100275825251357,-16.725155527197316,0.7232203792048241,1.1175558998966308,1.4331767926273558,4.276194002221398,153.11042930564957,133.33837837387088,304.69422681475334,70.66235451619146,267.76406707573125,26.134157360239456,-0.31701394214429435,-0.23252556067965788,-0.08448838146463647,11.141202765523227,11.391202184034501,11.375803648800439,11.294215969398918,-6.284804076001774,-8.341544366285323,-8.217473487238077,-7.55445062951391,11.227699999999997,12.105358726385429,10.350041273614565,15.633811490963106,-7.006777879708189,-13.748941803415631,0.8788247696878044
LSE:URNU,1D,1678867200,2023-03-15,10.632,10.632,9.864,9.864,2676.0,26396.064000000002,-5.526290585192988,-12.343375099973334,-12.343375099973334,-20.579710144927528,1.6623928580876113,1.6875487368480189,1.6841472688608035,7.223476297968387,-80.34735335867354,78.78744529913976,58542.28205811784,-90.64821369127105,-5.704175847725021,19.540914954260558,-0.3783296375074343,-0.26168637604521316,-0.11664326146222115,11.019564406901967,11.331311902307657,11.345866942883598,11.279984964728282,-10.486479902764515,-12.949179362089874,-13.060852470273854,-12.553074930117072,11.120399999999997,12.107197122006653,10.13360287799334,17.747511276692506,-11.298154742635122,-18.527798791095123,-2.6604839486933414
LSE:URNU,1D,1678953600,2023-03-16,10.15,10.15,10.0,10.123,6999.0,70850.877,2.6257096512570817,-7.408762462270197,-9.672526099759091,-19.77969728187654,2.20769470571551,1.9186107709076266,1.7408753973791888,1.4778325123152742,168.4145522605188,602.1084198554398,599.3384843227723,-51.51032915414577,178.02095084753373,28.28670151546332,-0.40139658244998166,-0.28962841732616684,-0.11176816512381482,10.93417732053035,11.283927121825004,11.321651755895804,11.26847267652203,-7.4187320797080885,-10.288325237226825,-10.587251593139674,-10.165287784817851,11.025699999999997,12.013667226177343,10.03773277382265,17.921170105795493,-8.18723527757873,-15.737636065510863,0.8494669872036918
LSE:URNU,1D,1679040000,2023-03-17,10.206,10.48,10.02,10.098,432.0,4362.336,-0.24696236293587454,-7.025135807015927,-9.718372820742061,-17.473030402092185,2.223264034018281,1.9176949834288006,1.6882471595424142,4.507152655300812,-93.84293295339168,-23.929656569376668,-13.136608148241812,-93.99601703161062,-81.20290858031774,27.970654753356243,-0.4168889571776173,-0.3150805252964569,-0.1018084318811604,10.854541385241745,11.237420175871081,11.297421028056283,11.256826182228279,-6.969814369774918,-10.139517416262823,-10.616768420665313,-10.294430805530032,10.942449999999996,11.948312908154277,9.936587091845714,18.384601403785837,-7.717193133164832,-15.485976324670126,1.624430064994318
LSE:URNU,1D,1679299200,2023-03-20,11.736,11.87,9.796,10.191,906.0,9233.046,0.9209744503862147,-5.437505799387572,-8.477772788504707,-13.275465917794222,2.3257210614331383,1.9628706933659847,1.5910156631276684,17.672119972733466,111.65371030567108,50.04136557925545,82819.13785361474,-71.61400726933583,-58.83809791802578,31.05660776594476,-0.41685718287958196,-0.3354358568130819,-0.08142132606650004,10.791346967599674,11.196384090542804,11.275511700768039,11.246220946584216,-5.563225512090163,-8.979542702469594,-9.618292540055332,-9.382893610183917,10.863099999999996,11.842835249953051,9.88336475004694,18.037857516787213,-6.187000027616383,-13.947971200220815,3.1126570528685513
LSE:URNU,1D,1679385600,2023-03-21,10.274,10.396,10.194,10.302,413.0,4254.726,1.0891963497203303,-3.4308211473565775,-8.944670319957579,-12.613453219102555,2.408975785261308,1.9251972510216178,1.6094303749590566,1.9661280903250922,-53.918501001727925,-67.30895830644121,208.24468162178295,-68.23006705940965,-80.77087067245414,34.65506610200781,-0.4032270784252283,-0.3489941011355112,-0.0542329772897171,10.744742494494943,11.161310204639165,11.25623424134689,11.23682571328487,-4.120550071086229,-7.699008350130751,-8.477384362185319,-8.319304197978814,10.801449999999996,11.759236505438821,9.84366349456117,17.73440612952568,-4.623916233468619,-12.392271426506541,4.656157798283841
LSE:URNU,1D,1679472000,2023-03-22,10.358,10.358,10.279,10.279,78.0,801.762,-0.22325761987963202,-2.197906755470979,-8.590484659848816,-12.956219832331268,2.373344893742413,1.9283197423219889,1.6060492983646937,0.7626955010619871,-81.15596633014677,-98.48909422200964,-80.51928361603336,-91.04298832047736,-96.33141685289858,34.2560861142164,-0.38978779911284,-0.357152840730977,-0.03263495838186303,10.700386066447805,11.126709804457237,11.236883068250911,11.227295109172584,-3.938045448370374,-7.618692491806102,-8.524455246467308,-8.446336361086978,10.753449999999996,11.71492791966359,9.791972080336402,17.882222350289332,-4.41207240467009,-12.25724929347089,4.973747021211547
LSE:URNU,1D,1679558400,2023-03-23,10.194,10.238,10.12068,10.147,56.0,568.232,-1.2841716120245128,-2.8158222392491186,-11.224846894138228,-16.18205848339666,2.3973029554623704,1.8273983107449823,1.5145655155465445,1.150873062585829,-29.12709756760734,-99.57693454954898,-99.01282593845745,-98.53226869139155,-97.23934817597564,31.980465101952078,-0.38534633755341474,-0.36279154009546455,-0.022554797457950193,10.647682631548015,11.08828981212558,11.21530122531525,11.216545904106189,-4.702268548693804,-8.489044100346606,-9.525390391689816,-9.535430187243705,10.698149999999995,11.665545322502997,9.730754677496993,18.085282455433926,-5.151825315591899,-13.017353930070474,4.2776263126394705
LSE:URNU,1D,1679644800,2023-03-24,10.324,10.324,9.83022,9.8545,59.0,581.4155,-2.8826254065240997,-0.09630981346310778,-12.427797031902605,-18.375714404042082,1.647437575304963,1.895890059363711,1.5686899010746382,4.782836110034863,2.3200910895549676,-97.7973401640487,-96.06192075067246,-98.48415711357836,-96.99124223072349,27.604457805485765,-0.4008084820575295,-0.37039492848787753,-0.030413553569651974,10.572141428543443,11.039905897924578,11.188354666398116,11.202993208542944,-6.78804226555182,-10.73746378714538,-11.921812511039443,-12.036901062428909,10.630524999999995,11.634579056065055,9.626470943934935,18.890018245854474,-7.299968722146796,-15.29990081710011,2.368771041777593
LSE:URNU,1D,1679900400,2023-03-27,9.851,11.27,9.83,9.8985,2667.0,26399.2995,0.44649652443046817,-2.21772201916427,-9.462178724961124,-17.3678938141748,1.288644360112844,1.8467920714321377,1.5810217359600103,14.617805298954414,4440.522139502646,-62.739629179184334,161.60820080230627,980.2932705764499,31.192131646488413,29.17444014645288,-0.40484510829798914,-0.37728496444989984,-0.027560143848089302,10.507985102015496,10.995144882319693,11.162812989835777,11.190013176617144,-5.800209041965551,-9.973901154164041,-11.326114582292007,-11.541659122581855,10.566199999999997,11.584658315298423,9.54774168470157,19.277664918294686,-6.319206526471169,-14.555097521277105,3.673730677699974
LSE:URNU,1D,1679986800,2023-03-28,10.042,10.15,10.042,10.15,50.0,507.5,2.5407890084356217,0.5149534561299227,-6.5463585305220535,-15.0982852363028,1.6320572130524418,2.0258281858077973,1.6788839345437943,1.075482971519623,-98.07760050602859,-88.36632483146644,-91.15022334569338,-84.45023539126424,-97.46639545077582,37.51556777874087,-0.3833314096738718,-0.37849425349469423,-0.004837156179177571,10.473891282775925,10.962001945758136,11.142757287066752,11.179664786800059,-3.0923681946991075,-7.407423842616158,-8.909440109756602,-9.21015796480583,10.516949999999996,11.515695658313742,9.51820434168625,18.99306658895871,-3.489129452930705,-11.85942819987414,6.6377610275366425
LSE:URNU,1D,1680073200,2023-03-29,10.302,10.404,10.302,10.346,1449.0,14991.354,1.931034482758618,1.5209498577175875,-3.9992576783891542,-13.855120732722728,1.7404818862099012,2.113913420207801,1.7278445963563351,0.9900990099009932,2853.9613793103445,62.366287355223825,143.61659478811578,-2.633439892133573,-25.107767382894686,43.1360613260549,-0.34647217104046035,-0.37208983700384746,0.025617665963387104,10.46171116060679,10.937845006708796,11.126979915045629,11.171369614792098,-1.1060443060452259,-5.4109836658481125,-7.0187950459909345,-7.388258049391007,10.468549999999997,11.39962985157051,9.537470148429485,17.788134012265548,-1.1706492303136238,-9.24266722068482,8.477403745307182
LSE:URNU,1D,1680159600,2023-03-30,10.57,10.612,10.512,10.536,1014.0,10683.503999999999,1.836458534699396,2.2714036109493305,-1.237345331833518,-12.324207372888408,1.811316269071466,2.1689377301937656,1.7751723249088933,0.9460737937559095,-28.735563178616157,151.0973444588441,-17.913662431540324,754.8389781143379,-47.45393701260268,48.01744002801686,-0.29848875420755405,-0.35736962044458875,0.0588808662370347,10.468786288168047,10.922086378994726,11.115277342470469,11.165047529072774,0.6420392009331398,-3.5349141693041766,-5.211541958175914,-5.634078381079812,10.433099999999996,11.294620667192959,9.571579332807033,16.515142521263346,0.9862840383012104,-6.716654676119357,10.0758781143606
LSE:URNU,1D,1680246000,2023-03-31,10.834,10.834,10.558,10.585,63.0,666.855,0.46507213363706595,2.976943282420478,0.71360608943864,-10.014452095553846,1.796813415589675,2.1358394334059474,1.7534553428503514,2.547535536274689,-93.75808723430066,-16.82631504112192,-98.74332398818882,-86.99750110555023,-96.6959513457029,49.227920201745086,-0.2535844959571847,-0.33661259554710793,0.08302809958992324,10.47985426072347,10.908867305308657,11.10477680103541,11.15927591186807,1.0033129913895515,-2.9688444844411177,-4.680659596750696,-5.146175400657649,10.390849999999997,11.126329714200569,9.655370285799425,14.156295475357117,1.8684708180755578,-4.865303546682312,9.628110436819014
LSE:URNU,1D,1680505200,2023-04-03,10.698,10.728,10.538,10.586,33.0,349.338,0.009447331128950832,4.326401892184883,1.3887558662963275,-10.12056376294787,1.672605846991334,2.126435346952501,1.7525437655999756,1.7760329033464153,-47.61409901702769,-38.521941742105334,-99.73990757590269,-97.10632058944125,-98.23497091537867,49.2538913628051,-0.21543347315752648,-0.31237677106919165,0.09694329791166517,10.489963378749806,10.896205842355377,11.094503993094115,11.153571673939034,0.9155095950548479,-2.8469161361613997,-4.583386453424489,-5.088698853885501,10.357499999999996,10.986338373511481,9.728661626488512,12.142667120665894,2.206130823075105,-3.643965440539438,8.812500695647472
LSE:URNU,1D,1680591600,2023-04-04,10.564,10.642,10.402,10.402,502.0,5221.803999999999,-1.7381447194407806,5.555837434674508,5.454176804541752,-9.822280017338542,1.3462345727575649,1.5547036276909216,1.7428324467672776,2.2718667171525957,1394.7712530557797,798.1191591899424,-80.21749000153963,-92.99346611495184,-70.13039823271792,44.72095154078617,-0.19776605104203782,-0.2894546270637609,0.09168857602172309,10.481585914106967,10.876825221086538,11.080791042735816,11.146093348825213,-0.7592926753560691,-4.365476243619422,-6.1258356025115095,-6.675821972221686,10.330949999999996,10.902591574765623,9.75930842523437,11.066582933140262,0.6877392688959214,-4.591491585580973,6.58542128972828
LSE:URNU,1D,1680678000,2023-04-05,10.38,10.382,10.155,10.155,402.0,4082.31,-2.3745433570467207,2.591301712380654,0.3161118245579377,-9.644986208737444,1.7490636949956597,1.574785611591774,1.7349564623330869,2.186897880539502,-21.821845477156927,-84.53629423007986,-94.2381658874879,-87.6997238252328,-75.27638667544464,39.469654939146345,-0.20137401319039228,-0.2718385042890872,0.0704644910986949,10.450482493715826,10.84851834967138,11.062458546840057,11.136231723463768,-2.8274531237529867,-6.392747168947626,-8.203045850953893,-8.81116474432134,10.295649999999997,10.81698560208424,9.774314397915754,10.127298462636993,-1.3661109303443428,-6.119871343423875,3.8947550343318356
LSE:URNU,1D,1680764400,2023-04-06,10.082,10.118,9.991,9.991,3567.0,35637.897,-1.6149679960610508,-1.5665024630541942,-1.059615765498129,-11.214787167866351,1.6155616027132638,1.6306980825967878,1.748072140234233,1.2596707002578917,772.9836048707716,6922.245714285714,716.945255936269,79074.21354305517,101.36435793101167,36.412369211401646,-0.21498852469476937,-0.2604685083702236,0.04547998367545425,10.406722256219082,10.814890179096032,11.04124154591253,11.12483638293179,-3.9947472987534143,-7.61810952725641,-9.511987773705851,-10.191937606123998,10.256349999999996,10.7440339242794,9.768666075720592,9.509892394066192,-2.5871776996689495,-7.008856539234222,2.275990627133879
LSE:URNU,1D,1681196400,2023-04-11,10.99,10.99,10.144,10.313,1956.0,20172.228000000003,3.222900610549504,-0.31896385076357503,1.1971347267196535,-7.977157133934148,1.898812043720591,1.8259572496707126,1.863823227338451,7.697907188353049,-43.396693693794546,34.55907985362766,118.47858225768617,99.11137239604516,11.863358038461334,45.36127547468276,-0.19751854339825847,-0.24787851537583058,0.05035997197757211,10.39779632705536,10.795208211288346,11.026820921240995,11.116758408972268,-0.8155221009159134,-4.466872725846168,-6.473496997361765,-7.230150907332476,10.238599999999996,10.689516910306784,9.787683089693209,8.808175147125343,0.7266618482996139,-3.522300525515306,5.367122182980872
LSE:URNU,1D,1681282800,2023-04-12,10.394,10.4564,10.345,10.345,200105.0,2070086.225,0.3102879860370409,-1.8128321943811594,0.41739468064454516,-7.5100581135449245,1.754376981266962,1.8067866054575543,1.866609547944066,1.0717721762555292,10162.060417917146,19276.472597380038,48553.808141816895,41119.82142803807,2283.014370424753,46.172020299350805,-0.17902760599046985,-0.23410833349875843,0.055080727508288574,10.39276810543104,10.777552987316254,11.013319516859985,11.10907922082329,-0.4596283198705924,-4.013461940992639,-6.068284097604475,-6.877970762788957,10.230349999999998,10.666912034538674,9.793787965461322,8.53464513997422,1.1206850205516217,-3.0178559033424674,5.628180194247396
LSE:URNU,1D,1681369200,2023-04-13,10.41,10.645,10.41,10.645,53.0,564.185,2.899951667472198,0.5668398677373521,3.560657651522518,-4.400538841490797,2.073226698356081,1.947124960207599,1.9492355469218015,2.25744476464937,-99.97274582125196,-15.396150587459054,-29.63186082652957,4966.771441400988,-99.3506668038157,53.18530951097528,-0.13856857974800896,-0.21500038274860853,0.07643180300059957,10.416790190628085,10.77235483095091,11.00602606108058,11.104461517133506,2.19078819094613,-1.1822376160966863,-3.280258097491128,-4.137629874484105,10.240549999999997,10.70496628955115,9.776133710448844,9.070143489385881,3.9494949001762847,-0.560172614552574,8.887626901241141
LSE:URNU,1D,1681455600,2023-04-14,10.73,10.762,10.499,10.499,4842.0,50836.158,-1.3715359323626024,-0.8218401662573186,3.4690056174238726,-7.203464733957923,2.1373731316377014,1.9522264621692698,1.9339728746268336,2.451071761416588,8910.547604066043,14452.140906514605,8846.373664277971,3582.957571788326,-42.58095111767799,49.785659440031345,-0.11693750699681615,-0.19538780759825006,0.0784503006014339,10.424619696282553,10.761635033658717,10.995985941059182,11.09843702442571,0.7135061602676164,-2.440475195797698,-4.519703314674386,-5.4010940739354005,10.272299999999998,10.715754101345789,9.828845898654206,8.633978784610875,2.20690595095551,-2.0227610609183952,6.818237952408568
LSE:URNU,1D,1681714800,2023-04-17,10.7,10.7,10.433,10.433,202174.0,2109281.342,-0.6286312982188849,0.29801961161315693,5.870414531432341,-7.220987105380164,2.048966935578935,1.77067850967337,1.9340986565622842,2.4953271028037336,4049.1753605770127,40293.7287190404,362683.81673691195,51150.0113468767,1229.036607632504,48.28316115382151,-0.10392242142825303,-0.17709473036425066,0.07317230893599763,10.42541782044612,10.748747385279943,10.984837704602564,11.091815760501076,0.07272782428930945,-2.937527266780395,-5.0236309305812314,-5.939656542503856,10.287799999999999,10.73096739501035,9.844632604989648,8.61539678085403,1.4113804700713555,-2.776705808918006,5.976529735727706
LSE:URNU,1D,1681801200,2023-04-18,10.7,10.7,10.342,10.376,73.0,757.448,-0.546343333652836,2.1762678483505673,4.82396322675152,-9.221347331583555,1.8259549651521574,1.7881492362690838,1.9030044764834433,3.345794392523353,-99.96408975962962,-81.4456031021652,-97.13080265633563,-98.68410610707022,-99.5169770315579,46.96490805393719,-0.09708812451353133,-0.1610934091941068,0.06400528468057548,10.420711361356013,10.734129840759161,10.972781512432215,11.084693215620469,-0.4290624680558748,-3.3363658356291443,-5.438744148473743,-6.393440051383506,10.301699999999999,10.737561835907112,9.865838164092885,8.461939988683682,0.7212401836590168,-3.3672619672189077,5.170993355271819
LSE:URNU,1D,1681887600,2023-04-19,10.514,10.514,10.286,10.286,200040.0,2057611.44,-0.867386276021587,2.9526573916524868,1.3399014778325047,-8.593264018483964,1.7286643570788056,1.703731413072542,1.8920487232657912,2.1685371885105553,271550.5212238992,5673.661223612607,405340.6778325123,13836.74044645005,814.8640183446857,44.881277796920536,-0.09780668818987692,-0.14843606499326084,0.05062937680338392,10.407881707893536,10.716556121513705,10.959181878522667,11.07674601944514,-1.171052009565967,-4.01767243722407,-6.142628947895648,-7.138793451226494,10.306449999999998,10.739443868317345,9.873456131682651,8.402386240021476,-0.19841943637235446,-4.222228579778319,4.178312667978013
LSE:URNU,1D,1681974000,2023-04-20,10.284,10.284,10.2,10.223,2077.0,21233.171000000002,-0.6124829865836947,-0.8726849607291753,-1.1888652619369742,-6.494100429891148,1.3154638975768138,1.6339958452630121,1.832777551755482,0.8168028004667581,-98.96806702241119,5.259423996199127,41.63611238851409,110.41360065776391,-90.57478070210853,43.428805730376624,-0.10228070032160197,-0.13920499205892906,0.036924291737327086,10.390273926189389,10.697200979493559,10.94460401954202,11.06825103417703,-1.6099087221152355,-4.432944472134319,-6.593240086654268,-7.636717233527008,10.302499999999998,10.737022841747534,9.867977158252463,8.435289332638392,-0.7716573647172793,-4.787387056204414,3.5977266267852714
LSE:URNU,1D,1682060400,2023-04-21,10.242,10.25,10.093,10.093,123.0,1241.439,-1.2716423750366894,-2.4359594006766616,-4.2046317388003,-7.071172083601884,1.3579150464101568,1.5694687340310376,1.8411015428375253,1.5329037297402852,-94.15330380940276,-99.94002959949168,-88.3798517789669,-78.35180713311179,-99.44856945689953,40.51509193097721,-0.11499075882569798,-0.13436214541228284,0.019371386586584854,10.361962123695161,10.673506823434987,10.927740573610494,11.058547043787208,-2.595667890737732,-5.438763782493808,-7.63872978121678,-8.731228794922572,10.293199999999999,10.737195202677077,9.84920479732292,8.626961541154898,-1.944973380484192,-5.999659971874789,2.4752780320228926
LSE:URNU,1D,1682319600,2023-04-24,10.0,10.182,10.0,10.084,179.0,1805.0359999999998,-0.0891707123749167,-5.270079849694692,-4.733112895607002,-6.430360953883267,0.4108042728401296,1.556757445410084,1.8384288075710482,1.8200000000000038,45.398686524267376,219.9369001302764,170.67893320137057,-70.667311052093,-99.19771066493453,40.31343985297293,-0.12435629459015196,-0.13236097524785667,0.00800468065770471,10.335489540486098,10.650388908790479,10.911032839479594,11.048850058276887,-2.4332620095155155,-5.318011517147514,-7.57978508218879,-8.732583510390763,10.290049999999999,10.739015577745382,9.841084422254616,8.72620789491564,-2.0024198133147983,-6.099400573575673,2.468382216049839
LSE:URNU,1D,1682406000,2023-04-25,10.07,10.1528,10.014,10.141,148.0,1500.868,0.565251884172951,-3.409848557005434,-4.203665218212736,-4.94000749906261,0.5431313534367024,1.5720152631536914,1.837140104278994,1.3783515392254202,-16.851076654426834,-97.04763684147807,329.6320469001368,-88.46813205726333,-99.33176511382548,42.27310164990957,-0.12572979076355573,-0.1310347383509965,0.005304947587440767,10.31696672710647,10.630412873151636,10.895784664440393,11.039816724363684,-1.7056052593844333,-4.603893366999,-6.92730893355223,-8.141590995619449,10.304374999999999,10.713339164078288,9.895410835921709,7.937680142236474,-1.5854915994419703,-5.342304162247895,2.481849092983271
LSE:URNU,1D,1682492400,2023-04-26,10.4,11.27,10.058,10.263,200147.0,2054108.661,1.2030371758209237,-1.6294450301926573,-1.3362814843299304,-2.3501427212178867,0.796733467965929,1.561480744469378,1.8355805351881398,11.653846153846152,136761.38028127726,-2.61570990561581,39237.14595568889,3770.930082150209,605.1442715886811,46.33444632696185,-0.11564087989356153,-0.1279559666595095,0.012315086765947975,10.311827038810616,10.616004525184906,10.883254275045534,11.032087204718273,-0.4735052151946104,-3.325210764063396,-5.699161844152897,-6.971366255964195,10.322599999999998,10.687728141890434,9.957471858109562,7.074344484731284,-0.5773739174238843,-3.9739796545321573,3.0683304582137456
LSE:URNU,1D,1682578800,2023-04-27,10.18,10.233,10.122,10.233,13.0,133.029,-0.2923121894182925,-1.378180416345402,0.7680945347119762,-1.9921463461354292,0.7872841665494741,1.4298353335156637,1.832812446263333,1.090373280943032,-99.99352376032846,-82.43721021113001,-96.74133027624066,-99.90095599366447,-99.95362106552177,45.48697543067877,-0.10881178015332615,-0.12412712935827283,0.015315349204946677,10.304319701781033,10.600984739883536,10.870377952767404,11.024136088253416,-0.6921340160739109,-3.4712316724604433,-5.863438746443388,-7.176399873151031,10.326749999999999,10.685772492332003,9.967727507667995,6.953252326859932,-0.9078364441861984,-4.237152650001738,2.6613136457425868
LSE:URNU,1D,1682665200,2023-04-28,10.292,10.426,10.20456,10.426,290.0,3023.54,1.8860549203557082,1.3610733035193523,4.353918526674012,5.697485806974852,1.0095335881603404,1.4203109943253551,1.5567602367031605,2.1515740380878294,2172.8427636079355,-99.85305583254339,-91.51594158319723,-88.54548920626954,-98.94300876374409,51.61790368846879,-0.08682531420125095,-0.11666676632686845,0.029841452125617507,10.31590830161141,10.594122593221437,10.861578389346267,11.018184485385222,1.067203150413747,-1.5869421157067656,-4.010267879422663,-5.374610364989884,10.330749999999998,10.692314862784423,9.969185137215574,6.999779547165982,0.9220046947220855,-2.4907128737047963,4.58226882635682
LSE:URNU,1D,1683010800,2023-05-02,10.0,10.39,10.0,10.1,202601.0,2046270.0999999999,-3.12679838864378,-1.2031693240731791,-2.065354407059061,-0.22720537390101442,1.5413519890951852,1.4330366864843909,1.5994837923013432,3.9000000000000057,67577.95696435304,9537.138513131174,10043.996488637744,2788.136585804012,481.4937885760025,42.851240380479986,-0.09461568629918382,-0.11225655032133153,0.017640864022147706,10.295345606219847,10.574745236624517,10.846497629161192,11.009048321351537,-1.897416693829403,-4.489424813567021,-6.88238410852741,-8.25728341648279,10.308949999999998,10.670960759509098,9.946939240490897,7.023232424429272,-2.026879556113843,-5.350603121657106,1.5387724385209867
LSE:URNU,1D,1683097200,2023-05-03,10.3,10.316,10.10448,10.141,7820.0,79302.62,0.4059405940594096,0.4755771326662047,-1.9719671338811078,0.42582689641512433,1.4791665318172076,1.435387119690456,1.6003463253893306,2.0535922330097103,-96.1245282331008,6287.9594567272325,-96.16911512949177,1717.8934405786258,-77.62321750463417,44.136274906406484,-0.09637035747221745,-0.10907931175150871,0.012708954279291265,10.2806460246751,10.557735619501987,10.832527379078792,11.000411024621672,-1.3583390026261835,-3.9472064325252,-6.38380458113922,-7.81253557433531,10.286749999999998,10.632410454782367,9.941089545217629,6.720498792764844,-1.4168712178287395,-4.6218160676945494,2.010951152517704
LSE:URNU,1D,1683183600,2023-05-04,10.1996,10.1996,10.13,10.13,2508.0,25406.04,-0.10847056503302664,0.4561681872273022,-4.837952090183173,-0.5985673633598267,1.4794951126270108,1.1651758970994652,1.5918229660157304,0.682379701164746,-67.96317700474461,1307.5087699081903,4403.1399275060485,175.16423074248738,-92.84207825394842,43.851379947913415,-0.0975243550297531,-0.10676832040715759,0.00924396537740449,10.266298784229853,10.540961673639163,10.818615945829707,10.99175021840653,-1.3276331333666456,-3.8987113924045045,-6.365102054437472,-7.83997271847992,10.263949999999998,10.587068848104508,9.940831151895487,6.296189052061053,-1.3050531228230549,-4.317236948792867,1.9029480051921326
LSE:URNU,1D,1683270000,2023-05-05,10.326,10.472,10.326,10.472,3.0,31.415999999999997,3.3761105626850814,3.2639779114485705,-0.25716734927136886,1.6501650165016497,1.8839333519881458,1.4688765169399167,1.6939901571773008,1.4139066434243561,-99.87634436535564,-97.90681125855171,-99.93820146675915,-99.26162107736197,-99.99114531443504,53.829935388779646,-0.07003504422691442,-0.09942166517110895,0.02938662094419453,10.285889376207962,10.538257294280765,10.81175226373407,10.986578574442285,1.8093780419467247,-0.6287310361716442,-3.142434782507024,-4.683701763525662,10.267449999999998,10.597907546441665,9.936992453558332,6.436993536694431,1.9922181262144072,-1.188041562826612,5.383998719351816
LSE:URNU,1D,1683615600,2023-05-09,10.51,10.706,10.51,10.706,652.0,6980.312,2.2345301757066465,4.316476663743541,2.616697019074089,4.154100593442938,1.9731365574830932,1.5643911322953385,1.736773127820287,1.8648905803996167,22118.97122485358,-99.66017805520563,-99.66906681147707,770.6214562426256,-98.03372134850797,59.17582992498996,-0.0290330480796559,-0.08534394175281834,0.05631089367316244,10.325899911807204,10.544835439603087,10.809658159501712,10.98378674783092,3.681035952693754,1.5283743527341247,-0.9589402178328534,-2.529061736252091,10.294999999999998,10.671964719835078,9.918035280164919,7.323258277514904,3.992229237493943,0.3189223452141221,7.944766252353748
LSE:URNU,1D,1683702000,2023-05-10,10.91916,11.27,10.86104,10.94,3124.0,34176.56,2.1856902671399214,6.909019837779722,5.435620663068621,7.815117768798652,1.9989252405610676,1.6285909149023963,1.7528234257225663,3.7453430483663617,389.61364477690967,25591.059844094143,4412.066834951047,5914.543355530839,-90.40311632574245,63.701966781582385,0.022088550589332456,-0.06385744328438818,0.08594599387372064,10.384385634492231,10.560332089030418,10.812239186046233,10.983351058797776,5.350478931197131,3.595227003930713,1.1816314063663058,-0.39469792566679496,10.342449999999998,10.787217568512318,9.897682431487677,8.60081641221027,5.77764456197518,1.4163284509404013,10.530925554818554
LSE:URNU,1D,1683788400,2023-05-11,10.976,10.976,10.738,10.77,1241.0,13365.57,-1.5539305301645332,3.299443698446187,4.7054248493097415,9.290172002638386,2.1338248641836577,1.6754376009025176,1.688292198259139,2.1683673469387874,-60.89258251854487,342.05037803369555,-99.35043275225958,2198.798363648716,-96.25139225792665,58.61739289306289,0.04832811022356154,-0.04142033258279823,0.08974844280635977,10.421110812159638,10.568554360048832,10.811402766520565,10.981228162690336,3.34790785866386,1.9060851000839862,-0.38295462128907903,-1.9235386020664051,10.365299999999998,10.847084225562014,9.883515774437981,9.296098049492374,3.904373245347476,-0.7106446668899229,8.969320693095444
LSE:URNU,1D,1683874800,2023-05-12,10.728,10.728,10.612,10.612,14.0,148.568,-1.4670380687093731,5.069306930693074,3.80514526068668,7.208162852957517,1.7822822966858598,1.723998281282282,1.7178473983867892,1.0812826249067828,-98.88842750440125,-99.99273957040178,-99.30030234297082,-99.43722749158552,-99.95822899468925,54.280872525285616,0.055731433467204994,-0.021989979372797584,0.07772141284000258,10.4392907348111,10.570258110635153,10.807454196886495,10.977554250623765,1.654415702907662,0.3948994331827009,-1.8085128405429893,-3.3300154321987825,10.378649999999997,10.872100007600055,9.885199992399938,9.508943987899364,2.24836563522234,-2.392362169389855,7.352405699013163
LSE:URNU,1D,1684134000,2023-05-15,10.36,10.894,10.36,10.715,20358.0,218135.97,0.970599321522802,5.6601913026328745,6.162687010799563,5.566502463054182,1.7788050811189804,1.675705972492772,1.6704275622549405,5.154440154440162,146725.67578482578,175.06779725562663,17471.219367202095,42882.45714285714,-39.89533145374517,56.53816469387888,0.06911316611145857,-0.0037693502759463503,0.07288251638740492,10.465548760067186,10.575934263159265,10.805623420710525,10.974941770518056,2.3835466792207876,1.3149262597552553,-0.8386690631549515,-2.368502502822717,10.382149999999998,10.884028182431114,9.88027181756888,9.66809730992361,3.20598334641671,-1.5529928772507053,8.44843338162847
LSE:URNU,1D,1684220400,2023-05-16,10.496,10.676,10.395,10.395,112.0,1164.24,-2.9864675688287474,2.6159921026653383,3.0840936136453787,0.47361299052773526,2.22031568653824,1.893317916278222,1.7321286533235025,2.677210365853664,-99.46627784496064,-95.41746765729724,-35.500455392579426,-92.23392363358239,-99.67880015570464,48.522644060415885,0.05328274962349333,0.007641069703941588,0.045641679919551745,10.458829830536978,10.568838801858902,10.797492263864772,10.969171205637279,-0.6102960997664577,-1.6448240447032563,-3.727645772081409,-5.234408278195176,10.376949999999997,10.876024934253824,9.87787506574617,9.618913731950654,0.17394321067367913,-4.422800951281803,5.23518399262894
LSE:URNU,1D,1684306800,2023-05-17,10.486,10.486,10.469,10.469,0.0,0.0,0.7118807118807104,-0.028647822765470912,3.234395030075923,-0.6359149582384223,1.8785935886190694,1.8955192542954238,1.7045939163115356,0.16212092313562118,-100.0,-100.0,-100.0,-100.0,-100.0,50.27815558503698,0.04617592474405008,0.015348040711963287,0.03082788403208679,10.459798418104885,10.56492355472718,10.79098746656052,10.96419437772049,0.08797092952754515,-0.9079436706786249,-2.983855440091148,-4.516468430427848,10.378749999999997,10.878879133325114,9.87862086667488,9.6375600785281,0.869565217391332,-3.76765959343677,5.976331527376862
LSE:URNU,1D,1684393200,2023-05-18,10.5536,10.5536,10.41,10.458,111.0,1160.838,-0.10507211768076448,-2.3164580609004237,1.9000292312189446,-1.199811053377427,1.6476576279832167,1.8781838698891273,1.7024042312212355,1.360673135233468,,-83.36982644901832,-99.94348702081638,74.07652338214453,-99.67943834260741,50.00516481421681,0.03920418531150638,0.020119269631871904,0.019084915679634475,10.459627140190134,10.560730474149643,10.7843936553415,10.959157617743172,-0.015556388084639076,-0.9727591704106552,-3.0265369178158403,-4.572957477423116,10.382849999999996,10.884164781350545,9.881535218649447,9.65659296533321,0.723789710917564,-3.915456903783343,5.833757291706963
LSE:URNU,1D,1684479600,2023-05-19,10.628,10.628,10.54,10.624,2045.0,21726.08,1.5873015873015908,-2.8884826325411237,3.8209713671455092,0.358964670319292,1.5264735676895915,1.9085454333310428,1.7268776596073723,0.8280015054572918,1771.585871585872,-36.4298805965258,16231.837418908663,6119.214628812211,-94.01219554952463,54.05902633193455,0.0465373901969901,0.025402893744895544,0.02113449645209456,10.475281698267265,10.563211632026128,10.78121754335454,10.955822716074085,1.4197069445620265,0.5754724045248776,-1.458254067523635,-3.02873389496567,10.399749999999996,10.909582080199542,9.88991791980045,9.804698770634797,2.1563018341787545,-2.6177178749849745,7.422529551330823
LSE:URNU,1D,1684738800,2023-05-22,10.55,10.91124,10.476,10.889,23054.0,251035.006,2.4943524096385428,1.1049210770659217,4.4408210243621635,4.681791963084024,1.7347195386075915,1.950921090927271,1.7496635404103795,4.125497630331739,1055.4546701475829,1778.221475028749,8202.68513067464,4707.438310591512,-32.341524895167964,59.67971840868582,0.0728920391506076,0.034900722826037955,0.037991316324569646,10.51468344128943,10.575987646456475,10.783351849426728,10.955157813426581,3.559941303041899,2.9596512780383195,0.9797338716986049,-0.6038964892454495,10.433049999999998,10.97813548870832,9.887964511291676,10.449206870633654,4.3702464763420235,-0.8119364968669036,10.123777118791025
LSE:URNU,1D,1684825200,2023-05-23,10.642,10.906,10.378,10.84,10012.0,108530.08,-0.44999540821011563,2.1485111194873707,7.326732673267329,6.7454455933037964,1.6308181752411648,1.7203189152770835,1.6895164641993043,4.96147340725428,-56.766953848659654,72950.7780948791,-94.69619968546674,2558.54577432875,-71.0211043125188,58.26034220790133,0.08880075797010178,0.04568072985485072,0.04312002811525106,10.545665970690436,10.586341072085633,10.784473594982634,10.954011964536765,2.7910425963386873,2.3960963111534577,0.5148735775402049,-1.0408238087184365,10.470399999999996,11.019520168998133,9.92127983100186,10.489000783124558,3.5299511002445354,-1.629110580542224,9.26009733267817
LSE:URNU,1D,1684911600,2023-05-24,10.728,10.7428,10.47,10.572,7.0,74.00399999999999,-2.472324723247239,-1.3345776948203518,4.250073957203424,5.8152337103393,1.8624203378687334,1.8858222819638555,1.7273452643608485,2.542878448918719,-99.93181245236343,-99.96607437095312,-99.90668151947565,-99.79234464929286,-99.98017725606343,51.10171673718146,0.07887396208258046,0.05231937630039667,0.026554585782183796,10.548173973481823,10.585778677101882,10.780266197062186,10.950210850461772,0.22587820961310046,-0.13016214982547378,-1.9319207267715088,-3.4539138618122953,10.494799999999996,11.015717498266826,9.973882501733167,9.927154367245295,0.7356023935663669,-4.028039919656975,5.996837221241551
LSE:URNU,1D,1684998000,2023-05-25,10.488,10.538,10.337,10.337,5707.0,58993.259,-2.222852818766548,-0.5579605579605563,2.0434353405725463,0.23271598952777206,1.7106931287089742,1.9952222254847503,1.6861520107446348,1.9164759725400506,79616.31128047133,4967.104634783206,132.20170872753093,192.44790907578474,-84.25262339263526,45.788793270687115,0.05145127058002075,0.052145755156321486,-0.0006944845763007385,10.528062166483554,10.576022650548866,10.771488648605509,10.944109249959665,-1.814789497461437,-2.260042914492643,-4.033691746606986,-5.547361014893948,10.504599999999996,11.005515322185836,10.003684677814157,9.537066088872303,-1.595491498962328,-6.074366375540703,3.331925514656204
LSE:URNU,1D,1685084400,2023-05-26,10.53,10.53,10.301,10.301,549.0,5655.249,-0.34826351939633926,-1.604737797306326,-1.6329258976317742,-0.42532624456259527,1.6818746093106591,1.7866638938846695,1.6865420491956982,2.1747388414055004,-90.41373693221458,,17901.174560733383,-99.7268109447953,-98.15072154367296,45.01666280605227,0.02650812173237327,0.047018228471531844,-0.020510106739158575,10.506437198247026,10.565237448566558,10.76217204170243,10.93771015294514,-1.9553459880891164,-2.501008139693143,-4.285120512062343,-5.821238120610614,10.506499999999997,11.004012009905688,10.008987990094306,9.470556510839785,-1.9559320420691684,-6.38868813731614,2.9174978548749597
LSE:URNU,1D,1685430000,2023-05-30,10.362,10.448,9.9965,9.9965,11859.0,118548.4935,-2.956023687020686,-4.412889653853518,-6.627124976648611,-6.0920620009394115,1.9321066872163604,1.801918881180751,1.6784714321054004,4.357266936884782,1996.2559473508595,10112.320194549111,1598.3265719354665,20912.344089261504,-61.726600580522515,39.022649262724656,-0.017626916501336964,0.034089199476958085,-0.05171611597829505,10.457871750794927,10.542934019211007,10.747010219094461,10.928344877791456,-4.411717429598984,-5.182940709059855,-6.983432636557962,-8.52686191927516,10.494674999999997,11.027608792792712,9.961741207207282,10.156270542779362,-4.746931181765973,-9.350248201283783,0.34892286468523215
LSE:URNU,1D,1685516400,2023-05-31,9.992,10.008,9.861,9.9355,356.0,3537.0379999999996,-0.6102135747511623,-6.480609939759047,-9.181901279707498,-5.367177826459675,1.7134694653383316,1.644309030503763,1.666204666713071,1.4711769415532272,-97.0163787867958,-83.7198519014935,-89.65069041471698,-93.04227908017754,-98.85222435579564,37.93299486251011,-0.05687087048499784,0.015897185484566898,-0.07276805596956473,10.408122060243029,10.519113077281164,10.730940709805463,10.918465824281094,-4.540896595057744,-5.5481205781657845,-7.412590669507891,-9.002783358950674,10.470149999999999,11.055986675192216,9.884313324807781,11.190607110542206,-5.106421588993465,-10.13466014486433,0.5178576751887164
LSE:URNU,1D,1685602800,2023-06-01,10.25,10.98288,10.25,10.906,7594.0,82820.164,9.768003623370754,0.15612085590964495,1.2627669452182082,4.533691172241932,4.067816245987065,3.127211512309175,2.4374441436293073,7.150048780487802,2241.51185257269,-67.0085199193295,519.6530638049855,-96.07353640546259,-65.57992521463088,58.01842517337111,-0.009550653572082624,0.010807617673236992,-0.020358271245319616,10.45553900688655,10.534285113466217,10.734407230403374,10.918341786228547,4.308347879690891,3.528619954083191,1.5985304629641741,-0.11303718522636182,10.510449999999997,11.099770871852073,9.921129128147921,11.21399886497868,3.7633973807020986,-1.7457195656484763,9.927003863479955
LSE:URNU,1D,1685689200,2023-06-02,10.95,11.098,9.79,11.082,7842.0,86905.04400000001,1.6137905739959668,2.2324723247232554,4.428948360346783,6.804163454124916,4.091901397773209,3.114988465849595,2.446908104055862,11.94520547945207,4.9322288229228874,-19.92538474126251,58395.12950298853,11373.400682291063,-64.30820561451209,60.513971391571054,0.04167231584484021,0.016980557307557636,0.024691758537282577,10.515201958611641,10.555764128624403,10.741290255543902,10.919970226166571,5.390272518010639,4.985293958478919,3.171962923916411,1.4837931832924962,10.5575,11.171079253234902,9.943920746765096,11.623570982427713,4.968032204593905,-0.7974095538629895,11.444975098027992
LSE:URNU,1D,1685948400,2023-06-05,11.132,11.27,11.05452,11.254,3090.0,34774.86,1.5520664140046816,6.45100264850549,5.030331311245914,9.410849698619483,3.9279401014369,3.1267503235960423,2.4486635220634008,1.9356809198706384,-59.98522249180381,46890.51402626886,-84.05817252422881,-98.30994038407951,-80.24824269637794,62.838830945609395,0.0950501714752523,0.03259448014109657,0.06245569133415573,10.585563676839104,10.583145927501878,10.751442923750954,10.923293905508197,6.314603015646808,6.338890884560209,4.674322133439871,3.0275308652552115,10.613699999999998,11.265096146749716,9.96230385325028,12.274628955966692,6.032768968408772,-0.09850024007933686,12.9658376794871
LSE:URNU,1D,1686034800,2023-06-06,11.342,11.342,11.06,11.154,2396.0,26724.984,-0.8885729518393429,7.903647092967013,7.301587301587305,9.106915778147307,3.798574333895515,3.0089980941318566,2.4527016176682017,2.4863339798977253,-23.14855041831944,-54.69824103123375,2195.487528344671,25.86430919809386,-84.83625491272856,60.60466435563362,0.12781002792101326,0.051637589697079905,0.07617243822393335,10.639700469521095,10.60553236171749,10.75941435100341,10.925589488537966,4.833778281185521,5.171523876182766,3.667352479643007,2.090601259562784,10.6478,11.336301808276602,9.959298191723398,12.93228288053122,4.754033697101747,-1.6081241604162646,11.995843334316966
LSE:URNU,1D,1686121200,2023-06-07,11.27,11.304,11.1989,11.304,3496.0,39518.784,1.3448090371167325,9.73691874575284,7.9759289330404135,11.998414742891116,3.7483090872734266,3.0158654202586312,2.441038838774477,0.9325643300798597,47.87205859505846,598.7983022498215,,3083.304536106889,-77.73822248892792,62.74437595510017,0.16398586954750982,0.0741072456671659,0.08987862388034393,10.702967091471468,10.632923249493274,10.770198225240968,10.929354767258982,5.615572797635324,6.31131002040015,4.956285516714242,3.427880608865782,10.677699999999998,11.42328764743014,9.932112352569856,13.965323008328422,5.865495378218178,-1.0442497038667795,13.812647287212565
LSE:URNU,1D,1686207600,2023-06-08,11.0,11.612,11.0,11.284,141.0,1591.044,-0.17692852087756167,12.879507827739726,7.898259705488626,11.9000396667989,3.396179043971498,3.017110574644969,2.4416846540408073,5.563636363636364,-95.97395506906284,-98.65789606174961,37.05995151778286,-11.85527601665561,-99.10369481956138,62.25882504067079,0.18886453897513533,0.09705870432875978,0.09180583464637555,10.758303558950375,10.658455671081773,10.780372517810454,10.932883575544961,4.886425059202497,5.8689959241978835,4.671707599690961,3.2115628235576223,10.694899999999999,11.47878599936492,9.911014000635078,14.659061783932929,5.508232896053277,-1.6969216028219016,13.853133486411634
LSE:URNU,1D,1686294000,2023-06-09,11.87,11.87,11.38,11.416,8.0,91.328,1.1697979439914894,14.90111217351921,7.454819277108432,12.572724583374423,3.2704764349627005,3.009140947419092,2.445420276135529,4.128053917438908,-94.25986962019907,-97.41795253542654,-99.5796388487937,-93.91498786035814,-99.94853729261838,64.22648567718316,0.21673398608822936,0.12099376068065369,0.09574022540757567,10.820941315240816,10.688163291823665,10.792959200626088,10.937690704146505,5.499139746013322,6.809745400625783,5.7726596366432155,4.373037314651507,10.7272,11.571695790398158,9.882704209601842,15.744943515514912,6.421060481765983,-1.345488104927101,15.514941638225277
LSE:URNU,1D,1686553200,2023-06-12,11.558,11.686,11.28052,11.686,1049.0,12258.614,2.3651016117729466,7.152026407482113,7.319313068234004,13.865341518074636,1.0450259722737478,3.0033799521735207,2.4665557934679354,3.5082194151237305,13322.623948843728,-85.19851518284847,-95.11677108490598,-99.40321492077094,-88.79496836172859,67.91164867113888,0.2576375815632961,0.14832252485718217,0.10931505670611391,10.903327856646452,10.727294143124698,10.810643176851315,10.945136567786838,7.178286791371187,8.937070654390064,8.097176170082786,6.768882486068134,10.780899999999999,11.720497605361109,9.84130239463889,17.43078231615375,8.39540298119824,-0.29433567176643716,18.744445921771707
LSE:URNU,1D,1686639600,2023-06-13,11.87,12.125,11.698,12.02,5901.0,70930.02,2.8581208283416024,8.464176141490695,10.885608856088558,17.463109547542256,1.2251135702987523,3.045316118287105,2.4989993318741455,3.5973041280539144,478.6136997216815,-18.382159728266178,-34.644828419918234,53219.216110772846,-36.5351366363787,71.7838680843582,0.3133923919034398,0.1813364982664337,0.13205589363700612,11.009677584584885,10.777988490453142,10.834590836715645,10.955831726316323,9.17667577141141,11.523592835963768,10.940968432950026,9.713258657738459,10.846149999999998,11.928748083316428,9.763551916683568,19.962808615341487,10.822734334302972,0.7649747990838752,23.11093444856583
LSE:URNU,1D,1686726000,2023-06-14,11.724,11.741,11.572,11.741,9186.0,107852.826,-2.3211314475873537,4.327350275457617,11.057510404842986,12.612699021676574,1.7089392741348737,3.033990988210396,2.5388505831652153,1.4414875469123207,52.055259536089224,210.14596751791382,145639.18436841253,3467.1043214245556,-6.424031760255285,64.75437380628746,0.33124710209126107,0.21131861903139917,0.1199284830598619,11.079327338433943,10.815753647690274,10.852539533018305,10.963644345954966,5.972137489527261,8.554617481578033,8.18665957657743,7.090303456731871,10.91345,12.041876111892257,9.785023888107741,20.67954884829744,7.58284502151016,-2.4985816918936745,19.98948734575355
LSE:URNU,1D,1686812400,2023-06-15,11.58748,11.668,11.5569,11.66,11185.0,130417.1,-0.6898901286091433,4.53648915187377,12.798684337815619,15.44554455445545,1.6851052974325287,2.949541722100956,2.4616210971722756,0.9587934563856737,20.921356293436393,387.99692452575465,121.07119052364952,-93.62659406497704,153.75344500815308,62.83068628612546,0.33499940093253144,0.23605477541162562,0.09894462552090583,11.134629496678329,10.84886134778085,10.86852884919616,10.970573257935515,4.718347417652281,7.476716921864514,7.282228917875831,6.284327408012082,10.972999999999999,12.126742128900672,9.819257871099326,21.028745628372782,6.260822017679771,-3.848866611819205,18.746244910406773
LSE:URNU,1D,1686898800,2023-06-16,12.012,12.012,11.76324,11.766,55.0,647.13,0.9090909090909081,4.08704883227176,14.221920201922142,16.02406074351642,1.6662314644786964,2.929061969421353,2.4625731752684135,2.070929070929077,-99.50379973178364,-98.36247491825661,-88.55700252986209,-99.1839739973282,-98.67318946460686,64.32431703327256,0.34257741967218713,0.25735930426373793,0.0852181154084492,11.194760020804203,10.884827569436503,10.886300555152673,10.978487951886406,5.102744302997218,8.095419288383955,8.08079329052651,7.173228695653651,11.0384,12.215998004414178,9.86080199558582,21.33638941176582,6.591535005073205,-3.6836777826222153,19.32092344280962
LSE:URNU,1D,1687158000,2023-06-19,11.6,12.086,11.6,11.817,171.0,2020.707,0.4334523202447744,4.72350230414746,18.211373980893324,16.653504442250732,1.6396932437146368,2.7254345615678135,2.4598379017074032,4.189655172413799,212.25673357748832,27.00509853907246,-98.29545957072833,-92.04635196984655,-95.78965368098325,65.05197999966053,0.34867897373120904,0.27562323815723216,0.07305573557397688,11.254020971203802,10.92138335102723,10.904730247129848,10.986831355350223,5.002470052585817,8.200578811186334,8.36581678038541,7.556033380320459,11.098049999999997,12.306107403437617,9.889992596562378,21.77062463113105,6.478165083055161,-3.974509464308657,19.48441704706051
LSE:URNU,1D,1687244400,2023-06-20,11.74496,11.804,11.6,11.611,1358.0,15767.738000000001,-1.7432512482017393,1.7081289418360222,16.863771325046564,10.876623376623387,1.8209348219675299,2.7950395880623344,2.434907205874809,1.7369152385363646,680.3079813154505,17164.954887876665,345.789329942172,50090.15151515153,-67.50152062024735,59.75067803897303,0.3330527955867826,0.28710914964314227,0.04594364594364031,11.288018973946297,10.948427141183025,10.918715786790644,10.99304198863032,2.8612728841010204,6.05176296350986,6.34034465891012,5.621355872276393,11.134149999999998,12.358107928198645,9.910192071801351,21.98565545099801,4.282769677074608,-6.0454879706455635,17.162209530107503
LSE:URNU,1D,1687330800,2023-06-21,11.756,11.78,11.651,11.651,14447.0,168321.997,0.34450090431486646,-0.2995036796166365,6.831102145607915,8.826826078834301,1.6123691819729886,1.452446796365393,2.410267845028339,1.0973120108880534,967.508839885594,1273.091582784155,103.23794215138236,2311.382141657851,212.30631755687193,60.425081065598604,0.3202054731592483,0.2937284143463635,0.026477058812884813,11.32258859547522,10.975979017999377,10.933216464279939,10.999588834514595,2.900497547495633,6.149984260116242,6.565163491138599,5.922141048049009,11.174699999999998,12.410668341018665,9.93873165898133,22.120832613290155,4.2623068180801456,-6.121091307450988,17.228237966072303
LSE:URNU,1D,1687417200,2023-06-22,11.586,11.588,11.42,11.446,1955.0,22376.93,-1.7595056218350362,-4.775374376039932,3.2846056668471304,4.625228519195615,1.1834089817890903,1.5230629172287937,2.411997233594527,1.4500258933195171,-86.70587897076815,-68.45210250892359,-74.25128741664292,-34.52550520005524,-58.176403381986916,55.310100987627536,0.2901375655803058,0.29301024459315195,-0.0028726790128461577,11.33434206257282,10.99441121337195,10.943370593700138,11.004030736658729,0.9851294129889251,4.107439478694451,4.593003608862656,4.016430650896843,11.218399999999999,12.427552703342448,10.00924729665755,21.556598148442717,2.0288098124509797,-7.8981978734916565,14.354253229633294
LSE:URNU,1D,1687503600,2023-06-23,11.448,11.448,11.163,11.163,5.0,55.815,-2.4724794688100604,-4.922919683161566,-0.8086013861737987,3.649025069637889,1.2140081126368094,1.6251778227954878,2.439475192923765,2.4895178197065,-99.75056900119901,-99.94824892210057,-99.83949611874785,-99.58239715926818,-99.8948067015281,49.12753277422792,0.2406981785531528,0.2825478313851521,-0.04184965283199932,11.318023770899217,11.001022538337757,10.94771969085459,11.005612520373568,-1.3697070622683427,1.4723855086903361,1.9664397264870472,1.4300656082074248,11.259699999999999,12.400080699591282,10.119319300408716,20.255969512354383,-0.8588150661207534,-9.976392328092324,10.313744122582738
LSE:URNU,1D,1687762800,2023-06-26,10.85,11.312,10.85,11.205,6559.0,73493.595,0.3762429454447712,-3.902229845626073,0.45723507261968943,5.588013569543912,1.272585336076411,1.6108524908785293,2.421157348907365,4.25806451612903,131573.55549583447,-43.647270948364906,174.99958465831077,49367.98435733132,32.41063802003626,50.02043615110406,0.2025710442321298,0.2665524739545476,-0.06398142972241783,11.307259602242148,11.009021654481375,10.952814350441628,11.007596475394726,-0.9043712255608818,1.7801613228624158,2.3024735149300137,1.79333903678728,11.304899999999998,12.358025472106881,10.251774527893115,18.631309823295794,-0.8836876044900718,-9.33017555846084,9.29815096414129
LSE:URNU,1D,1687849200,2023-06-27,11.254,11.254,11.083,11.083,199.0,2205.517,-1.0887996430165094,-5.804861465238822,-1.955060155697099,3.4344377041530594,1.1270750253241706,1.5924725448390908,2.4278011687276915,1.5194597476452762,-96.99903508598268,240.8151376075904,-94.4190666392974,-98.98892557701511,-95.43433762126598,47.416977095211,0.16065866213751256,0.2453737115911406,-0.08471504945362804,11.285901544885753,11.01192276607034,10.955392284096249,11.008346759221643,-1.7978319594476593,0.6454570690294138,1.1647936705013981,0.6781512466058557,11.359224999999999,12.23371585043837,10.484734149561627,15.397016089361237,-2.431723995254944,-9.406102483548667,5.7060659994262934
LSE:URNU,1D,1687935600,2023-06-28,11.346,11.346,11.108,11.213,20.0,224.26,1.1729676080483535,-5.11128035880512,-0.6292095001772554,7.869167869167866,1.267766500661573,1.6270972588099895,2.363132763218345,2.0976555614313375,-89.83186255195493,-88.90190413553276,-85.90485241137266,-80.73764859479145,-99.53545586101545,50.380600312998375,0.13636082816438133,0.22357113490578875,-0.08721030674140742,11.278958540610919,11.019808147793071,10.960493426985431,11.010383109876154,-0.5847928279320296,1.7531326282265467,2.3037883713600014,1.840234695758236,11.423099999999998,12.012414822484942,10.833785177515054,10.317949111623713,-1.8392555435914848,-6.6549052317823,3.5002985223667293
LSE:URNU,1D,1688022000,2023-06-29,11.21,11.28,11.21,11.28,5.0,56.4,0.5975207348613233,-2.8507449832055918,-1.191310441485643,7.746680676282357,1.2673851758256116,1.603411614103535,2.3625249703108735,0.6244424620874086,-74.85061981628466,-99.64230760303096,-38.24456902592853,,-99.88317457793585,51.885708331651905,0.1211148234485151,0.20307987261433402,-0.08196504916581893,11.279057727219403,11.030011749840401,10.966820289817402,11.013065865001764,0.00835417996241473,2.2664368436707716,2.8557020349223894,2.4237949565572037,11.441799999999999,11.986327538330537,10.897272461669461,9.5182145873995,-1.4141131640126512,-5.892776883259734,3.5121406726018907
LSE:URNU,1D,1688108400,2023-06-30,11.326,11.382,11.326,11.329,52.0,589.1080000000001,0.4343971631205786,-2.763711269418927,-3.054937532089674,8.328552304455924,1.2753373719690797,1.4648486981386435,2.361608453284937,0.494437577255864,944.517730496454,-99.65001128165085,-95.19433436765364,-49.25148901052515,-98.7792558575796,53.008354194472524,0.11169855395946371,0.18480360888335995,-0.07310505492389624,11.283814134150889,11.041736779258425,10.973992165266562,11.016209488235576,0.4004485124613567,2.601612649209234,3.2349926023918862,2.8393660459930374,11.45415,11.976216767760828,10.932083232239172,9.115766211562235,-1.0926170863835347,-5.404183811227363,3.6307514252206214
LSE:URNU,1D,1688367600,2023-07-03,11.468,11.468,11.258,11.258,2484.0,27964.872,-0.6267102127284094,-1.6424951948278927,-6.339434276206327,5.967620481927697,1.1579348214542775,1.1931180897644185,2.3546245805142725,1.8311824206487692,4646.98561214582,24.971888458336327,-60.57399673650169,28.71568179809702,-42.30009867182212,51.1461446910864,0.0973843991864527,0.1673197669439785,-0.06993536775752579,11.281355645184137,11.050217689875742,10.979616082786036,11.018615363974526,-0.2070287110761188,1.8803458534090953,2.5354613049760153,2.1725473493533856,11.45435,11.976112886760067,10.932587113239933,9.110301095392877,-1.7141959168350949,-5.996210068744108,2.97654053326476
LSE:URNU,1D,1688454000,2023-07-04,11.5,11.506,11.336,11.417,3981.0,45451.077,1.4123290104814417,2.2753740034040986,-2.7595605144365885,4.848930112958036,0.8362138388019793,1.1641120819304644,2.3276467070726525,1.4782608695652166,62.52917946486577,81331.65278151035,-57.858241934244724,-81.89452629566732,9.222561157702879,54.96195848872725,0.09774357252171129,0.15340452805952504,-0.05566095553781375,11.2942741551666,11.064601309880615,10.988277150453639,11.022579390203635,1.0866200266376502,3.184919910351357,3.9016384795924215,3.5782968380967866,11.4675,11.971267605151716,10.963732394848282,8.78600575804172,-0.44037497274906956,-4.629982583575302,4.134245426901355
LSE:URNU,1D,1688540400,2023-07-05,11.272,11.444,11.266,11.294,1676.0,18928.744000000002,-1.0773408075676565,0.7942882641677859,-3.138936535162947,4.188191881918825,0.9679204132377225,1.1800949278054214,2.33605298895727,1.5791341376863097,-58.35358532868208,-74.24436238287159,-85.48599531809862,-82.55898825468478,-50.99551808656921,51.60407951912575,0.08709912345364579,0.1401434471383492,-0.05304432368470341,11.294248045150733,11.07359733694412,10.994331068266439,11.025280092788673,-0.0021962077487625927,1.9903438453605802,2.7256677088660113,2.4373068525224086,11.467,11.971435129625283,10.962564870374718,8.79803138790062,-1.5086770733408916,-5.658762899268924,3.0233356294287814
LSE:URNU,1D,1688626800,2023-07-06,11.168,11.224,10.796,10.796,934.0,10083.464,-4.409420931468046,-2.589551565460623,-8.244093149753533,2.1188043889519506,1.8525077266566647,1.5525763277188613,2.432778564802953,3.83237822349571,-46.729355101426705,357.19275797919494,1458.182127238731,13525.56618561159,-74.11855532898814,40.74908487692335,0.03804037705041985,0.11972283312076333,-0.08168245607034348,11.246795850374472,11.06271116686788,10.990403720379975,11.022998698830577,-4.008215818725498,-2.4109023804821317,-1.7688496740068287,-2.05931892974513,11.4426,12.021757802330367,10.863442197669634,10.122835759886145,-5.6508136262737585,-10.196161181127433,-0.6208179363636918
LSE:URNU,1D,1688713200,2023-07-07,10.552,10.956,10.552,10.956,4803.0,52621.668,1.4820303816228246,-2.291982520288948,-7.2861132267072914,5.988197736287122,1.891705131817276,1.6242824537570462,2.4056797433199053,3.82865807429871,421.86101918943723,23364.58039775261,2504.1216267375726,-10.800540787210961,35.80549650385679,44.76888717911363,0.01193406146897047,0.09816507879040476,-0.08623101732143429,11.219101007481665,11.058526415226002,10.989722458590272,11.02233204511087,-2.3451166658203006,-0.9271254720234515,-0.3068545062656502,-0.6017968324615414,11.419599999999999,12.036464782590384,10.802735217409614,10.80361453273994,-4.059686854180528,-8.976595720640294,1.418759041167509
LSE:URNU,1D,1688972400,2023-07-10,10.938,11.065,10.876,11.065,483.0,5344.3949999999995,0.994888645491055,-1.9060283687943251,-4.702437343898038,7.416755654790791,1.9238493215485428,1.6307195208584901,2.4071446599446813,1.7279210093252884,-89.84373699442595,9375.877659574468,-66.10550606561321,-5.496734096058375,-86.20354720211066,47.38760614431545,3.955140978462168e-05,0.07853997331428073,-0.0785004219044961,11.20442472105484,11.05878028129557,10.991213102974623,11.022756601875937,-1.2443719738046006,0.05624235716979447,0.6713262342753353,0.38323805604918587,11.388549999999999,12.011141511346201,10.765958488653796,10.933639688041106,-2.841011366679684,-7.877198936108103,2.777658038170612
LSE:URNU,1D,1689058800,2023-07-11,11.374,11.374,11.108,11.285,12439.0,140374.115,1.9882512426570327,-0.38838379380351734,-3.1413612565444997,12.889511328965147,2.0744190524164217,1.7311359573055654,2.349402096374502,2.338667135572358,2526.566992147849,23728.247961324574,-16.6038203551019,18.41071181558287,255.69287593959524,52.30319195885026,0.008269897643643276,0.06448595818015324,-0.05621606053650996,11.212098557144856,11.067651642813392,10.997030665291957,11.025365988921948,0.6502033716844947,1.963816392140788,2.6186099090994737,2.354878843377418,11.3518,11.903720863892802,10.799879136107199,9.723935655892486,-0.5884529325745753,-5.197709783077572,4.4919101202799405
LSE:URNU,1D,1689145200,2023-07-12,11.402,11.545,11.366,11.504,1928.0,22179.712,1.9406291537439027,2.1851128086693947,0.5067272409575383,15.786825021387957,2.1622496270446048,1.757042699549647,2.3563017368526586,1.569900017540785,-84.19957126711004,-20.68723933368978,-0.8813452068715447,527.0702209023483,-44.670232850340945,56.645562620166345,0.032094016229788025,0.05800756979008019,-0.025913553560292166,11.239898694559631,11.084763343095219,11.00706966201885,11.030128516395362,2.349676919848035,3.7820983987531553,4.5146469790762245,4.2961555969204515,11.339949999999998,11.867579216401447,10.81232078359855,9.305670949191997,1.4466554085335597,-3.0636342068731857,6.397139247391494
LSE:URNU,1D,1689231600,2023-07-13,11.542,11.734,11.542,11.734,1150.0,13494.1,1.9993045897079313,2.7765612682841394,5.115112424975362,7.592151109481014,2.213258827925852,1.6736118086146536,1.644850659824209,1.663489863108648,-39.16016583082774,-70.31071452938288,24076.475857744335,-83.70674561813232,-64.27819959521099,60.69296400970079,0.06874147077756732,0.06015434998757761,0.008587120789989702,11.286955961744429,11.110223604150308,11.021464322176893,11.037132212749636,3.9607139406830765,5.614436019241554,6.46498193882799,6.313848324163146,11.34365,11.881150241860574,10.806149758139426,9.476671827155702,3.441132263424909,-1.2385184840279453,8.586316705093752
LSE:URNU,1D,1689318000,2023-07-14,11.79,11.79,11.48,11.48,85.0,975.8000000000001,-2.1646497358104617,1.6468921551266151,2.454261490406072,3.59140949287132,2.34680230851449,1.7964815124626279,1.680476060428064,2.629346904156054,-92.76869150221209,-94.84487718783666,-98.67226524978129,-98.87716528858786,-97.20491033225547,54.62774409797352,0.0764083770953139,0.06340515540912486,0.013003221686189032,11.30534110824496,11.124724639281668,11.030544236589233,11.041538857398894,1.544923678841164,3.19356543409485,4.074647213868974,3.9710148038585675,11.329350000000002,11.835443775895364,10.82325622410464,8.934206744347417,1.3297320675943354,-3.0032146037420007,6.0678945623842555
LSE:URNU,1D,1689577200,2023-07-17,11.254,11.604,11.254,11.497,2004.0,23039.988,0.14808362369337508,6.493145609485,3.7354506902463203,2.159232272969614,1.4030461754256995,1.7615092178900889,1.6596953594692465,3.110005331437708,2261.1383480221357,128.49278779594,944.6524783078073,-33.7452746035498,-33.2562362635913,54.95221928630386,0.08290058714944237,0.06730424175718837,0.015596345392254005,11.323594336031155,11.139323673035328,11.039780984379545,11.046070809066567,1.5313659145937102,3.2109339620904427,4.141558752545769,4.0822587391284175,11.31335,11.775050888021788,10.851649111978212,8.162054352102393,1.6233034423932795,-2.361356147552927,5.947030551415824
LSE:URNU,1D,1689663600,2023-07-18,11.63,11.704,11.526,11.704,447.0,5231.688,1.8004696877446356,6.8273092369478015,4.378845982341938,4.930966469428014,1.4257486577240268,1.791440009400009,1.6772110989357145,1.530524505589001,-77.29300900677553,-90.05792062691741,2232.867207705342,-80.42398079639636,-84.52328972408925,58.814481584462484,0.10355516098501916,0.07455442560275452,0.029000735382264636,11.359823446885331,11.161467842720217,11.05293383617401,11.052617368180332,3.029770266447556,4.8607599369973205,5.890437538811494,5.893469484386123,11.318000000000001,11.793272132572461,10.842727867427541,8.398517981488956,3.4104965541615053,-0.756975091975495,7.943315954279297
LSE:URNU,1D,1689750000,2023-07-19,11.792,11.794,11.642,11.794,240.0,2830.56,0.7689678742310309,6.588341617713519,4.556737588652492,4.3347487615003555,1.4271078965392654,1.7938602179907908,1.6669742245823127,1.2890094979647306,-45.89585617490952,-47.03684888560819,4918.723404255319,-92.83743143513729,-91.31215108204135,60.404038578440506,0.12573689078799255,0.08479091863980212,0.04094597214819043,11.401173594801014,11.18627302535864,11.067608413675515,11.059994309790477,3.4454909569846155,5.432792255862866,6.563220880013527,6.636582891907729,11.32515,11.82396510602637,10.826334893973632,8.80898011993428,4.139901016763573,-0.25342688140289227,8.938067365392596
LSE:URNU,1D,1689836400,2023-07-20,11.508,11.70076,11.508,11.584,271.0,3139.264,-1.78056638968968,2.649534780682317,2.250860623179442,2.658631690889746,1.6223186941079748,1.8740098354641188,1.702119518084672,1.6750086896072436,10.906110451642084,-97.76364467195394,432.8842928631082,97.30843395908599,-90.37988281323021,55.06381619434245,0.1249307031317688,0.09281887553819546,0.03211182759357334,11.418585633391393,11.201870161619086,11.077833989642336,11.065208296757737,1.4486414685623163,3.41130394182039,4.569178512973959,4.6884946882949885,11.33205,11.841074351087485,10.823025648912516,8.9837999494793,2.2233399958524624,-2.1710390752159734,7.031068536402714
LSE:URNU,1D,1689922800,2023-07-21,11.5,11.596,11.411,11.411,334.0,3811.274,-1.4934392265193375,-0.808414464534075,1.3590335761236496,-0.04379817799580222,1.5975070833360219,1.91343602665431,1.7135300614301443,1.6086956521739173,21.406609956983537,-82.81639545184355,-86.37120885087548,4073.171426068675,-88.36475418611757,51.05904639003879,0.10907479310900925,0.09607005905235821,0.013004734056651035,11.417863192116021,11.21007133175167,11.084431336382092,11.068649010222835,-0.0601092516221496,1.792394198948706,2.946192309803218,3.092979002775991,11.34445,11.848455744015023,10.840444255984977,8.885503378568783,0.5866304668802758,-3.6920907961866214,5.263213670417801
LSE:URNU,1D,1690182000,2023-07-24,11.312,11.568,11.298,11.497,888.0,10209.336,0.7536587503286329,-2.0197716038861437,0.7007094683366916,-1.617319869929831,1.412010957752423,1.888898277522266,1.6634920878423793,2.3868458274398834,167.87200290506533,-24.342223638479048,-77.53774679530694,-16.71704484699494,-68.76730198017783,52.89318447464735,0.1022694528563175,0.09730993781315007,0.004959515043167426,11.425400030962114,11.22132343638886,11.092601012889377,11.07291120912609,0.6266736293158581,2.4567205924852686,3.6456642282609795,3.829966508937446,11.35905,11.862968832750099,10.855131167249901,8.872552418557868,1.2144501520813802,-3.0849683406380413,5.913045387112659
LSE:URNU,1D,1690268400,2023-07-25,11.328,11.678,11.328,11.678,368.0,4297.504,1.5743237366269542,1.7247386759581915,3.400035417035597,-2.845257903494166,1.301312004245965,1.8974891535273466,1.6038196685354609,3.089689265536736,-57.90613610914559,340.4082803853248,-77.29641227119983,-93.9412057123345,-85.89451015436994,56.58127423484375,0.11021091615855205,0.09989013348223047,0.010320782676321583,11.449457170870485,11.239232321236354,11.104193072040083,11.078931993114885,1.9961018738160876,3.903893666603918,5.167479746049635,5.407272174406454,11.3888,11.894269128632136,10.883330871367864,8.87660032017659,2.5393368923855104,-1.818263285396218,7.301708806104315
LSE:URNU,1D,1690354800,2023-07-26,11.468,11.738,11.468,11.517,4473.0,51515.541,-1.378660729576994,0.17395842393667543,6.6783994071878485,-1.9078443062771504,1.4228956621989168,1.4795835159085406,1.5685173848102008,2.3543773979769753,1098.7316591212013,123.59187426660117,410.8913067969499,-52.23533502960785,80.19370071987376,52.633841073331816,0.10233359064140224,0.10037882491406483,0.0019547657273374097,11.455889821263773,11.250125171383948,11.11236746665315,11.083290878755534,0.5334389531470325,2.372194304956537,3.6412810731925607,3.9131799930993387,11.404,11.90567798436849,10.90232201563151,8.7982810306645,0.9908803928446119,-3.264643852108241,5.638046495849027
LSE:URNU,1D,1690441200,2023-07-27,11.728,11.728,11.428,11.474,479.0,5496.046,-0.37336111834678526,-1.9651401230348635,4.728002920774012,-1.5951972555746134,1.227486972483791,1.466376238202212,1.5652507584925637,2.5579809004092677,-89.33128548528686,5.0530153938843485,-89.55554582572334,-95.78579342739563,-77.49822553335142,51.59844634514853,0.09156550266481567,0.098616160464215,-0.007050657799399326,11.457614600191032,11.258904576427714,11.119528506917444,11.08717853170324,0.14300882322132402,1.9104471675035106,3.187828448499773,3.488908085954095,11.4137,11.912908613707764,10.914491386292237,8.747533467810843,0.5283124665971578,-3.6843110942925112,5.126291220591944
LSE:URNU,1D,1690527600,2023-07-28,11.47,11.47,11.439,11.439,1.0,11.439,-0.305037476032771,-3.0100050873325452,3.3800271125169505,-2.7791942886282506,1.1521450912464613,1.4632021529444228,1.5558238064840968,0.27027027027027534,-99.79186855422971,-99.59587502119722,-99.78596267678567,-98.23234898706598,-99.95312606630618,50.723791184805165,0.07929346219695077,0.09475162081076215,-0.015458158613811376,11.45584178112522,11.265967142057999,11.125854675097296,11.09067924283057,-0.14701478465744677,1.5358899574279468,2.8145732085069306,3.140662077975053,11.4192,11.916976496030136,10.921423503969864,8.7182376353884,0.17339218158890327,-4.010887293344606,4.739093725666811
LSE:URNU,1D,1690786800,2023-07-31,11.552,11.826,11.488,11.826,657.0,7769.682000000001,3.3831628638867075,2.089088397790063,4.793974302171026,0.07616146230007904,1.6119591764856205,1.6176271143079495,1.6739926125899773,2.925900277008319,67822.73800157357,147.50011467656114,-94.46501799851063,284.5031466709424,-68.41000387621457,58.9996869882038,0.09964678134951299,0.09573065291851232,0.0039161284310006705,11.49109494482758,11.287929214918469,11.139718938956756,11.097995867280016,2.914474702196846,4.766780291024513,6.1606676506284925,6.559780174962433,11.4476,11.969572566329012,10.925627433670988,9.11933621595814,3.3054963485796236,-1.1994794762587233,8.240923203679934
LSE:URNU,1D,1690873200,2023-08-01,11.958,11.95896,11.7204,11.734,156.0,1830.504,-0.7779468966683623,2.830602050652882,1.9993045897079313,1.059340280768231,1.514166503399421,1.5774702506743188,1.6489458588884542,1.9949824385348691,-76.44042574715414,-51.97133556915614,-91.74694423444272,-88.39082688969083,-92.41424651810497,56.567450076284594,0.10711850682403323,0.09800822369961651,0.009110283124416724,11.514228759605906,11.305422186882451,11.151486880759593,11.104324266610563,1.9086926704556435,3.7909049837592343,5.22363632284279,5.670545260307285,11.463449999999998,11.999797079790984,10.927102920209013,9.357515927421248,2.3601097400869886,-2.215013120835318,7.384364233439042
LSE:URNU,1D,1690959600,2023-08-02,11.702,11.834,11.285,11.285,174.0,1963.59,-3.8264871314129865,-1.8439592937287967,-3.8264871314129865,-3.1413612565444997,2.100674638341595,1.7898767003390466,1.788119378345168,4.691505725517001,7.270456661116284,-80.76672175350092,-85.44852935727467,-98.83343232910907,-89.43484694765851,46.49365612244979,0.07593403525194375,0.09359338601008196,-0.01765935075813821,11.492397449167248,11.30462131680863,11.154130704902968,11.106122035102,-1.8046491176849782,-0.17356898792757716,1.1732809894320695,1.6106248817781592,11.463,11.999929790568643,10.926070209431355,9.368050084073003,-1.5528221233533896,-5.9577831124523986,3.2850767356301427
LSE:URNU,1D,1691046000,2023-08-03,11.542,11.542,11.37,11.449,2472.0,28301.928,1.4532565352237456,-1.9609522178455296,-0.27003484320558,0.026210029704701328,2.0860852030960495,1.75743528649915,1.7811325514324392,1.4902096690348345,1341.3359204314547,558.5666470583856,2800.3820455011273,26.478154063135555,50.67815831928855,49.99641161995211,0.06371903290626868,0.08761851538931931,-0.023899482483050627,11.488264358770367,11.31028322595339,11.159969700845483,11.109533756145762,-0.3417779879028654,1.2264659626586623,2.5898842640461615,3.0556299778687492,11.49565,11.937340966627222,11.053959033372777,7.684488769703708,-0.40580567432028325,-4.090868879363155,3.573750955965755
LSE:URNU,1D,1691132400,2023-08-04,11.514,11.644,11.462,11.629,870.0,10117.23,1.5721897108917784,0.9724754710428073,1.1481255979820795,4.174505061363427,2.1155250713416733,1.8038845324525619,1.740210532273906,1.5806843842278997,-64.2525060483512,-80.36081966022643,-56.0883885877024,18026.363880677236,-47.08122580067447,53.587705356387886,0.06778170590716215,0.08365115349288788,-0.015869447585725727,11.501667753173189,11.322781922974825,11.169257429541613,11.11470257449257,1.1070763784815547,2.7044420629866077,4.116142665334328,4.627181177908478,11.529299999999997,11.897910417650314,11.160689582349681,6.394324332792391,0.864753280771618,-2.2601482799146906,4.19607062981967
LSE:URNU,1D,1691391600,2023-08-07,11.674,11.772,11.59072,11.668,110.0,1283.48,0.33536847536331327,1.690779152867344,-0.30758714969242446,4.132083891120029,2.1044672824928408,1.7435657602661356,1.7400501692951775,1.552852492718871,-87.31391892840234,-76.6472114680263,-75.4671914686044,-98.25361652263712,-92.3197382157387,54.35267096854102,0.07330338183769669,0.08158159916184964,-0.008278217324152945,11.517508919537647,11.336319886779734,11.17913352004574,11.120208021512545,1.3066287294735022,2.925818224369855,4.373026577396662,4.926094704592994,11.559449999999998,11.864360134302201,11.254539865697796,5.275512836721518,0.9390585192202141,-1.655041924549187,3.6737186880680053
LSE:URNU,1D,1691478000,2023-08-08,11.644,11.644,11.42896,11.568,1187.0,13731.216,-0.8570449091532366,1.1277209546288973,-1.9162285908088932,4.376071460795808,2.1343703425198908,1.7421804340039377,1.735039071466755,1.846788045345243,969.8426153894101,119938.60477314451,385.1059860946244,522.5849086631389,-19.679821699145442,51.986638579834704,0.06881690706147481,0.07902866074177467,-0.010211753680299862,11.522317593867395,11.345405381415823,11.186833846381468,11.124663663089533,0.3964689027224704,1.9619803004024396,3.4072746485085665,3.9851662066998896,11.573599999999999,11.851303727018736,11.295896272981262,4.798916966522732,-0.048385981889812885,-2.3904857519840434,2.4088723943896775
LSE:URNU,1D,1691564400,2023-08-09,11.512,11.732,11.512,11.686,89.0,1040.054,1.020055325034581,-1.1838322340605494,0.8805248618784558,4.218318023722472,1.7546523681402675,1.7006496894543919,1.7322723965975617,1.911049339819309,-92.42562348447508,-86.61394378817563,-66.86949552506574,363.77151520556504,-93.92590903673444,54.503418560573984,0.07393072987712301,0.07800907456884434,-0.004078344691721331,11.537906394451452,11.358762033125005,11.196718324670943,11.130249099277698,1.2835396690318563,2.880929857678912,4.369866787226123,4.993157796965816,11.582699999999999,11.862603626271689,11.30279637372831,4.833132624892118,0.8918473240263569,-1.4887425377728292,3.3903435362455174
LSE:URNU,1D,1691650800,2023-08-10,12.004,12.004,11.774,11.82,240.0,2836.8,1.1466712305322637,0.7329129026759869,3.5842608009815153,4.7872340425532,1.7859107346781649,1.6619740727521382,1.7397588568249924,1.9160279906697801,172.75506848682855,54.97371215796307,-25.568195831630046,4929.787234042554,-83.5218000666025,57.24426669437874,0.08778422946343412,0.0799641055477623,0.007820123915671814,11.564772452122742,11.376849796531868,11.209060536063598,11.137112292319712,2.2069396430745183,3.8951925303894117,5.450407391152803,6.131640678088666,11.587,11.878472125596806,11.295527874403193,5.031019687525787,2.010874255631316,-0.4922529175347804,4.64318384610704
LSE:URNU,1D,1691737200,2023-08-11,11.836,11.887,11.70052,11.887,154.0,1830.598,0.5668358714044007,5.334514842711567,3.3921892667652482,4.925412657780914,0.7735707958561261,1.658749631742654,1.7405888333978385,1.575532274417044,-35.46961364918218,-6.772900656450682,-82.06937258211504,210.74064517881266,-89.39205357629568,58.58762250744724,0.10298245017107455,0.08456777447242475,0.018414675698649796,11.595460790015814,11.396855686863951,11.222485079903922,11.144573861550361,2.5142529069238404,4.300697724030947,5.921281386116728,6.661772335782769,11.60735,11.922008084275465,11.292691915724536,5.421704080181342,2.409249311858436,-0.2936425141469098,5.262767183508468
LSE:URNU,1D,1691996400,2023-08-14,11.768,11.966,11.73092,11.862,95.0,1126.89,-0.2103137881719555,3.607301947768366,1.575612262373688,5.365073725350871,0.7759917040554107,1.6203915177464359,1.7357887983398892,1.9976206662134597,-38.44142733685931,-96.01832779731473,-73.77803487791982,-95.97033735752483,-93.1128691304547,57.85715041439943,0.1117219968773906,0.08999861895341792,0.021723377923972678,11.620845476680975,11.415096640320266,11.235148741688004,11.151712430092148,2.0751891400925966,3.91502037837496,5.57937658614225,6.369313900089356,11.6256,11.954554951323189,11.296645048676812,5.659147937709686,2.033443435177537,-0.7742233123696879,5.004627027644894
LSE:URNU,1D,1692082800,2023-08-15,11.91376,11.91376,11.6249,11.676,105.0,1225.98,-1.5680323722812337,0.4041620087711807,1.3805678562125616,2.26854690374004,0.9258027492208292,1.633622778979893,1.7482052379918533,2.424591396838611,8.793227378004943,-87.88225630928625,-97.62017446346918,-97.30263817510858,-91.76536209858537,52.602302760658716,0.10245842809313821,0.09249058078136198,0.009967847311776232,11.626098288425643,11.425328144621432,11.243878469575371,11.156929221832526,0.42922148373746843,2.194001364385971,3.843171478541855,4.652452012976176,11.624199999999998,11.95204484135059,11.296355158649407,5.640729535806193,0.44562206431411927,-2.3096034612885252,3.360772886641286
LSE:URNU,1D,1692169200,2023-08-16,11.376,11.538,11.376,11.533,1087.0,12536.371,-1.2247344981157988,-1.1570106273568719,0.5142060310266627,2.116167876748707,1.0164941360792625,1.6660599561243183,1.7516832109574951,1.4240506329113995,922.5591771480774,876.7484495278461,128.09799990756989,-33.77071928280081,-14.573323197248994,48.923327605014705,0.08262562146054009,0.0905175889171976,-0.007891967456657517,11.617231784766059,11.429550570322553,11.249603648395661,11.160671219625236,-0.7250590013751318,0.9051049648973855,2.519167434354492,3.336078745156924,11.611149999999999,11.931615458357244,11.290684541642753,5.519960699108116,-0.6730599466891657,-3.3408339360957475,2.1461538267545195
LSE:URNU,1D,1692255600,2023-08-17,11.4347,11.45404,11.354,11.412,60.0,684.72,-1.049163270614746,-1.3485477178423133,-0.23603461841069365,5.705816969247883,1.0372993079167614,1.6882785373722966,1.557348791369514,0.8748808451468048,-94.53813228724644,-95.0134059503543,5885.837922895359,-93.20947642595839,-95.23232452776134,45.99216463870964,0.05649307356935296,0.08371268584762867,-0.027219612278275712,11.597685900502624,11.428862312662845,11.252819417734361,11.163172003509562,-1.601059919156594,-0.14754148052130883,1.4145839931881599,2.2290079953279456,11.602549999999999,11.934494257368765,11.270605742631233,5.721919015539969,-1.6423113884447664,-4.378017585840797,1.2545400007556136
LSE:URNU,1D,1692342000,2023-08-18,11.566,11.566,11.304,11.531,4452.0,51336.012,1.0427620049071133,-1.3263734383022365,-2.494503636056147,5.248265790434475,1.041101762845388,1.4427700967718655,1.547232919434925,2.2652602455472977,7397.372940764108,4835.898712951443,560.7221762743958,-2.443206475324947,258.52023113841017,49.21477383145696,0.04486793691877189,0.07594373606185731,-0.03107579914308542,11.591334862359517,11.432867712166264,11.258327944115859,11.166831983574143,-0.5205169471502497,0.8583348491762016,2.42195872457822,3.2611578374379633,11.60855,11.930619231687938,11.28648076831206,5.548827918869092,-0.6680420896666568,-3.3495263232149917,2.1664789645896785
LSE:URNU,1D,1692601200,2023-08-21,11.688,11.855,11.68104,11.855,1306.0,15482.630000000001,2.8098170150030337,0.2961082910321501,1.031191409579005,7.139629462268422,1.4336837425018167,1.6197602254901318,1.6119385257980157,1.4883641341546971,-69.84060623953414,445.7779892836999,745.8124101340396,189.69845978824546,5.6344370463067905,56.77698292261199,0.06109476219915777,0.0729739412893174,-0.011879179090159633,11.616445827849088,11.449421919532293,11.270143232351188,11.173679426523654,2.0535900195824675,3.542345485371677,5.189435090496175,6.097548958305122,11.62645,11.961272027351827,11.291627972648174,5.759660555919073,1.9657763117718674,-0.8884676070305412,4.9892896641342475
LSE:URNU,1D,1692687600,2023-08-22,12.156,12.216,12.028,12.087,1918.0,23182.865999999998,1.9569801771404414,1.6825103053756143,7.106778910057596,7.106778910057596,1.5799957486846037,1.2685375551373714,1.6108194290569398,1.5465613688713296,49.734676860455856,1166.409446530587,1080.6367928131635,-83.48494236277108,115.64600646257128,61.228900043700875,0.09161897274989528,0.07670294758143298,0.014916025168462299,11.66126051091108,11.474424981511419,11.286318613888788,11.182767193423915,3.6508873864070646,5.338611908445213,7.094265309202807,8.08594859336626,11.646899999999999,12.037185485254286,11.256614514745712,6.7019633594224555,3.7786878911985253,0.4138385572502603,7.376867033747282
LSE:URNU,1D,1692774000,2023-08-23,12.278,12.318,12.108,12.26,8424.0,103278.24,1.4312898155042613,3.3552520654189824,7.083588086295746,6.571627260083451,1.6155428714670557,1.2673700789442572,1.5954383298894363,1.7103762827822044,345.4938401490136,9064.89098314831,264.9159166824253,365.64283611978374,667.6561488805178,64.1907938725364,0.12829043146913577,0.08702044435897353,0.041269987110162235,11.718283319395738,11.505231844981559,11.305599433415743,11.193485927817708,4.622833104808358,6.560216822989635,8.44183956989802,9.52798868073639,11.68405,12.151602980955188,11.21649701904481,8.003269088290253,4.92936952512186,0.8920388463538445,9.303287641260866
LSE:URNU,1D,1692860400,2023-08-24,12.11,12.26,12.092,12.199,7087.0,86454.313,-0.49755301794453466,4.479273723878038,4.901539255310004,3.962843020282937,1.4567781273062255,1.2540970626728474,1.565561091399959,1.3872832369942136,-16.289904824094613,6951.853456010702,754.5255272441173,540.6823204215175,444.2266586525359,62.38119033191531,0.15069353523527518,0.09975506253423386,0.05093847270104132,11.764065860405667,11.532438439296007,11.323290533744144,11.203491042963801,3.697141317936609,5.779883970008716,7.733701291565243,8.88570315465566,11.720299999999998,12.227803733976565,11.212796266023432,8.660251597255472,4.084366441132068,-0.23555934167089876,8.795341595253303
LSE:URNU,1D,1692946800,2023-08-25,12.072,12.092,11.95868,11.96,314.0,3755.44,-1.9591769817198048,3.702419145062008,2.5025711347274737,4.181184668989551,1.6059986287780548,1.388102828105713,1.555874810359063,1.1043737574552785,-95.6561565644504,-70.04364341163803,192.59824851185837,284.8575527772084,-76.49673063079364,55.74977050047631,0.14746299220036718,0.10929664846746052,0.03816634373290666,11.782726254652747,11.549205559323614,11.335898641986834,11.211018495272619,1.5045223110165364,3.556906477820501,5.505530507317427,6.680762368229143,11.74635,12.246860649237473,11.245839350762527,8.52197745235708,1.8188628808097942,-2.342319860194804,6.350443279176403
LSE:URNU,1D,1693292400,2023-08-29,12.252,12.48,12.242,12.433,1102.0,13701.166,3.9548494983277505,8.946722747984568,7.477524204702631,8.141254240236583,1.839161903433525,1.6569118484224248,1.6992720851612009,1.9425399934704501,264.83517244317574,1900.9881411379833,-0.21884441989697845,-40.53310270821322,-12.548049108546655,63.923575579858294,0.180983643757628,0.12363404752549402,0.05734959623213397,11.844657087542961,11.583864164840335,11.35762342135343,11.223177515220154,4.967158678454267,7.330333152014895,9.468323950807852,10.779678777593617,11.7767,12.35967104559329,11.19372895440671,9.900414302704318,5.572868460604412,0.5932921202854734,11.071118933118507
LSE:URNU,1D,1693378800,2023-08-30,12.1,12.631,12.1,12.631,6096.0,76998.576,1.5925359929220655,9.539502211430055,8.086599349649155,7.920369104579628,1.8404406653839323,1.6754613797561746,1.6934524501406774,4.388429752066121,461.98557115503894,49.98939925446487,7303.324827364731,1371.7730873859452,326.36503335998924,66.69679075718186,0.22097864262719114,0.14310296654583343,0.0778756760813577,11.919546888729347,11.624928315238753,11.382838799148413,11.237185699148313,5.968793259611032,8.654433450935088,10.96528926461619,12.403588746934451,11.821549999999998,12.512498760763135,11.130601239236862,11.689647478767789,6.847240844051769,0.9470629448409056,13.479943522493928
LSE:URNU,1D,1693465200,2023-08-31,12.684,12.684,12.382,12.449,1655.0,20603.095,-1.44089937455467,5.010544074230277,5.3214890016920435,5.553671358317783,1.9490486212978706,1.743109420815877,1.7179750176056303,2.380952380952378,-73.24223892140552,33.07232040034542,626.2794345741681,627.8805254083998,10.46213533212123,61.9804448381591,0.23527696205345983,0.16153776564735872,0.0737391964061011,11.969970994564648,11.657244851896056,11.403950902135573,11.24924355288813,4.001922858901421,6.7919577752985445,9.16392140612184,10.665218878684911,11.87975,12.576185747215849,11.18331425278415,11.724754261930585,4.791767503524908,-1.0113221112689579,11.31762658731288
LSE:URNU,1D,1693551600,2023-09-01,12.524,12.734,12.524,12.734,3124.0,39781.016,2.2893405092778547,5.3528584429552435,7.1254311432657484,9.927486187845307,1.9823741296441477,1.810994302624171,1.717304504544847,1.6767805812839418,93.0827188827698,71.59662657757676,2073.1158889062485,1167.2083647632055,100.17501128999994,66.03122566380527,0.2665331728626068,0.18253684709040835,0.08399632577219845,12.042735661748967,11.699470543978563,11.430288508033879,11.264017248879293,5.740093926056004,8.842532250776802,11.405761902245914,13.050253019338745,11.943999999999999,12.703835508514851,11.184164491485147,12.723300544454997,6.61419959812459,0.23744397087738311,13.85740981988231
LSE:URNU,1D,1693810800,2023-09-04,12.8508,12.906,12.778,12.906,2593.0,33465.258,1.35071462227109,5.269168026101148,8.801213960546287,13.101393392340732,1.978715188057384,1.8113223061316273,1.692309089187705,0.9960469387119877,-15.876311454689848,-67.59699042121554,2869.7005031547,778.0596199591004,60.41570930821022,68.23112031864441,0.3017050397602272,0.20637048562437213,0.09533455413585509,12.124951313010971,11.746785424606855,11.459510517775783,11.280355385706365,6.441664521579615,9.86835575428877,12.622611410674562,14.411288994968482,12.007850000000001,12.860074448135531,11.155625551864471,14.194455262774436,7.479690369216797,0.35711730946571285,15.690509151617988
LSE:URNU,1D,1693897200,2023-09-05,12.803,12.95,12.788,12.926,2119.0,27390.194,0.15496668216333156,5.959504877448974,10.705721137375814,12.429329390275727,1.932305229973028,1.714372200461015,1.6918517464520622,1.2653284386471846,-18.15334577728342,-68.31830240788564,2134.1468865723746,168.28575335359716,27.786867086312494,68.48668587296325,0.3274185532582461,0.2305800991511469,0.09683845410709918,12.201241664152784,11.793029133445803,11.488549913463391,11.296729958982919,5.94003754533077,9.607123443297686,12.512023687620196,14.422492587968083,12.07075,12.995931684859721,11.14556831514028,15.329315657431744,7.085309529233891,-0.5381044357226951,15.974346345723442
LSE:URNU,1D,1693983600,2023-09-06,12.95,13.078,12.876,12.936,13373.0,172993.128,0.07736345350456279,8.160535117056849,12.165091476632277,10.772392532967965,1.6148453817288462,1.6387100231289833,1.6786688058566575,1.5598455598455596,531.5878156978371,4506.467630956692,1279.929869656857,3925.432623215709,539.3544875868355,68.62260232466276,0.34463092362554626,0.25339026404602677,0.09124065957951949,12.271218648519186,11.837851520369497,11.51721229141461,11.313041103669656,5.417402871890279,9.276586023577915,12.318846546251565,14.345911779670791,12.139149999999999,13.106841536596313,11.171458463403685,15.943316238720412,6.564298159261571,-1.3034531326200718,15.795086580474116
LSE:URNU,1D,1694070000,2023-09-07,12.932,12.932,12.678,12.801,2066.0,26446.866,-1.0435992578849707,2.9598648757339365,12.1713985278654,11.148736650169322,1.2832983512315725,1.6382532149808733,1.6681745094639182,1.964120012372406,-84.71218694883649,93.02638914089503,3762.435155976166,-48.66235414280129,0.858146097753238,64.57357039563182,0.3434197502822567,0.27139616129327276,0.07202358898898392,12.321674015326883,11.875622048982459,11.54263383019848,11.327846664827172,3.8901044133847864,7.792248247718785,10.901898027028402,13.004707591487369,12.1949,13.180057226030426,11.209742773969575,16.156872561979608,4.970110456010296,-2.875990745182754,14.19530544202605
LSE:URNU,1D,1694156400,2023-09-08,12.9,12.9,12.548,12.817,13321.0,170735.257,0.12499023513787995,1.4725674926767474,11.152545312635501,11.70472372320028,1.1922039491534806,1.6470507842009714,1.663194856616688,2.728682170542638,545.5784099333357,121.73820071685483,232.58379517287005,3006.510698782361,438.0908808848624,64.83837398398006,0.3398335631867191,0.28508364167196204,0.05474992151475705,12.368847918629085,11.912538831375304,11.567868803857916,11.342664110948295,3.6232322065819944,7.5925139168698585,10.79828287580073,12.998144656585836,12.24475,13.249681017532982,11.239818982467018,16.41407162307082,4.673431470630273,-3.2655957298928597,14.032085570000955
LSE:URNU,1D,1694415600,2023-09-11,13.048,13.134,12.878,13.04,7974.0,103980.95999999999,1.739876726222977,4.747369266607754,9.995782370307877,13.995978669464106,1.074390580754964,1.5738989452011989,1.6754407327011853,1.9619865113427362,-39.098132496441565,404.6861163334926,571.5975257433652,908903.9339103069,195.43848665518547,68.38532188345532,0.3509402990727022,0.2982549731521101,0.05268532592059211,12.432767164473933,11.956752994850783,11.597019916652808,11.359553025267218,4.884132610970196,9.059708815727149,12.442680048131463,14.793249091711083,12.302399999999999,13.350006681918387,11.25479331808161,17.030931881883024,5.995578098582395,-2.322146267823742,15.861745582216333
LSE:URNU,1D,1694502000,2023-09-12,12.79,13.166,12.79,13.116,6874.0,90159.38399999999,0.5828220858895745,2.9998429401601983,8.513278729213205,10.90816844241501,0.8494783225181964,1.5344997014302177,1.5850849080654237,2.939796716184529,-13.292410456683609,126.63921906871354,288.9052544236765,1060.399923703441,137.62552870877306,69.51402408872545,0.361705516087957,0.3109450817392795,0.0507604343486775,12.497836958333558,12.002213661719379,11.627098730184436,11.377030109592917,4.946160233385432,9.279840949949103,12.805441016427544,15.284919470686928,12.365099999999998,13.44923705775612,11.280962942243876,17.535435342312184,6.072736977460769,-2.477739490538193,16.266670382228195
LSE:URNU,1D,1694588400,2023-09-13,12.826,13.259,12.826,13.259,361.0,4786.499,1.090271424214705,2.735161940182859,8.14845024469821,12.996420657917168,0.81311968148028,1.5237312721398306,1.5758951575231264,3.3759550912209555,-94.69106953969428,-85.69711011939606,-95.36543322194491,161.48530677889806,-87.41730263702958,71.57069135612993,0.3774252101473401,0.3242411074208916,0.05318410272644847,12.570328676587504,12.051499400475482,11.659413606814446,11.395756178154182,5.478546672332926,10.01950512047387,13.719269657357911,16.350330708353365,12.44425,13.546581143531741,11.34191885646826,17.716313052722995,6.547200514293751,-2.1229057020712245,16.90261734184807
LSE:URNU,1D,1694674800,2023-09-14,13.648,13.87708,13.474,13.814,20434.0,282275.276,4.185836035900141,6.869874671205321,13.23879006475941,22.410279131590606,1.5429080467242446,1.7494499664912024,1.5111122008399542,2.9533997655334057,5797.322364425439,930.5705611285558,226.50224865010497,14275.469217097256,495.7179416251689,77.82376314360263,0.42971357204403837,0.34533560034552097,0.0843779716985174,12.688773564531552,12.120617071045071,11.70207868390723,11.419818305734736,8.867889632877928,13.97109502782865,18.047403142119506,20.965146994177374,12.5583,13.729740156388749,11.38685984361125,18.656030774686855,9.99896482804202,0.6137031192978801,21.315272074333382
LSE:URNU,1D,1694761200,2023-09-15,13.878,14.326,13.878,14.252,19143.0,272826.036,3.1706963949616376,10.173160173160179,19.163879598662202,24.48248755349813,1.6635561339399063,1.6448259008959563,1.570403225264139,3.2281308545900016,-3.3475266179528917,57.70917559222354,7164.822124704429,863.9839236394073,391.2699460760422,81.31640037311368,0.5007233875238555,0.3764131577811879,0.12431022974266759,12.837652272671404,12.204200715317814,11.752572175315008,11.447999218115486,11.017183650778877,16.77946251827815,21.26707062420572,24.493369788560273,12.700299999999999,13.966214388890563,11.434385611109434,19.935188757597295,12.217821626260815,2.0462639563714977,24.64158971648661
LSE:URNU,1D,1695020400,2023-09-18,14.25,14.25,13.814,14.059,8191.0,115157.269,-1.3541959023295074,9.827357237715797,13.07809860854178,20.89603577263737,1.7311055815513159,1.5941585149430255,1.6064565119746672,3.059649122807017,-57.79095327984021,335.42879144924007,740.4924734143066,1038.229228751348,95.06217483255563,75.66169992038508,0.5352555975148938,0.4081816457279291,0.12707395178696473,12.953971103845555,12.276937942168097,11.798244013427581,11.473979325397918,8.5304258230621,14.515525501770126,19.161800552687772,22.529417225635733,12.826699999999997,14.105133431978444,11.54826656802155,19.933941418735103,9.607303515323524,-0.32706838401013516,21.741214728545955
LSE:URNU,1D,1695106800,2023-09-19,13.98,14.326,13.98,14.098,14645.0,206465.21000000002,0.27740237570240756,9.994538503549977,11.614282321273063,20.826191292423736,1.7162938428082437,1.588988106127547,1.6068653542028264,2.4749642346208875,79.28977631451126,20.92710880448085,168.14159524196916,15986.359740704958,213.416926815346,76.02451953602565,0.5593220800148249,0.43840973258530824,0.12091234742951662,13.062926236812645,12.348352140514447,11.843783735933966,11.50008898385167,7.923751113823281,14.169079724775827,19.032906327280834,22.590355777214384,12.938849999999997,14.249758886994172,11.627941113005821,20.263143741432597,8.958678707922298,-1.0649926654736777,21.242444066313897
LSE:URNU,1D,1695193200,2023-09-20,14.492,14.492,13.766,14.136,18248.0,257953.72799999997,0.26954177897573045,8.404907975460125,13.551289260181537,22.199170124481324,1.749618667105898,1.473523079839091,1.5843206521764472,5.009660502346128,24.938108459047385,148.07784809834413,1152.014457051234,1778.5934763534417,248.509222085913,76.393778183064,0.5748348844804134,0.46569476296432927,0.10914012151608415,13.165123738068583,12.418455978141331,11.88917415700458,11.526316954161604,7.374607950884707,13.830576239766422,18.898081677705825,22.641083498022,13.041299999999998,14.389633059744598,11.692966940255397,20.677893457624634,8.394101815003117,-1.7626096418966015,20.89318367380282
LSE:URNU,1D,1695279600,2023-09-21,14.04,14.04,13.556,13.672,12201.0,166812.07200000001,-3.2823995472552254,4.23909728575786,7.366106486571389,16.994694506246795,2.354591796609697,1.7726912440600944,1.7348901992650547,3.4472934472934473,-35.332560109385184,85.01909019254173,319.3258211404153,15938.78952439008,109.71554986725363,63.5277155626157,0.5434237212043893,0.4812405546123413,0.062183166592048034,13.213397667776338,12.467614567233829,11.924477639044094,11.547667034219698,3.470737381514381,9.660111212704797,14.654917505434598,18.396209030665464,13.1119,14.43686609767945,11.78693390232055,20.21013121941824,4.27169212699914,-5.298006454478322,15.992845241189723
LSE:URNU,1D,1695366000,2023-09-22,13.368,14.292,13.368,14.14,377652.0,5339999.28,3.42305441778818,6.644543329059509,9.561444289477762,19.62774957698816,2.553871942375302,1.9162077305291534,1.8080260261927017,6.912028725314179,3101.2067328076832,111463.7813775789,15856.844797072832,188140.24534686972,1974.2092050767849,69.16801008803226,0.5499543058604441,0.49498330486196185,0.05497100099848229,13.301645508940496,12.533198309695248,11.968349368964013,11.57346139208816,6.302637448096311,12.82036436830164,18.144946843442344,22.176067478536513,13.208949999999998,14.536572306983492,11.881327693016503,20.10185982963816,7.048629906237837,-2.728100535729287,19.01026859406528
LSE:URNU,1D,1695625200,2023-09-25,14.2716,14.58,14.026,14.576,27541.0,401437.61600000004,3.083451202263083,5.51614304328942,12.764969828253136,22.621351055775214,2.37774753491146,2.0060180939037644,1.8614203369964155,3.8818352532301934,-92.48244063433656,42.214940567448075,1365.6253110145917,21829.315775500687,48.25904227201069,73.30920478497183,0.5835842020341584,0.5127034842964011,0.07088071773775728,13.423012603327114,12.613308179903278,12.019986015123141,11.603337398137032,8.589632079963176,15.560484149779752,21.264700155732033,25.619030972418695,13.339749999999999,14.6648674853575,12.014632514642498,19.867201189789924,9.267415056504072,-0.6059890104443877,21.318733487985646
LSE:URNU,1D,1695711600,2023-09-26,14.308,14.71,14.308,14.505,7992.0,115923.96,-0.4871020856201957,1.7751894470951453,12.12894248608535,22.281234193222062,2.193752412324783,2.027340433310509,1.8665847577892603,2.809616997483932,-71.12279582688633,-57.50993501221415,-32.98926879916293,10187.069722865586,-57.78354897024756,71.62215453665797,0.5976180614063367,0.5296863997183883,0.0679316616879484,13.526059022057865,12.687492172848248,12.069194212843476,11.632209662832187,7.23744422781026,14.325193682020892,20.182008377696448,24.69685829638281,13.443349999999999,14.792470791478657,12.094229208521341,20.071199388227758,7.897213120241623,-1.9433588582392611,19.93323220449701
LSE:URNU,1D,1695798000,2023-09-27,14.61,14.61,14.19,14.276,5291.0,75534.316,-1.578765942778359,1.543495269933854,11.522537301773296,22.267899965741687,2.2188515947545726,2.067177731315409,1.8670185307929108,2.874743326488706,-34.84149782322826,-34.407687281989986,185.60781455163723,6061.137702083232,-72.73830367493014,66.3208651801328,0.5835349818670892,0.5404561161481285,0.04307886571896069,13.597481972338068,12.749786597442435,12.112893337341625,11.658516034346295,4.990027043553135,11.970501552266905,17.85788582807008,22.451261875375288,13.525599999999997,14.867145884418534,12.18405411558146,19.837136754281318,5.547997870704462,-3.9761894382033516,17.16953868206539
LSE:URNU,1D,1695884400,2023-09-28,14.66,14.716,14.308,14.668,15283.0,224171.044,2.7458671896889846,4.043126684636108,14.441757041429346,27.182866556836906,2.3860563327837654,2.115389583720449,1.8673510164856297,2.7830832196452895,196.78039846154164,8.575698540204412,31.29745310893811,1688.165363006567,-21.101458695884396,70.36457969893468,0.5971219140586523,0.5517892757302333,0.04533263832841905,13.699436070210632,12.825010652444693,12.163489508879413,11.688461148432403,7.070100731339629,14.370275374422379,20.590394633811947,25.491284213809422,13.63655,14.97060689159045,12.30249310840955,19.56590034268858,7.563863293868314,-2.021340175330072,19.227866016632618
LSE:URNU,1D,1695970800,2023-09-29,14.928,14.936,14.462,14.562,6236.0,90808.632,-0.7226615762203428,3.013582342954161,11.671779141104297,27.602523659305977,2.4303137903598406,2.1478927255512397,1.8573380077513255,3.175241157556271,-59.49136410320685,-64.796542114716,-12.668019221980634,13162.1556256572,-68.37367006694717,67.98745043897647,0.5925062978092068,0.559932680146028,0.03257361766317879,13.781585015904858,12.893127881760588,12.210984766129327,11.717053574816159,5.662737509470003,12.943888663357638,19.253281196385473,24.280391030203834,13.727949999999998,15.052587380568808,12.403312619431189,19.298400424955066,6.075561172644141,-3.2591565035662975,17.40411974448651
LSE:URNU,1D,1696230000,2023-10-02,14.206,14.436,13.8,13.98,47953.0,670382.9400000001,-3.996703749484954,2.2527794031597415,6.587374199451059,21.238400832538375,2.5945236518834416,2.4811394574173566,2.0487881421744945,4.476981557088549,638.2370213439623,301.87915176786487,643.5531502744076,1205.8726493986328,117.82317725392535,56.667716588163,0.5357105153025579,0.555088247177334,-0.019377731874776094,13.800481681056777,12.935750317769976,12.246014770760429,11.739570454668735,1.300811979553144,8.072586874187943,14.159587928799292,19.08442522648062,13.781649999999999,15.05472301833008,12.508576981669918,18.474899860758047,1.4392326027725373,-7.138776429307507,11.763312649283023
LSE:URNU,1D,1696316400,2023-10-03,13.84,13.85,13.55,13.562,7295.0,98934.79,-2.9899856938483618,-4.087694483734096,2.285240214194125,14.398987768873884,2.4781565377391828,2.6284803369236083,2.1099989851413556,2.1676300578034606,-85.24204837312834,-98.1472883269752,1966.9552004502666,539.0050656768261,-68.14171272742315,50.20266211681449,0.45176270262295937,0.534423138266459,-0.08266043564349967,13.77776914000375,12.960309128837821,12.272073884210718,11.757704081985464,-1.5660673205596474,4.642565738060704,10.5110686910784,15.345648312232848,13.81345,15.029958031210649,12.59694196878935,17.613384508730974,-1.8203272897067726,-9.766880440799254,7.661050067561735
LSE:URNU,1D,1696402800,2023-10-04,13.502,13.502,13.048,13.233,20729.0,274306.857,-2.4258958855625927,-9.21377607025247,-4.205878094686547,9.481260858773895,2.0290303819719457,2.4576092304905135,2.153384278374298,3.362464820026667,177.26026102648024,-31.668870562443757,-2.822924881313372,1083.2309991353097,-13.988086037881505,45.775979169718475,0.35459831716033463,0.4984581740452342,-0.14385985688489955,13.725886364765298,12.97100288849124,12.291102124127336,11.772383643358744,-3.5909255815387584,2.0198678063761917,7.663249937723046,12.407142010405403,13.828299999999999,15.00830442372054,12.648295576279457,17.066514665151054,-4.304939869687512,-11.82881405919966,4.6227922188748884
LSE:URNU,1D,1696489200,2023-10-05,13.184,13.544,13.184,13.52,10210.0,138039.19999999998,2.1688203733091442,-6.790761806273707,-5.1361212461409,10.277324632952691,2.3740421458943213,2.369192274547011,2.1700138009184515,2.730582524271854,-49.677087364972444,19.077367612355527,-49.403949115765485,33.65758363039492,-56.87298987063486,49.92409750822838,0.29732595456528266,0.4582317301492439,-0.16090577558396124,13.706278139549555,12.99253218698178,12.315436735530755,11.789772860837761,-1.3590716433226964,4.059776842783043,9.780922027669629,14.675661351454497,13.864249999999998,14.957493591337329,12.771006408662668,15.77068491028841,-2.483004850604965,-9.610524534470517,5.864796926491898
LSE:URNU,1D,1696575600,2023-10-06,13.642,13.83,13.568,13.83,4005.0,55389.15,2.2928994082840273,-3.124124404595123,-1.6288498470730435,13.36994835642266,2.6076088100893537,2.443556692460383,2.1913854878163415,1.9205395103357312,-59.87433279821963,-26.67021701765328,-51.901299430781044,-35.93246180789152,-82.63883283067862,54.01604646199656,0.2737954601724031,0.4213444761538757,-0.14754901598147263,13.71806117387817,13.025374062002102,12.345428087302423,11.810073628391613,0.8159959684024729,6.177372981135103,12.02527690574372,17.103418955428438,13.9149,14.89765528998831,12.93214471001169,14.125222459210054,-0.6101373347993827,-7.166599503116487,6.94281814905162
LSE:URNU,1D,1696834800,2023-10-09,13.7,13.766,13.334,13.504,49185.0,664194.24,-2.3571945046999314,-7.935642214344149,-4.213363597673437,12.909698996655505,2.3184104318786045,2.508800028034753,2.2070385056875694,3.1532846715328495,1099.141420296213,196.2890425759002,221.6978976748673,17586.189634237267,94.74690131485076,49.44067457334792,0.22623401345237149,0.38232238361357485,-0.15608837016120336,13.697674395413582,13.044143706629471,12.368370105375643,11.826928617163837,-1.413921734615263,3.525385059479326,9.181726330543585,14.180109114739322,13.9381,14.856975813154337,13.019224186845664,13.185094283357653,-3.1144847576068533,-9.106670362594354,3.723538409025498
LSE:URNU,1D,1696921200,2023-10-10,13.744,13.936,13.408,13.936,2936.0,40916.096,3.199052132701425,-4.298860046696879,-1.414827391058286,12.088795946272018,2.781009679178847,2.6629676937298563,2.170671224646891,3.8416763678696197,-93.83973941116984,-54.94250370383291,-84.13820326721543,198.63221860095703,-88.0349090505814,54.89318604510784,0.22085414478622312,0.3500287358481045,-0.1291745910618814,13.72037207204086,13.079118463232238,12.399412281506818,11.84791440206768,1.5715895081194124,6.551523630408355,12.392423798867755,17.62407734451483,13.979099999999999,14.817216913085513,13.140983086914485,11.990999607778958,-0.3083174167149461,-5.947249866520378,6.049904393204617
LSE:URNU,1D,1697007600,2023-10-11,13.9,13.932,13.547,13.547,6831.0,92539.557,-2.7913318025258276,-3.0972818311874093,-0.9142773551784669,7.251999049956459,2.5956982378784983,2.6233129236380464,2.232466489744526,2.769784172661869,126.16907781231133,-86.19601551913,-44.524664258111976,20.183465470841956,-72.97959688002396,49.696010558889,0.18309095258583774,0.31664117919565116,-0.13355022660981342,13.703860446132207,13.097466758791757,12.422136790783911,11.864820726425215,-1.1446442172174862,3.432215171735338,9.055311724232782,14.177873499835123,13.993500000000001,14.790521831570441,13.196478168429561,11.391314990108835,-3.1907671418873074,-8.407558879471967,2.656177103441178
LSE:URNU,1D,1697094000,2023-10-12,13.702,13.702,13.39,13.439,16989.0,228315.171,-0.797224477744154,-0.9069458781890527,-4.95756718528996,7.952445979596757,2.3901987093316786,2.445516245678411,2.2190833793795783,2.277039848197339,146.7217030226328,130.77339225160333,-95.72443442351924,1008.1595799077759,-34.65582844642686,48.32794745266451,0.14280251479253359,0.28187344631502764,-0.13907093152249406,13.678635641738664,13.110860219231297,12.442272695916904,11.880484201784169,-1.7518972506837254,2.502808933065891,8.01081384761954,13.118285178829487,13.97475,14.804742499966048,13.144757500033952,11.878459363724545,-3.8337000661908096,-9.225033802304768,2.238477963289074
LSE:URNU,1D,1697180400,2023-10-13,13.43,13.43,13.198,13.213,3807.0,50301.890999999996,-1.681672743507708,-0.15113730824455038,-9.35098792535676,3.761583163185167,2.2992680335686457,2.271817171458655,2.213707190419816,1.7274758004467559,-77.96822226938218,-81.6621824368029,-87.46956214486885,26.4469741044321,-85.61795258343973,45.504936981647354,0.09158163031296418,0.24381508311461494,-0.15223345280165076,13.634289390144506,13.11486570083007,12.45753462273043,11.893743065448009,-3.0899255405935135,0.7482676636461364,6.06432492582539,11.09202483433921,13.922799999999999,14.805280277400081,13.040319722599916,12.676764406586068,-5.098112448645384,-10.754813469020652,1.3242027885314371
LSE:URNU,1D,1697439600,2023-10-16,13.532,13.532,13.158,13.212,69408.0,917018.4959999999,-0.00756830394308216,-2.278106508875738,-8.914167528438476,2.3709902370990172,2.1262569378224585,2.277968312701969,2.2024998017558275,2.763819095477391,1723.0298658155814,564.317451854256,691.0517342575253,2640.210447503497,141.82562448956378,45.49227423169172,0.05032787033252717,0.2051176405581974,-0.15478977022567023,13.594071352987886,13.118674889032812,12.472474531191214,11.906860049871412,-2.8105733967911615,0.7113912933783211,5.92926020381423,10.961243725567117,13.88045,14.812616610644245,12.948283389355755,13.431360087666395,-4.815766059457727,-10.80576546816214,2.036691681161655
LSE:URNU,1D,1697526000,2023-10-17,13.0,13.28,12.908,13.239,10875.0,143974.125,0.2043596730245309,-4.273318872017349,-7.263939478845609,2.421476094692872,1.871943430490157,2.271689346130003,2.202556976745104,2.8615384615384607,-84.29975778809154,159.9319993175559,90.60757100123868,425.6411290843723,-62.41793448988926,45.929772320097776,0.019586857580533135,0.16801148396266455,-0.1484246263821314,13.560255033655706,13.123393520835448,12.487653253345844,11.920115173753288,-2.3690928589349523,0.8809190929237135,6.01671692359689,11.064363112453343,13.837499999999997,14.804134263824906,12.870865736175087,13.971226938752082,-4.325203252032493,-10.57227822939594,2.860213690134523
LSE:URNU,1D,1697612400,2023-10-18,13.39,13.39,13.096,13.096,374.0,4897.904,-1.0801420046831383,-3.0213270142180058,-10.717207526588487,1.2368583797155237,1.75053263310252,2.085944344841566,2.2128001829611086,2.1956684092606458,-96.5980664928507,-99.26257957310801,-97.81510407740261,-97.16872915321815,-98.70250576254897,43.91915672425781,-0.01612860092978252,0.13118346698417513,-0.14731206791395765,13.516040268545638,13.12231926511641,12.499699723576619,11.931815520283106,-3.1077169067271133,-0.20056869966862687,4.7705168092850645,9.756976863561764,13.785499999999999,14.79332429024115,12.777675709758848,14.62151231716153,-5.001632149722527,-11.473582657556152,2.4912534757634743
LSE:URNU,1D,1697698800,2023-10-19,13.288,13.288,13.212,13.286,427.0,5673.121999999999,1.4508246792913828,-4.664179104477614,-8.76253261914572,3.788766502616978,1.276665721814388,2.1641958671408807,2.216427860639402,0.5719446116797149,15.827545823682923,-86.13474266948636,-93.75266219184978,-78.54898194742621,-98.49438239666082,47.22487810203316,-0.02877030089165622,0.09919271340900886,-0.1279630143006651,13.494131671541291,13.128738117464787,12.515270026080053,11.9452899927181,-1.5423865470368505,1.1978446148302098,6.158316778733934,11.223754367614362,13.766199999999998,14.796512302168745,12.73588769783125,14.968724879323958,-3.488253839113178,-10.208569907026993,4.319387193265105
LSE:URNU,1D,1697785200,2023-10-20,13.49,13.49,13.192,13.247,6799.0,90066.353,-0.29354207436398994,-2.2145124381781995,-5.24320457796853,3.354919247873915,0.9387395105149018,1.9524167381798119,2.2178490854734885,2.2090437361008157,1487.5976754950805,-2.6725911385117156,-86.56493958512728,-47.247947153645015,-75.92504207911446,46.617448572621186,-0.04145801110803404,0.07106256850560028,-0.11252057961363432,13.470595321870691,13.13337583834852,12.529759728533913,11.958242331099015,-1.6598770620602405,0.8651557912452719,5.724293897134534,10.777149627996728,13.721549999999999,14.760557887361859,12.682542112638139,15.144176676277246,-3.4584285303045137,-10.254069655848056,4.450668346682481
LSE:URNU,1D,1698044400,2023-10-23,13.296,13.356,13.0,13.305,5994.0,79750.17,0.4378349815052452,-0.9970979983629759,-1.89500073735437,2.03220858895706,0.9475472558225655,1.8181832053133782,2.1986677667738146,2.677496991576413,-11.45398104439735,-65.07013982001222,-19.391176753900215,-23.30310279882009,-78.63645966952431,47.6949473077894,-0.046299288216500756,0.04759019716118007,-0.09388948537768083,13.454824338835387,13.14010619762897,12.545111021038192,11.971642904918925,-1.1135361938761321,1.2548894193928444,6.057251926168461,11.137628357869106,13.657999999999998,14.633740129337843,12.682259870662152,14.28818464398661,-2.5845658222287162,-9.079976257566404,4.910324624229085
LSE:URNU,1D,1698130800,2023-10-24,13.446,13.706,13.412,13.585,1605.0,21803.925000000003,2.1044720030063973,2.8154090668281366,2.6600166251039092,3.5757853003964715,0.9918999915298737,1.7817862369863784,2.2267955634245404,2.186523873270852,-72.65971345264843,-56.6538661538589,-92.0512650545954,-75.81624448543259,-94.12327707212611,52.662448227347056,-0.027228502039756464,0.032626457320992765,-0.05985495936074923,13.467222020851064,13.157553013408226,12.565702882007733,11.987696209347591,0.8745528882391841,3.24868146954213,8.111739769462115,13.324526771097913,13.611999999999998,14.507091503702387,12.71690849629761,13.151506078495284,-0.19835439318246748,-6.356143155690838,6.826277817089956
LSE:URNU,1D,1698217200,2023-10-25,13.714,13.964,13.6563,13.95,1906.0,26588.699999999997,2.6867868973132016,5.585831062670296,3.1804733727810635,5.211554415868458,1.2478989185586735,1.8270134369245234,2.2675282221515345,2.24369257692869,21.94455814721429,-97.10052740310267,-80.73829752707925,455.4936917358595,-92.84766584629683,58.231290145011485,0.017140102537918978,0.029529186364378006,-0.012389083826459028,13.513200876008106,13.188629365823589,12.593114706126391,12.007221620199854,3.2323882994102755,5.7729322210645435,10.774818823920508,16.180082630704447,13.595699999999999,14.452902216516108,12.73849778348389,12.609901903044479,2.6059710055385183,-3.479593295396515,9.510557972439134
LSE:URNU,1D,1698303600,2023-10-26,13.88,13.88,13.386,13.516,3432.0,46386.912,-3.1111111111111063,2.092303044036553,-2.270426608821403,-2.157231793832344,1.858868217505347,1.9210696899947821,2.2172165220409528,3.559077809798282,74.46100034977266,-67.78107732899923,-16.252710142690407,-83.56678181053306,-87.25233733841249,50.60773500864749,0.01708541834620725,0.027040432760743853,-0.009955014414536605,13.51346745924543,13.201467429908938,12.61138966244072,12.02223434039687,0.018740865452987494,2.382557634301051,7.1729631846472355,12.425025309844509,13.5381,14.240118204892166,12.836081795107834,10.37100043421405,-0.16324299569363507,-5.085057542874867,5.29692951279962
LSE:URNU,1D,1698390000,2023-10-27,13.5,13.558,13.338,13.374,9744.0,130316.25600000001,-1.0506066883693361,2.122785583384243,-0.962677725118476,-6.160538871737301,1.8557307567450831,1.8414417067929565,2.1411213722270004,1.6296296296296344,180.93324254910527,2560.6535366965136,-80.37979733157576,-52.23467015442764,-63.713882701667956,48.37613870962519,0.005520233656447715,0.022736392939884626,-0.01721615928343691,13.500184844079198,13.208233413049763,12.626490857243875,12.035684744970036,-0.9346897508187754,1.2550246635288835,5.920165398348003,11.11956056832807,13.478699999999998,14.002558415986824,12.954841584013172,7.77312969332096,-0.7767811435820783,-4.48888265496678,3.235534863692103
LSE:URNU,1D,1698652800,2023-10-30,13.102,13.392,13.1,13.304,9685.0,128849.24,-0.5234036189621675,0.13548095739877075,-4.535017221584384,-5.370225478341269,1.8116003750105314,1.6065675654982543,2.131218838515782,2.2286673790261013,-1.125735226770176,2171.2227940805788,214.91088494855424,11.889801763187007,-64.16790472044558,47.26957901992084,-0.009187762709107261,0.01635156181008625,-0.02553932451919351,13.481500573214513,13.211988965479184,12.639906879872708,12.048304797258892,-1.3166232664572701,0.6964207642106419,5.253939973124076,10.422173275586385,13.444899999999999,13.919980582638539,12.969819417361458,7.067074989602605,-1.0479810188249707,-4.425154036542336,2.576601661787258
LSE:URNU,1D,1698739200,2023-10-31,13.002,13.777,13.002,13.777,2762.0,38052.074,3.555321707757058,4.0009058654789715,1.697792869269939,-2.2769187118740355,2.1757026599913107,1.7350016943122657,2.2325183651035725,5.960621442854934,-70.46775440817501,-57.75106603905679,-58.88020730421262,-81.56974049041968,-89.25015627459814,54.794214242758656,0.01712577589576192,0.01650640462722138,0.0006193712685405375,13.509643375765512,13.234146260950588,12.662423575320773,12.065505744549847,1.9790057871852451,4.101917330709768,8.80223614420505,14.185018777379115,13.455649999999997,13.950174933648821,12.961125066351173,7.3504428793677645,2.38821610252944,-1.2413818068410842,6.294784823633466
LSE:URNU,1D,1698825600,2023-11-01,13.782,14.086,13.782,14.045,1816.0,25505.72,1.9452711040139414,5.5618188650883145,4.5092640821489685,-0.6437464629315175,2.224473662420724,1.773059117279819,2.2606466053468504,2.205775649397767,-32.9715378983022,-68.01797413096423,-88.82872308121829,-90.11228866597345,-92.63329433477769,58.415125985581426,0.05892554801187444,0.024990233304151996,0.033935314707722444,13.5606297209307,13.265944446795663,12.68980132630452,12.085202204803084,3.5718863285653955,5.872597735719562,10.679431764517117,16.216508106236102,13.496249999999995,14.041698026855574,12.950801973144415,8.082956774742312,4.06594424377146,0.023515483227959405,8.448882386778685
LSE:URNU,1D,1698912000,2023-11-02,14.156,14.284,14.156,14.257,3192.0,45508.344,1.509433962264149,4.946632315053359,7.901309316582158,4.278818022235218,2.184039299088729,1.703390307829345,2.1910118501788243,0.9042102288782149,78.42407114953036,108.71629305274162,-9.52955625465452,-72.7187945965925,-86.70070749757907,61.071431942058304,0.10791482191467772,0.04157515102625714,0.06633967088842058,13.626950699889681,13.304809370450736,12.720834963407402,12.1068121331135,4.623553089653573,7.156740115826299,12.075976467044116,17.76014894131786,13.533099999999996,14.171627336924983,12.894572663075008,9.43652728384461,5.349107004307988,0.6024196166418612,10.565897548714027
LSE:URNU,1D,1698998400,2023-11-03,14.378,14.438,14.08676,14.119,8516.0,120237.404,-0.9679455705968991,1.2114695340501829,6.864971238268241,-0.14851485148515414,2.0850964754776906,1.7436924560520854,2.113693231793151,2.4428988732786245,164.20957879724213,352.212421066092,-86.88822477142271,-97.74836291738225,-28.512727089746093,58.453945474671336,0.13405838611870102,0.06007179804474592,0.07398658807395511,13.673812537995426,13.336738414746785,12.748521399775573,12.126833902933267,3.2557668957909978,5.865463960725567,10.750098440816462,16.427751159227657,13.547549999999996,14.224238842822523,12.870861157177469,9.989833480186853,4.218105856778563,-0.7398557067651167,9.697399634573037
LSE:URNU,1D,1699257600,2023-11-06,13.872,14.128,13.736,13.795,14557.0,200813.815,-2.294780083575323,2.064220183486238,4.19971296925749,-5.358122941822177,1.9126907438387306,1.8859721359953332,2.0737416603264447,2.825836216839673,67.014430052066,332.9105050148628,39.4791008453776,-49.976333309034004,24.33777651439329,52.73880114625218,0.12716735082420527,0.07349090860063778,0.05367644222356749,13.68535420104348,13.354709457305734,12.769243748294869,12.143432570565771,0.8011908010985853,3.2968934599577033,8.033022721820188,13.600499033835215,13.562099999999996,14.246883148157446,12.877316851842545,10.098482508718421,1.7172856710981663,-3.1718035689503647,7.126353717281937
LSE:URNU,1D,1699344000,2023-11-07,13.7,13.776,13.494,13.765,5587.0,76905.05500000001,-0.2174700978615394,2.9235830716315236,5.108430054978623,-5.101689072733541,1.8491593635121175,1.8532894193094644,2.0728968214249113,2.058394160583942,-61.70330462573005,-40.98583142229009,1470.1625634148813,-33.65905115732761,-51.99616055947869,52.22959811037869,0.11792602857553369,0.08237793259561696,0.03554809597991673,13.692939515229815,13.37079928250943,12.788961693873189,12.159567569863624,0.5262601553891105,2.9482210387095584,7.631880753809771,13.203038849138798,13.553549999999996,14.223556708922018,12.883543291077974,9.886807647030077,1.5601078684182714,-3.2239243552520067,6.84172582811475
LSE:URNU,1D,1699430400,2023-11-08,13.858,13.858,13.53,13.626,3476.0,47363.975999999995,-1.0098074827461032,2.420324714371611,2.559084750865572,-4.553096105351641,1.892296590583582,1.859468213155105,2.0623404633454205,2.366863905325452,-38.41240214963764,-63.2407796895038,734.8837906182873,-37.29475752451377,-70.26128167734569,49.828991184827125,0.09825347093255132,0.08555304026300384,0.012700430669547486,13.686564323303166,13.380807153783572,12.805536709836096,12.174158937327668,-0.4425093242724769,1.8324219413557343,6.407098029196195,11.925596422277552,13.557499999999994,14.228236759094601,12.886763240905386,9.894696796527496,0.5052553936935688,-4.232687221131991,5.736403666889098
LSE:URNU,1D,1699516800,2023-11-09,13.556,13.998,13.538,13.978,12234.0,171006.85199999998,2.5832966387788074,1.4589533280104559,5.518230542764399,-4.704117807472045,1.6760285655372176,1.9505349656527482,2.0549667570588115,3.393331366184708,261.04834611013234,349.402185016249,89.8676323665509,-23.715905074698235,8.57929570695447,55.4173330001101,0.10980057282556999,0.09040254677551707,0.01939802605005292,13.714320102036197,13.404226481086177,12.828753804690827,12.19210760461794,1.9226611016951067,4.280541810625457,8.958361917343458,14.647938267093599,13.584449999999995,14.276936960166505,12.891963039833485,10.195288880543721,2.897062450080827,-2.093845206437189,8.424139572933049
LSE:URNU,1D,1699603200,2023-11-10,13.852,13.86,13.636,13.732,8466.0,116255.112,-1.7599084275289774,-2.228551085795661,3.20931980458474,-5.699766515588519,1.632450087004366,2.0283319815178515,2.0731355774432463,1.617095004331506,-32.01727846554358,355.80015776853185,45.7741243686377,28.022093758663818,-26.58025448506571,51.130948692854204,0.09797222732493616,0.09191648288540089,0.006055744439535271,13.716003901842274,13.417080344572993,12.846639867964276,12.2074299170098,0.11662360460233197,2.347154875273493,6.89176423668223,12.488870248322021,13.610399999999995,14.283901121009194,12.936898878990796,9.896860063028262,0.893434432492832,-3.8637982462469007,6.14599471207453
LSE:URNU,1D,1699862400,2023-11-13,12.35,14.242,12.35,14.242,2243.0,31944.806,3.713952810952531,-0.10521147506487194,4.836216415163784,1.8741058655221778,2.0987670942297294,2.170982344758887,2.0612049103281227,15.31983805668017,-72.52180532069849,-29.804507938148657,46.509428921627624,-95.23484204416062,-76.69314440685429,58.32736387829639,0.1282722731312802,0.09918764093457674,0.029084632196703458,13.766098768333487,13.449430134981895,12.874270761667955,12.227674395447515,3.4570522823883976,5.892962430851516,10.62374144253936,16.473497244107506,13.661899999999997,14.36263815366392,12.961161846336076,10.258282576565806,4.246115108440287,-0.8399442523944922,9.882124525942857
LSE:URNU,1D,1699948800,2023-11-14,14.438,14.606,14.29,14.473,3666.0,53058.018000000004,1.6219632074146881,2.5072597209434164,3.7491039426523405,6.717298333579129,2.1224765858878216,2.105856123917897,1.9972672460938345,2.1886687906912363,66.09278516200725,-55.87228579885175,99.55100475013825,-46.37071752009581,-60.85221493548458,61.12012416184245,0.16897718339971135,0.11314554942760366,0.05583163397210769,13.83342269515887,13.489570129688488,12.905928766387401,12.25001594375152,4.623420529649231,7.290298066260344,12.142258507531272,18.146785003838122,13.723599999999996,14.47965169135485,12.967548308645142,11.018270590149143,5.460666297473004,-0.045938200010847585,11.609377929606103
LSE:URNU,1D,1700035200,2023-11-15,14.538,14.674,12.35,14.522,2242.0,32558.324,0.33856145926898007,5.270025371511419,7.443030482391241,9.740799516360612,1.8286644176820563,1.884182813009064,1.935095454862317,15.985692667492089,-38.63637348835759,-83.78681068331878,-29.811400250139513,-88.130692627928,-74.45891805783874,61.70636765128675,0.20285166086472373,0.13108677171502767,0.07176488914969606,13.89900148609612,13.530057575583058,12.937930176953987,12.272622750281357,4.482325687403497,7.331398398533394,12.243610851043833,18.32841516836387,13.794899999999995,14.569491221226135,13.020308778773854,11.230109985953373,5.270788479800547,-0.3259634842769642,11.533453213292864
LSE:URNU,1D,1700121600,2023-11-16,14.322,14.43,14.242,14.288,1446.0,20660.448,-1.611348299132351,3.799491463857607,6.834155824734557,5.68047337278107,1.9920809244070241,1.9229541397469396,1.9342639114873919,1.3126658287948532,-36.543269241991695,-73.13512356242381,-84.14591653093532,-85.03291239010368,-83.27924706995582,57.265662736220804,0.20841312713087667,0.14655204279819747,0.0618610843326792,13.936048963610775,13.559780807913134,12.964664232855888,12.292676255253681,2.525472157196242,5.370434835214275,10.20725059574184,16.231809113931163,13.844999999999995,14.61101905981539,13.0789809401846,11.06564188971319,3.199711087035068,-2.2107907634162767,9.243985180074251
LSE:URNU,1D,1700208000,2023-11-17,14.756,14.874,14.598,14.867,6664.0,99073.68800000001,4.052351623740206,9.107588433876423,11.748346361996397,7.498192335502536,2.201063436086457,2.1030799906066187,2.021452168738309,1.8704255895906736,379.5331059616907,109.17519255562502,-23.108830133573154,78.86840292728812,-20.75237237423897,64.14197629909938,0.25658335708719804,0.16855830565599758,0.08802505143120046,14.024710967076416,13.61104430564203,13.00233424804686,12.318291416892949,6.005749672138648,9.227474881096033,14.341007671243647,20.690439094595753,13.925999999999997,14.76141438819334,13.090585611806652,11.997908777730066,6.757144908803708,0.7152811311300281,13.570167453709375
LSE:URNU,1D,1700467200,2023-11-20,14.962,15.104,14.924,15.069,8326.0,125464.494,1.3587139301809372,7.8051223350980194,9.377948755171674,11.58915876777252,2.1380482823324254,1.970826360204847,1.9703914091098917,1.2030477208929269,26.637552848542384,-26.63189075020221,229.71788607369996,-81.11027069430774,17.19060129249748,66.18620776211606,0.3075134989950037,0.1963493443237988,0.11116415467120488,14.124167065450091,13.668219038754108,13.043258322342963,12.345661651550731,6.68947719303829,10.248452686295094,15.530948077498122,22.059071642443666,14.014199999999997,14.936675929225483,13.09172407077451,13.164874616110609,7.526651539153173,0.8859003931096128,15.10325086700757
LSE:URNU,1D,1700553600,2023-11-21,15.246,15.248,14.952,14.966,109093.0,1632685.838,-0.6835224633353343,8.98630935042237,6.557493770024915,7.390929965556826,1.9577946967952826,1.9647987926745398,1.907855259011146,1.9414928505837554,1201.3130535560124,1304.3991785926798,6301.253671725401,3890.326540440222,919.6690399257758,64.17713985978287,0.3356950802732559,0.22421849151369022,0.11147658875956568,14.20434163064532,13.719112409783358,13.081332414969834,12.371734669943262,5.3621518628602285,9.088689945622589,14.40730596275816,20.969293306616276,14.083249999999998,15.071294710526992,13.095205289473004,14.031487199715892,6.268084426535079,-0.6986440949459131,14.286104487654677
LSE:URNU,1D,1700640000,2023-11-22,14.9,15.1,14.846,14.911,1448.0,21591.128,-0.3674996659093927,4.6973739643308425,4.587220312828785,10.068649885583516,1.7338495875107498,1.9535639843213226,1.8266887622199703,1.704697986577178,-98.67756995880795,-32.41114690131472,-52.55567198841601,-76.66821767906238,-86.31344091576366,63.07610235063768,0.3495616173969758,0.24928711669034734,0.10027450070662844,14.271642427726718,13.765853099595775,13.11756345625756,12.397000991635368,4.479915857695173,8.31874996862963,13.672024913185416,20.27909016108737,14.1313,15.180337673298768,13.082262326701231,14.847008743693335,5.517539079914799,-1.774253505391488,13.978757095905864
LSE:URNU,1D,1700726400,2023-11-23,15.162,15.162,14.972,15.033,28546.0,429132.018,0.8181879149621077,3.8692738202169465,6.4735462851476715,11.861001562616263,1.6933266814174768,1.9220657633708926,1.816244487827836,1.2531328320802089,1887.5386686605718,708.7976787975758,256.9039281653154,87.9559803759164,160.95279478632344,64.52977790894847,0.3661742989908081,0.27266455315043947,0.09350974584036864,14.344152672705127,13.815545134905745,13.155492892767311,12.423229837489743,4.802286639110102,8.812210109742875,14.271659165768794,21.007179265368812,14.207149999999999,15.28620556390774,13.128094436092256,15.190317043287955,5.812918143329246,-1.656431760315882,14.510145194192878
LSE:URNU,1D,1700812800,2023-11-24,15.286,15.312,14.992,15.215,3919.0,59627.585,1.2106698596421233,4.772069962815037,10.293584632113085,15.151744494058889,1.704648960262813,1.7680953136507969,1.7800850855008266,2.0934188146015864,-86.10507198276684,83.14083059066554,-70.30703042019296,18.539450137172782,-63.80920849104904,66.63979010276111,0.38953552475246234,0.296038747470844,0.09349677728161832,14.427090513399877,13.870425717850619,13.196275211722414,12.451008645076909,5.461319355197174,9.693821296479559,15.297686323518988,22.198935312891013,14.299199999999999,15.392265707082686,13.206134292917312,15.288487566894467,6.4045541009287295,-1.1516544117421121,15.211610472264232
LSE:URNU,1D,1701072000,2023-11-27,15.182,15.182,14.972,15.049,680.0,10233.32,-1.091028590207035,5.326147816349379,9.328005811841619,13.90402664244626,1.6118213404628352,1.8147952586432148,1.8006274458049856,1.3832169674614732,-82.83794321034468,-50.469031455658666,-86.69356650222798,-98.88406612902169,-92.393439994401,62.960927582287596,0.39015716288763436,0.3148624305542021,0.07529473233343226,14.486319988314174,13.916644317150595,13.232962831292268,12.4768593053249,3.88421636509292,8.136700608593635,13.723587014189373,20.615289727418464,14.38645,15.42505376949066,13.34784623050934,14.438638711991628,4.605375196799763,-2.4379413849075853,12.744780993972727
LSE:URNU,1D,1701158400,2023-11-28,14.976,15.11,14.902,15.088,547.0,8253.136,0.2591534321217337,1.486513755296955,10.729487744018785,13.96631165495882,0.8878211170381222,1.7602355110781274,1.8004041208313584,1.38888888888889,-19.350357459749127,-91.66969942614834,-82.57507773418347,-94.2676255195161,-93.65186313809527,63.47114722388806,0.38930907694923356,0.32975175983320837,0.05955731711602519,14.543622846569967,13.962579834125082,13.269696240573609,12.502840804774404,3.7430642912912204,8.060259488181027,13.702678090450327,20.676574512877195,14.451999999999998,15.493949710878658,13.410050289121338,14.4194535134052,4.400774979241635,-2.620053107527722,12.512628026755927
LSE:URNU,1D,1701244800,2023-11-29,15.056,15.056,14.594,14.65,8766.0,128421.90000000001,-2.902969247083768,-2.780542836286419,4.807554728859641,11.866218692730607,1.2725831563068868,1.91174994411252,1.8801086138799905,3.068544102019127,1456.037608007429,2.3571656854567977,-24.902482854897524,2521.976665937103,-4.252976159664634,54.40665852135171,0.34926788053653546,0.3336549839738738,0.015612896562661682,14.553754004039494,13.989537487688803,13.297028988285023,12.524205572886101,0.6613138846086921,4.721117570129985,10.174987306615447,16.97348717842889,14.482249999999997,15.510213982832258,13.454286017167735,14.196191652985712,1.15831448842551,-5.546112927806157,8.88723475408898
LSE:URNU,1D,1701331200,2023-11-30,14.5285,14.71,14.414,14.616,21920.0,320382.72,-0.23208191126280336,-2.3386342376052363,6.4375182056510365,10.010537407797683,1.2676991251772454,1.8298107199752236,1.8727735455020598,2.0373748150187643,149.47670140373248,-80.37695234788947,175.5859200410903,5547.37934421294,121.53941484123503,53.76477783349091,0.3112040613466842,0.32916479944843585,-0.01796073810175164,14.559682194130971,14.01410464503434,13.323147226140765,12.545019447782757,0.38680656018529125,4.294925506917282,9.703809106924709,16.508388534888034,14.500199999999998,15.52433448335673,13.476065516643265,14.125798035292378,0.7986096743493326,-5.851036540925696,8.458956228350834
LSE:URNU,1D,1701417600,2023-12-01,15.188,15.188,14.924,15.113,1072.0,16201.135999999999,3.4003831417624517,1.354704580511032,6.1157140851003975,14.08620819808258,1.8178037872747963,1.7913989565785675,1.9472884291726738,1.7382143797735128,-94.94319294124227,-24.963920365809518,-49.283974365034496,-82.01199953105684,-88.60314167769737,61.00670771807844,0.31748221940196686,0.32682828343914205,-0.009346064037175195,14.61237912802326,14.05719858052319,13.358589855326096,12.57057149307845,3.426005221946787,7.510752682541345,13.133198665983567,20.22524201323265,14.549899999999997,15.591539649783144,13.508260350216851,14.318169194058331,3.870129691613016,-3.0692263915693534,11.879691449368513
LSE:URNU,1D,1701676800,2023-12-04,15.026,15.228,14.76,15.069,25441.0,383370.429,-0.2911400780784669,0.23947315905009892,4.1180128515166174,13.258173618940255,1.8060962630183262,1.7689140784024862,1.951944799668616,3.1146013576467455,2266.3181952179157,-10.663755459980612,622.549472164603,380.71424675332986,151.7617664465229,60.109067446928876,0.31527300170280625,0.3245172270918749,-0.009244225389068661,14.655866830116283,14.096877067561497,13.392459363141421,12.595431478221949,2.8188927661021883,6.896016243735772,12.518541900322925,19.638616795740266,14.6136,15.617940858473894,13.609259141526106,13.745290119804753,3.11627525045164,-3.51480943261513,10.726086139544282
LSE:URNU,1D,1701763200,2023-12-05,15.154,15.33,14.878,14.925,672.0,10029.6,-0.9556042205853084,-1.9060138021689068,2.775099848505719,9.863820390136178,1.7659246023515347,1.7982734337873856,1.9419570681332354,2.9827108354229903,-97.38383577831978,-83.1795971612803,-69.19497453247287,-54.000942490858876,-93.39647866553268,57.14558783848476,0.29846209892764897,0.3193062014590297,-0.020844102531380748,14.6814985605814,14.129352476676733,13.422806702485156,12.618611264508298,1.6585598426061376,5.631167632321724,11.191350146141362,18.27767483398717,14.671599999999998,15.604667071544254,13.738532928455742,12.719363553317379,1.7271463235093838,-4.3555371507006,8.63605362903637
LSE:URNU,1D,1701849600,2023-12-06,15.328,15.328,14.806,14.806,8876.0,131418.05599999998,-0.7973199329983354,-1.614725230912355,3.6254199328107424,6.136200716845877,1.7490669050412297,1.75092329139334,1.9014657439230511,3.4055323590814215,1210.3020658849803,1184.2172041917968,536.0852194492587,394.2628108933494,-15.419830998127413,54.74363361659311,0.2723970087314136,0.3099243629135065,-0.03752735418209291,14.693355840526028,14.155887673669802,13.450196668772579,12.64037632655299,0.76663330485256,4.592522498885159,10.080174770791265,17.13258859942163,14.730599999999999,15.531628688624892,13.929571311375106,10.875710271474247,0.5118596662729293,-4.67194202985506,6.291856863600587
LSE:URNU,1D,1701936000,2023-12-07,15.08,15.08,14.566,14.715,8148.0,119897.81999999999,-0.6146156963393172,-2.4721633085896033,-1.022398600928237,8.870967741935482,1.7417892860997426,1.410160092105578,1.8062519458695236,3.408488063660473,-8.766098320614324,1352.7546862186687,21.01883196273059,158.47338145725243,-24.032257143133215,52.912094945834724,0.24161214309354762,0.2962619189495147,-0.05464977585596709,14.695417189047358,14.177813647251378,13.475242279291933,12.661019348179329,0.13325794498190197,3.788922369231202,9.200262934146002,16.22286954419698,14.76745,15.490625352179517,14.044274647820483,9.794180473670362,-0.3551730325817953,-5.007062881876409,4.775792050489456
LSE:URNU,1D,1702022400,2023-12-08,14.872,14.954,14.646,14.901,19128.0,285026.328,1.2640163098878692,1.7133105802047743,-1.1148715906828657,11.417676087931802,1.452889713219977,1.4035335956052282,1.7963256400172913,2.071005917159762,137.72436229449374,121.9452663447589,127.17688400353329,118.71893557162967,74.8796441796052,56.14198458572008,0.22957713847022276,0.2829249628536563,-0.05334782438343355,14.714996504376181,14.206173896378775,13.503475105444569,12.683307712874061,1.264040365680699,4.891015052253718,10.349372170071632,17.485125625982352,14.825899999999999,15.372208301236817,14.27959169876318,7.369647727784734,0.5065459769727357,-3.065326022149369,4.351723174904519
LSE:URNU,1D,1702281600,2023-12-11,14.888,15.132,14.817,14.817,2822.0,41813.574,-0.5637205556674024,1.3752052545156028,-0.9955900040090815,11.372519542994587,1.4732125020669917,1.4001294442020866,1.7970137329280393,2.1157979580870467,-85.32992573233446,-86.94886727973343,-97.43897000716191,-67.54845119769429,-73.88008074851598,54.32953745426397,0.21083088540670403,0.26850614736426587,-0.05767526195756184,14.72471112300702,14.230127861226666,13.529485499396161,12.70453848190019,0.6267618849838097,4.124152252857861,9.516359662466858,16.62761320381198,14.854649999999998,15.331068419039745,14.37823158096025,6.414401134186906,-0.25345598852882784,-3.3531154188922705,3.0516160250247335
LSE:URNU,1D,1702368000,2023-12-12,15.066,15.066,14.748,14.748,1383.0,20396.484,-0.4656813120064847,-2.415139284060082,-1.0931527060559336,7.047978514916166,0.6870588201558012,1.401888435629204,1.7023180282919375,2.1107128634010444,-51.220424257443284,25.89539400200086,-5.53303190088077,-46.39849591378383,-87.21180045148654,52.8210587731491,0.1882367454235272,0.2524522669761181,-0.06421552155259092,14.726929111292065,14.250436572551111,13.553614499408118,12.724871432329044,0.14307727394285788,3.491566205117423,8.81230243522154,15.899009891219471,14.868399999999998,15.314899451287696,14.4219005487123,6.006018822303653,-0.8097710580829026,-3.7016204585008277,2.2611406186462473
LSE:URNU,1D,1702454400,2023-12-13,14.766,15.052,14.523,14.523,7603.0,110418.36899999999,-1.5256305939788422,-3.6233326697192987,-3.392536419876271,3.4033463866144515,0.7995024716530198,1.425727328920327,1.7005488004681688,3.582554517133956,441.35981966303603,-71.1979952945197,-74.26937064388423,332.9161027408753,-31.97697578538233,48.12836329280655,0.15044091785353508,0.23204999715160152,-0.08160907929806643,14.707507291169012,14.261125334411851,13.572810251895087,12.742763258873033,-1.2545109617575927,1.8362833187942726,7.000685417909265,13.970570628684897,14.868449999999996,15.314794474593889,14.422105525406103,6.003913986917171,-2.323376007586508,-5.170127982503568,0.6995821408750639
LSE:URNU,1D,1702540800,2023-12-14,15.108,15.108,14.726,15.0,30692.0,460380.0,3.284445362528406,0.5025125628140656,-1.41307919815971,5.211475064880412,1.5218726148136628,1.6572727782774772,1.7768231628200701,2.528461742123376,316.94149639178244,4490.212969609955,672.0923126435524,911.6386568581797,161.3507925800368,56.8753990899766,0.1571656578730174,0.21707312929588468,-0.05990747142286729,14.735363739629106,14.290100811493739,13.601071435025878,12.765223325948924,1.7959262156466795,4.96776893228968,10.285429141792171,17.506757359334728,14.904049999999994,15.264924756668673,14.543175243331316,4.842640177249525,0.6437847430732289,-1.7355130201538498,3.141162428597967
LSE:URNU,1D,1702627200,2023-12-15,15.244,15.9,15.174,15.264,23723.0,362107.872,1.7599999999999956,3.0933405376198855,1.4286663565685418,8.109639492881929,1.5727777812356696,1.6962163594731712,1.7852697576237226,4.762529519811079,-21.345872540075593,175.53890463879637,3438.5180176130516,201.16075360376212,96.56658065552097,60.81391875411069,0.1817030962600974,0.20999912268872722,-0.028296026428629828,14.78571005014062,14.3282929365332,13.634000713540217,12.790086775441969,3.2348121817445628,6.530485296549203,11.955399744412473,19.342427209392742,14.923899999999994,15.316701171078515,14.531098828921474,5.264055254705817,2.278894926929322,-0.34407651157958036,5.043673432457984
LSE:URNU,1D,1702886400,2023-12-18,15.308,15.562,15.136,15.27,104948.0,1602555.96,0.03930817610063042,3.7716615698267058,1.2062566277836717,10.692279811525912,1.5255759009642946,1.6958328321059648,1.721248705958918,2.7828586360073175,342.5631376497664,1236.601416105814,19317.539708542303,698.0307330947326,593.9239996916237,60.9013168692066,0.19933552694786627,0.20786640354055502,-0.008530876592688752,14.83183290250818,14.365222625296605,13.666396739014669,12.814762528920157,2.9542343173089654,6.29838742011639,11.73391415168991,19.1594457215957,14.933949999999992,15.350645320349155,14.51725467965083,5.580510452347346,2.250241898493081,-0.5253545936746419,5.185176791065812
LSE:URNU,1D,1702972800,2023-12-19,15.336,15.374,14.95,15.085,6451.0,97313.335,-1.2115258677144645,1.2348164552714653,2.9692832764505153,9.589538685070833,1.602179428869354,1.5297047682552516,1.7413785750389659,2.764736567553477,-93.9276170424651,-65.85812416598932,-24.223722745108116,26.53698121664434,-57.986036508508,56.70204389404202,0.19612064470098467,0.20551725177264096,-0.009396607071656293,14.855944054650259,14.393449189010463,13.694487892697547,12.837351956493091,1.5418471186154097,4.804621893670516,10.15380873091232,17.508657946937856,14.939899999999994,15.361624032988987,14.518175967011002,5.645607172591414,0.9712247069927276,-1.8007473193910841,3.9042372421781315
LSE:URNU,1D,1703059200,2023-12-20,15.0,15.0,14.702,14.856,4161.0,61815.816,-1.5180643022870466,0.26321117635148616,1.642036124794747,9.026860413914578,1.6980930346057352,1.5915021660332207,1.7566463666772607,1.9866666666666668,-36.477548529191814,47.83671924337297,-80.70563356225954,30.512303274539292,-73.36709175850028,51.92889540121204,0.173099062944015,0.19903361400691577,-0.025934551062900768,14.855949382778805,14.41158843650025,13.71748813244611,12.857438006677238,0.00034072020502171594,3.0837097899228705,8.299710971580549,15.544014229622189,14.937149999999994,15.360306838537106,14.513993161462881,5.665831012436944,-0.5432763278134977,-3.283182060347016,2.3563938244452585
LSE:URNU,1D,1703145600,2023-12-21,14.876,15.076,14.764,14.944,5445.0,81370.08,0.5923532579429251,1.328993761866026,-1.1182425726195904,6.910859922735735,1.6923801914359933,1.320426849238316,1.7061568511558147,2.097337994084439,31.633108264719827,298.9416999518153,402.2492249926178,-52.417064551308144,-64.48508719744308,53.5471630316896,0.16010951526611628,0.19124879425875588,-0.031139278992639602,14.86433515584749,14.432467321343378,13.741775496160049,12.878199817556071,0.5359462318176493,3.5443189807202673,8.748683924984055,16.041063282988894,14.932699999999993,15.353597184595785,14.511802815404202,5.63725494513104,0.07567285219690625,-2.6677603930284906,2.978245984275803
LSE:URNU,1D,1703232000,2023-12-22,15.338,15.338,15.14,15.276,2002700.0,30593245.2,2.221627408993569,5.184879157198926,1.3736810670913728,11.243810078648417,1.6531302817710305,1.443442135220406,1.7004756840689201,1.29091146172903,37497.65899210128,27606.662828899418,7880.074331711171,26215.61285666303,2357.2593312096374,59.136291793095985,0.17459223984592498,0.1879174833761897,-0.013325243530264708,14.903541331481062,14.465547034231873,13.772156179404405,12.902058525839095,2.499128631476237,5.602643051453477,10.919450818053608,18.399710940750932,14.935749999999995,15.365575022539021,14.50592497746097,5.755653683799287,2.278091157123042,-0.582959130443397,5.308692990867928
LSE:URNU,1D,1703664000,2023-12-27,15.5,15.588,14.4,15.419,4116.0,63464.604,0.9361089290390199,2.7933333333333366,3.309882747068675,8.26428872349389,1.30375106135847,1.4260059679708037,1.5877709778562887,7.6645161290322505,-99.7925535405443,-86.2147347843086,532.7730318257957,98.66955523223399,-94.90680063534633,61.29635461264551,0.1953568560854233,0.18940535791803642,0.005951498167386882,14.95263263324477,14.502937346614937,13.80476694812907,12.92710271961184,3.1189649220588613,6.316393924151355,11.693301726398971,19.276533454071483,14.954249999999996,15.431242190712116,14.477257809287877,6.379352902514257,3.10781216042265,-0.07933379931969124,6.504976309173335
LSE:URNU,1D,1703750400,2023-12-28,15.534,15.546,15.16,15.274,901.0,13761.874,-0.9403982100006573,0.06551362683438015,3.1608807240307986,5.5344434464174554,1.2432090842677164,1.433915506677349,1.5820611551545567,2.4848718939101273,-78.31567025928342,-96.19950985213599,-89.52817107567014,-74.06259314096503,-98.8944116544411,57.95126194834039,0.19783218953704917,0.19109072424183898,0.006741465295210192,14.98323904912622,14.533175097728076,13.833860671928493,12.950454931356996,1.940574731007411,5.09747455246537,10.41024889743049,17.9418026699355,14.963549999999994,15.457559908808278,14.46954009119171,6.602843694287573,2.0747082076111947,-1.1875089593130415,5.559678495227372
LSE:URNU,1D,1703836800,2023-12-29,15.2,15.246,15.03,15.108,6534.0,98715.672,-1.086814194055248,-1.060903732809424,2.670744138634052,4.035256851673325,1.3014199453501258,1.4587878368453546,1.598270332571465,1.4210526315789545,617.3127148235772,-93.84011076904922,-17.66683330856223,203.1964176042968,-92.0834993235176,54.29798979510199,0.18427489022379717,0.1897275574382306,-0.005452667214433438,14.995121044447533,14.555717250758347,13.859091153672484,12.971923041492747,0.7527712195045267,3.794266814387864,9.011477249693762,16.466925926670033,14.986449999999994,15.4623266541876,14.51057334581239,6.350758908048339,0.8110659962833513,-2.2915481098805905,4.117181588555374
LSE:URNU,1D,1704182400,2024-01-02,15.32,15.446,15.044,15.044,5250.0,78981.0,-0.42361662695260827,-0.27179317202519304,0.9596671364338011,5.291153415453529,1.2366692314092282,1.4353403997248488,1.5687203467330355,2.6240208877284545,-19.991427500994984,-18.838461347563523,-72.28992824831255,282.28115866606566,-93.67597999590694,52.913026383835145,0.16644766266812994,0.18507157848421046,-0.018623915816080527,14.999776183071578,14.574865593865862,13.88255469518392,12.992540722671924,0.29482984538350915,3.218790616714732,8.366221710035864,15.789515854649503,15.007849999999994,15.452644907795467,14.563055092204522,5.927496713992646,0.24087394263672918,-2.6444981440640962,3.302500091844908
LSE:URNU,1D,1704268800,2024-01-03,15.1,15.1,14.786,14.872,510788.0,7596439.136,-1.1433129486838647,0.10770059235325803,0.3711952487008147,0.03363153292526404,1.1778591868083328,1.461387875738921,1.410985449571076,2.079470198675497,9518.058945822413,12188.82772654817,18067.399744398794,7567.463773025184,406.8289443247355,49.27540177759925,0.1368628244103487,0.1754298276694381,-0.038567003259089405,14.987607022779047,14.586517923518182,13.902147671516913,13.011241810008523,-0.7713507740317753,1.9571639919732235,6.976276985390872,14.301157546393018,14.995799999999992,15.441604261981718,14.549995738018266,5.94572162847899,-0.8255644913908708,-3.6887635009797695,2.213088359471859
LSE:URNU,1D,1704355200,2024-01-04,15.03,15.088,14.7636,15.088,465.0,7015.92,1.452393760086063,0.9635974304068411,2.3053973420124754,0.12608666799388382,1.2720087400283802,1.4973025458969484,1.4140648987877378,2.1583499667331933,-99.90764199022209,-91.37776440676967,-65.60230675051642,-94.40804344215505,-99.53066652396578,53.59033153842935,0.12935489900142727,0.16621484193583594,-0.03685994293440867,14.997168258704852,14.606183887301782,13.92562989584331,13.031906070605453,0.6056592799939139,3.2987131780334153,8.346984034838151,15.777384507338008,14.996749999999992,15.443254591243047,14.550245408756936,5.954684731599255,0.6084651674529992,-2.300386807354012,3.695845507316462
LSE:URNU,1D,1704441600,2024-01-05,15.04,15.04,14.838,14.96,6398.0,95714.08,-0.848356309650042,-2.0686043466876076,3.0090201748950025,-0.04009087264465089,0.9750374144355919,1.451856647974306,1.4170820530381043,1.3430851063829785,1264.2413254427074,-99.68713982653922,-13.316886613313397,-94.13763029161522,-93.369931982594,50.83087473437378,0.11178766514541927,0.1553294065777526,-0.04354174143233333,14.993628424542484,14.620059028976222,13.946112472163245,13.051091084828284,-0.22428476677091788,2.3251682523992083,7.270036935816332,14.626431635212453,14.99849999999999,15.444139540437613,14.552860459562366,5.942454784646781,-0.25669233590017976,-3.1347783356268075,2.7976598935236305
LSE:URNU,1D,1704700800,2024-01-08,15.27,15.27,14.698,14.851,23804.0,353513.204,-0.728609625668449,-3.683766781243917,-0.9933333333333275,-0.4023874991616842,0.8397797013687467,1.191898568858364,1.421751938670351,3.7459070072036615,269.3429472445433,457.0242020260617,-23.212736435118806,1537.3077126864332,-75.69855829068528,48.53880690800581,0.08805507263549295,0.14187453978930067,-0.053819467153807726,14.980044765062248,14.629115537643822,13.964031037070903,13.069000626272778,-0.8614444555146868,1.5167319021113987,6.351811740996735,13.635314777970448,15.000749999999991,15.442920046476672,14.55857995352331,5.895305854396366,-0.9982834191623109,-3.8329541608403197,2.0085753377747704
LSE:URNU,1D,1704787200,2024-01-09,15.05,15.18,14.898,15.18,19702.0,299076.36,2.2153390344084496,-0.6154249050674311,-0.5503144654088027,0.9778487327878683,1.2472975445468022,1.2462085566484544,1.4699667920465924,1.8737541528239203,-15.39881491951289,2073.224082708503,-17.406832845655448,-30.306677792566855,-79.37923989160049,55.11738609527396,0.09470269875865078,0.1324401715831707,-0.03773747282451992,14.999088120770605,14.650718849893083,13.988109630396231,13.090005595165586,1.2061525192246183,3.6126633479884087,8.520739407230446,15.96633698618351,15.02399999999999,15.452307833224264,14.595692166775716,5.701648472101625,1.0383386581470284,-1.7622470129592598,4.003289645655501
LSE:URNU,1D,1704873600,2024-01-10,15.7,16.038,15.516,15.942,15855.0,252760.41,5.019762845849805,5.520254169976169,4.4007858546169,4.778179428195861,2.08950353066014,1.802434651548225,1.710202706730562,3.324840764331212,-15.48632931068172,156.04891794688893,-84.22767027742358,323.89845236898327,-82.6496519869063,65.96855270848947,0.15961804459578488,0.13787574618569354,0.021742298410091343,15.088889252125785,14.701357326367864,14.026800528804227,13.118383648945033,5.653900254811832,8.438966866052299,13.653858321168002,21.524117807623654,15.07604999999999,15.657539286231058,14.494560713768921,7.714080096989184,5.743878535823448,1.8167651287267803,9.98608591743041
LSE:URNU,1D,1704960000,2024-01-11,16.0,16.0,15.648,15.876,20150.0,319901.39999999997,-0.4140007527286459,5.530444030842854,5.243619489559155,5.4953817529403945,2.088706946334342,1.76522078525508,1.697833768539027,2.200000000000002,26.56309585824772,305.03589470885396,228.73336424036842,3026.0763857672773,-78.19536054547132,64.51368407461817,0.2033936797149547,0.15097933289154578,0.052414346823408925,15.163852180494757,14.747421744941674,14.063418340115033,13.145822617612247,4.696351633005741,7.652715671777847,12.888627900051075,20.768402722321618,15.12899999999999,15.793437807474362,14.46456219252562,8.783631535122899,4.937537180249913,0.5227626406111802,9.75790202764466
LSE:URNU,1D,1705046400,2024-01-12,16.082001,17.205999,16.082001,17.108999,23270.0,398126.40673000005,7.766433610481238,15.041682356105438,15.165582929456118,13.394744167550382,3.025420686746029,2.51288708162718,2.175295789932338,6.989167579332924,24.45284913726545,-94.75903907604217,544.0526591608854,4723.940944751183,-73.10176909999792,75.41989740015099,0.33373184763208386,0.18752983583965338,0.14620201179243048,15.349104258542877,14.84003261768906,14.123726868033547,13.185257208481776,11.465781402049027,15.289497272441116,21.136575068745255,29.758553280205795,15.24704994999999,16.31512365776626,14.178976242233718,14.010234258677325,12.211864302313849,4.865886148866807,20.664557918073605
LSE:URNU,1D,1705305600,2024-01-15,17.379999,17.554001,17.190001,17.417999,128179.0,2232621.693821,1.8060670878524074,15.442729321314946,16.555132494646664,18.89419112627985,3.0176925502960716,2.516736210551819,2.096672225247436,2.0943614553717795,460.78211745826536,31722.222799305007,2643.7870207587357,1638.5054214436946,44.01584480926604,77.30255156802764,0.4566950065684985,0.2413628699854224,0.2153321365830761,15.546141852967365,14.941129338563998,14.188959979557636,13.227374042228226,12.04065397534851,16.577526405872433,22.757404525028715,31.68145804596782,15.391799899999992,16.768290198782182,14.015309601217803,17.886021228513897,13.164146579114554,3.874627606725234,24.278374831523756
LSE:URNU,1D,1705392000,2024-01-16,17.5,17.587999,17.148001,17.441,60519.0,1055511.879,0.13205305615186175,16.584224598930465,14.17255826132495,19.328133552271478,2.8971735537611383,2.5095758347172916,2.0928710865882576,2.5142742857142815,-52.72320958265196,1002.7759750707525,-96.5498531715099,229.4534358781897,-32.97339139845027,77.44106071545525,0.5496639999623465,0.30302309598080723,0.24664090398153926,15.72660453363714,15.039163482149723,14.253356811645602,13.269300668673717,10.901243575471058,15.970545972859876,22.364157654075957,31.4387278990133,15.513849899999991,17.139975205836357,13.887724594163627,20.963530217426765,12.422126760424623,1.7562732183016172,25.585727753628195
LSE:URNU,1D,1705478400,2024-01-17,17.146,17.153999,16.4713,16.83,38984.0,656100.72,-3.503239493148333,13.325701972931098,9.151047409040778,11.361079865016865,3.420953311516074,2.762969662753063,2.1523289389590974,3.98168085850927,-37.840517662236564,85.59440286139917,933.8057415437429,3949.7204640464724,-58.89339055633982,65.93116602365241,0.5674982369522557,0.35591812417509694,0.2115801127771587,15.831689816147888,15.109392365202675,14.304379449038759,13.304730512766515,6.3057714965705145,11.387669293438481,17.656274848965634,26.496361454678258,15.59214989999999,17.3107904013619,13.873509398638083,22.044945852680765,7.93893150039565,-2.777402938944229,21.31032975443217
LSE:URNU,1D,1705564800,2024-01-18,17.128,17.128,15.902,16.834,7864.0,132382.576,0.02376708259061994,10.895915678524373,10.213434594736157,11.71278784259074,3.4740118380048166,2.7339709708433086,2.1497871221812264,7.157870154133588,-79.82282720250635,-55.736195264647456,861.9516644317482,-65.46875658998728,-91.66214379722683,65.96682804451429,0.5753228016941812,0.39979905967891377,0.17552374201526738,15.927147928895709,15.177024037155512,14.354470945097397,13.33984762209222,5.693750539348238,10.91766052941588,17.27356629433603,26.19334550809327,15.67034989999999,17.463934700192482,13.876765099807502,22.891445457672788,7.425808022321247,-3.607060556551092,21.310693658953127
LSE:URNU,1D,1705651200,2024-01-19,17.058001,17.112,16.497999,16.497999,7755.0,127941.982245,-1.9959664963763786,3.4876364320662394,9.200416997617152,10.539356783919592,3.3369369764746164,2.7867238611551386,2.1794396957975244,3.599489764363352,-3.3543642140639376,-49.38211160323723,29.60655552747491,1175.6439164572864,-91.96172455785907,60.260620770534466,0.5480932749057281,0.42945790272427664,0.11863537218145148,15.981514697572308,15.228826976874904,14.396917045194478,13.371272013912199,3.231760644728807,8.33401039392163,14.593971391304494,23.383915777306637,15.74099984999999,17.54805670555316,13.933942994446822,22.95987386790009,4.809091907843515,-5.983897380619166,18.401510660514734
LSE:URNU,1D,1705910400,2024-01-22,16.548,16.604,16.228001,16.313999,22564.0,368109.073436,-1.1152867690196917,2.758875031494077,8.44189710183461,10.185053356747265,3.374540684676501,2.8116669509030197,2.1857951164077165,2.272171863669327,187.71562467360923,15.069541251148017,366.07294594396114,180.10540152564732,-76.98670026950852,57.33573274371313,0.5058354601865052,0.44473341421672236,0.0611020459697828,16.01317986923209,15.271382742487653,14.434879064101517,13.40055287944541,1.8785721088783027,6.827255102523269,13.017912568257776,21.741238191921255,15.81389979999999,17.58962993902504,14.03816966097494,22.457839767329897,3.1624027363573433,-7.252176102891611,16.211724134889845
LSE:URNU,1D,1705996800,2024-01-23,16.309999,16.666599,16.214001,16.506001,9182.0,151558.101182,1.1769156048127882,-3.5244493263457404,10.987096557288874,12.171260618416593,1.7087869956656028,2.7709879430024333,2.1831742954891795,2.774972579704032,-58.827936576697795,-61.93216560870247,-98.00487967495512,26.40605240528979,-90.53119691913692,59.54245551597903,0.4822793778829926,0.4522426069499764,0.030036770933016155,16.06011521501951,15.319799144743039,14.475891379663864,13.43145286074446,2.77635483314276,7.742933468315123,14.024073316742983,22.89065949255119,15.89199984999999,17.645075643342125,14.138924056657856,22.062368611740645,3.863586432138124,-6.455481780674154,16.741563458836993
LSE:URNU,1D,1706083200,2024-01-24,16.554001,16.955999,16.554001,16.792999,35640.0,598502.4843599999,1.738749440279308,-3.588242254463329,11.300364528101797,12.697127709549685,1.6959424185096743,2.7768908171588302,2.1910361501011484,2.428403864419236,294.8996983284202,-73.19283934146056,8430.634390928059,109.98147383774312,-62.850249403637505,62.65207840957861,0.4812221239086405,0.4580385103417092,0.02318361356693127,16.129913670731938,15.377571688086448,14.52177469887844,13.46490108103556,4.110904390463308,9.204491714450159,15.64012903530979,24.716838979618267,15.96784979999999,17.738931562133615,14.196768037866368,22.183096463415186,5.1675661428128405,-5.3325227555015235,18.287478919207707
LSE:URNU,1D,1706169600,2024-01-25,16.65,16.695999,16.18,16.222,10836.0,175781.592,-3.40022053237779,-6.989278137721448,8.43582887700535,9.482351353175414,1.9390537583344287,2.957341811388547,2.2905072667311277,3.099093093093098,-70.62976402045021,-83.34631798113567,83.65280426871365,320.39360710949995,-89.11919056247754,53.79323494995142,0.42936000043690115,0.4523028083607476,-0.022942807923846453,16.138683797328895,15.410686523847763,14.555442526623422,13.492334901124758,0.5162515339999172,5.26461605001662,11.44972040752641,20.23122846326391,16.00799979999999,17.763834006980375,14.252165593019605,21.93695938177593,1.3368328502853415,-8.679624040477428,13.821298904534043
LSE:URNU,1D,1706256000,2024-01-26,16.243999,16.337999,16.128,16.235001,19827.0,321891.364827,0.08014424855134479,-3.535347593582875,9.319244495320177,10.082729861676167,1.667449190999745,2.9382130027307367,2.2862932908703733,1.2927789517839778,83.12006460096232,-50.93872708644489,-8.945023499886021,1478.1708495787805,-80.19823760607908,53.952885368235314,0.38487140796830666,0.4388165282822594,-0.053945120313952766,16.147856864249952,15.443012581736086,14.588701110254641,13.519625111063815,0.5396637862388912,5.128458026386453,11.284759878918537,20.084698108337715,16.05604984999999,17.78123775305944,14.33086194694054,21.489568345597164,1.1145403238767995,-8.695889310593092,13.286982039946102
LSE:URNU,1D,1706515200,2024-01-29,16.205999,16.450001,16.025999,16.358,82391.0,1347751.9780000001,0.7576162144985398,-2.827610787691571,7.76021080368907,12.635130482682646,1.7192748402417606,2.9076562135323427,2.2605690749690903,2.6163274476322105,318.6977736182352,918.0735401311425,350.6380838659399,1120.5867467576886,-19.142015864013967,55.5187387511103,0.35544156021692075,0.4221415346691917,-0.06669997445227094,16.167870496226147,15.478894441275848,14.623736731833757,13.547867647272136,1.1759712190806633,5.679382090622307,11.859234749426276,20.742248344105167,16.11854984999999,17.79160794100059,14.445491758999392,20.759412063369947,1.4855564069246,-8.057776147915515,13.239481721410668
LSE:URNU,1D,1706601600,2024-01-30,16.454,16.77,16.375999,16.77,26952.0,451985.04,2.518645311162728,1.6486908503267548,5.193827625141132,11.799999999999997,1.8399121066802653,2.6984871754925774,2.232253376571475,2.3945605931688303,-66.46378210694786,253.2734385297236,78.81955485038182,-1.8234849472175205,-72.87873701962587,60.3789482666556,0.36119946798758207,0.40995312133286976,-0.048753653345287695,16.225216163252227,15.52952603181405,14.666236994569722,13.57992866570724,3.357636849126417,7.987841777300176,14.344258900283762,23.491075784135,16.20484984999999,17.82450370172959,14.585195998270395,19.98974216635026,3.487537096803204,-5.916034013487104,14.979599876399966
LSE:URNU,1D,1706688000,2024-01-31,16.927999,17.087999,16.778,16.804001,24392.0,409883.192392,0.2027489564698864,3.0035676721569033,5.845307382212145,10.089105083857444,1.7559903553467129,2.689892438712392,2.218013851771619,1.8312796450425197,-9.314876352544763,11.348299178303991,28.12797705543022,13.193670750134928,-75.42852919980517,60.76000183625193,0.3643067465202918,0.4008238463703542,-0.03651709985006235,16.280338528656777,15.579505442331147,14.708568955073291,13.612008987441495,3.216533061775512,7.859656150199543,14.24633525754353,23.449822987212627,16.30144989999999,17.818832843216022,14.784066956783958,18.61653966394772,3.0828613594672274,-5.6952767453699344,13.662911897792476
LSE:URNU,1D,1706774400,2024-02-01,16.860001,17.834,16.837999,17.649,45161.0,797046.4890000001,5.028558377257901,6.924748156746141,3.156239590638822,15.579567779960716,2.3899484214800633,2.206341995974873,2.370653033865917,5.907478890422365,94.45698281712627,425.90160656793864,100.19935264945595,-50.264046380009084,-51.43739103742961,68.79275840519078,0.42999690780352395,0.40665845865698813,0.023338449146535822,16.410687240213274,15.660662091651494,14.766795312398573,13.652178052243073,7.545770275557535,12.696384716764086,19.51814612870984,29.27607545449676,16.42949989999999,17.94790363708804,14.911096162911939,18.48387043221019,7.422624592486912,-1.6653958207708215,18.3615195501052
LSE:URNU,1D,1706860800,2024-02-02,17.927999,17.944,17.458,17.483999,29682.0,518960.058318,-0.9349028273556584,4.114809987185747,0.3789183820713419,15.903208485250248,2.4525067728320153,2.180725320586962,2.3644638652135033,2.7108435247012266,-34.88961240277166,-13.290241581379139,-76.75557575408888,433.28771264287667,-68.6491665581826,65.95360266728528,0.4634008357854995,0.4180069340826904,0.0453939017028091,16.512907407812012,15.732165499822024,14.820601326014442,13.690305623862544,5.8808032298938455,11.13536149996512,17.970915048571783,27.710801207570956,16.55569984999999,17.981305643493847,15.130094056506131,17.22193330889433,5.6071272033843504,-2.7656870605154666,15.557768079317794
LSE:URNU,1D,1707120000,2024-02-05,17.674,17.674,16.906,16.993999,82688.0,1405199.789312,-2.8025625030063317,4.758963136481306,-2.562932171320453,14.391484921917064,2.3182254760492462,2.300576598530842,2.4121415883025747,4.345366074459663,170.77224283240392,699.4009914940353,33.12969917906533,2173.204303105859,-17.346558680820035,58.26342004911624,0.4452027641384966,0.42344610009385164,0.021756664044644936,16.55872565468706,15.78164916649567,14.863638903717126,13.723178194769385,2.6286645143476517,7.682022459846202,14.332695446134045,23.834280651382148,16.662849799999993,17.864368981937144,15.461330618062844,14.4215328873354,1.9873503270731392,-4.872100340164187,9.912913835155953
LSE:URNU,1D,1707206400,2024-02-06,17.4,17.4,17.122,17.233,8749.0,150771.517,1.4063846890893767,6.1472062736552955,2.394533571004173,15.317184154175587,2.314597240406894,2.1320883044993737,2.417850138733234,1.5977011494252802,-89.27045690251497,-53.16074506036163,-77.02006530338818,85.29110085672767,-91.14371435330374,60.672142384913315,0.44493708676105825,0.427744297427293,0.01719278933376528,16.622942259002578,15.838564885456625,14.910556945227677,13.758101794821432,3.669974493637133,8.804049638511007,15.57583035498652,25.257104918983263,16.765499799999994,17.77878445832791,15.752215141672078,12.087735771860684,2.7884656322623154,-3.0698637446625483,9.40048650307311
LSE:URNU,1D,1707292800,2024-02-07,17.129999,17.2642,17.046,17.209999,21357.0,367553.948643,-0.13347066674404176,5.20845457879936,2.2335689675656423,12.660375752814874,2.342295328672085,2.133357411224099,2.398994980277069,1.2737887491995736,143.78208560639473,-72.72836882135891,177.6452609918997,-98.79857809709249,-47.10698899140916,60.311396860451865,0.43782358925154696,0.42976015579214377,0.008063433459403191,16.678852424811858,15.892346615438719,14.956090451262773,13.792449030693856,3.1845510809724287,8.291112800681303,15.07017195491035,24.778412896075917,16.82889974999999,17.78522245066288,15.872577049337103,11.365243300149654,2.264552381090803,-3.234277514709632,8.425991233217875
LSE:URNU,1D,1707379200,2024-02-08,17.268,17.384001,16.722,16.728001,32076.0,536567.360076,-2.8006858106151014,-0.25044126416219775,1.3941205839568722,8.489532395096948,2.504148421935947,2.2009939573393784,2.465386150389331,3.83368658790827,45.98329362451235,18.71352203957901,319.38334130896203,745.4592422510034,-24.49847353619218,53.17611073564825,0.38881091069849205,0.42157030677341345,-0.0327593960749214,16.68353324149644,15.925117375617592,14.99117778886153,13.82165850302526,0.26653681723098366,5.041618252758844,11.585635469075232,21.027451201594978,16.871499799999988,17.72456871609296,16.018430883907016,10.112543949328952,-0.8505396775690869,-5.622521665015924,4.429710508073897
LSE:URNU,1D,1707465600,2024-02-09,16.642,16.658001,16.351999,16.527,14539.0,240286.053,-1.2015840984227464,-1.6484228964280503,1.305633278511308,8.203483043079757,2.53553777378695,2.204571328313955,2.470213903660314,1.8387333253214726,-55.21791467785785,-41.37694410016265,-34.72422432918472,1646.027125375512,-66.54430536086264,50.49333876912579,0.32994550259340727,0.40324534593741224,-0.07329984334400497,16.668625313734875,15.948720615789451,15.021590109874172,13.84857732389068,-0.84965203230152,3.6258669152310894,10.021641378273763,19.340778575779602,16.84239984999999,17.700767018340013,15.984032681659965,10.192931838511416,-1.8726538546107971,-6.631164723674717,3.3969357367683273
LSE:URNU,1D,1707724800,2024-02-12,16.535999,16.596001,16.392,16.539,2579.0,42654.081000000006,0.0726084588854629,-6.289308176100625,0.19992122864890302,9.471803018268472,1.4230851076418518,2.1849005652867617,2.4573586797361258,1.2336781104062817,-82.24862389328939,-94.64848266836792,-71.8562843771852,-56.7909733724955,-94.04566139844093,50.65340219809783,0.2810230831083018,0.3788008933715902,-0.09777781026328836,16.656280045760123,15.971868826934964,15.051637830470723,13.87534769877734,-0.7041190796379276,3.5508128648579156,9.881729724576845,19.197012997788704,16.79844989999999,17.623807532038086,15.973092267961894,9.82659277434993,-1.5444871493767374,-6.155352809351935,3.5428815068775363
LSE:URNU,1D,1707811200,2024-02-13,16.466,16.67,16.072001,16.222,7483.0,121389.22600000001,-1.9166817824535953,-7.218022604554024,-3.40022053237779,7.83036426482319,1.4660196932490013,2.1844723614086816,2.487092655676819,3.631719907688579,184.58994580143454,-76.60913897816445,-79.71784091593106,53.69421253212799,-83.08792426653775,46.38676906311638,0.21420326062728634,0.3458813668227294,-0.13167810619544307,16.614920041402016,15.981677892545358,15.074813318976252,13.898697472918858,-2.364862668149552,1.5037351463999997,7.609956135109577,16.715973073074075,16.737499899999992,17.543874739639353,15.931125060360632,9.635547058487044,-3.079909801821665,-7.534679534918552,1.825827984761203
LSE:URNU,1D,1707897600,2024-02-14,16.202,16.209999,16.044001,16.136,17963.0,289850.968,-0.5301442485513628,-5.048835179995007,-0.5301442485513628,8.499193114577725,1.2829902842180554,2.003901084507084,2.4777977682456034,1.0245525243796956,138.77816635884963,-79.3729710035102,64.89267431370173,-96.18438372491687,-38.87755461287081,45.2726378201201,0.15255008619768873,0.3072151106977213,-0.15466502450003256,16.56930860888754,15.98772973989652,15.095826916620286,13.920959189606233,-2.615127879597337,0.9274003408593903,6.890467737375141,15.911553077804985,16.70279989999999,17.549010981376007,15.856588818623978,10.13256563501087,-3.3934424371568546,-8.051798376988733,1.7621140623123537
LSE:URNU,1D,1707984000,2024-02-15,16.322001,16.378,16.163,16.163,8585.0,138759.355,0.1673277144273737,-6.209017582545118,-0.44349242725639626,7.124867444326624,1.0382992896208536,2.0043321196961914,2.4686379953328017,1.31724045354488,-52.127344629050874,-7.967129494359325,-56.892489155595705,1877.7784666871912,-71.007546522284,45.71348109401012,0.10466170069076597,0.2667044286963302,-0.16204272800556424,16.53061255089825,15.99460308342999,15.11695905688523,13.943268053391245,-2.2238289704411183,1.052835857767959,6.919651890161969,15.91973946214767,16.66924989999999,17.544695430803625,15.793804369196355,10.503718356320705,-3.0370286787769007,-7.875288780321315,2.337597846429645
LSE:URNU,1D,1708070400,2024-02-16,16.284,16.312,16.086,16.143999,804572.0,12989009.563428001,-0.11755862154302654,-6.194073573159412,-1.308234502995474,7.914431818181818,1.0400043156501544,1.9929736910025642,2.4611793553769474,1.387865389339245,9260.817195660791,3433.9055970921004,863.7537006403118,13470.636173306999,1329.9067293888556,45.436099193658976,0.06443383511479084,0.22625030998002232,-0.16181647486523149,16.493792212717466,16.000461746824893,15.137296481501364,13.965165873755511,-2.120756756276816,0.897081943298237,6.650477644597133,15.601913689683645,16.651549899999992,17.55402651733896,15.749073282661023,10.839550945812796,-3.048070017794508,-8.032501921688498,2.5076124178923758
LSE:URNU,1D,1708329600,2024-02-19,16.266001,16.312,16.101999,16.181,6185.0,100079.485,0.22919352262100648,-3.2699723057166135,-3.5122242098986205,8.95562588377887,0.7507530680329866,1.863199939364179,2.4540393569975394,1.2910425863124064,-99.22950641839711,-81.34819736597011,-77.85778816927215,-71.69002915093378,-88.87923928935346,46.12169700158013,0.03513363461948771,0.1880269749079154,-0.1528933402884277,16.464002478172944,16.007541678321957,15.157963877907278,13.987213974514162,-1.7189166397911546,1.083603748556522,6.7491658532304415,15.684224388667353,16.644899949999992,17.55911134632106,15.730688553678922,10.984883046065647,-2.787039582055231,-7.848411682916959,2.862630232519383
LSE:URNU,1D,1708416000,2024-02-20,16.136,16.138,15.728,15.818,42268.0,668595.2239999999,-2.2433718558803615,-4.289949779149279,-5.867656161172568,4.202898550724637,0.9560306330249504,1.9272758290792542,2.469469002190634,2.5409023301933686,568.0642131601695,178.24970099284118,63.11847775416356,123.55335072287224,-26.70929925845461,40.71649156048684,-0.01718001117734147,0.146985577690864,-0.16416558886820548,16.402478432632662,16.000108671328938,15.171033900126936,14.005430750887156,-3.5633543737502835,-1.1381714653930097,4.264482593158337,12.941902904328945,16.610499899999994,17.59230596292845,15.628693837071538,11.821511319216302,-4.7710779613562035,-10.08569295388207,1.2112730910335223
LSE:URNU,1D,1708502400,2024-02-21,15.616,15.616,15.196,15.403,50452.0,777112.1560000001,-2.623593374636485,-6.868613580022981,-12.725933480650465,-3.381006147283902,1.127272253862175,1.2845430311741721,2.346932574162482,2.689549180327868,16.23058737254757,1721.8940316636993,-2.501025131546622,207.45010897869648,-16.41524091158642,35.58235134127476,-0.09107611530673765,0.09937323909134368,-0.19044935439808133,16.30729001047717,15.976692645002313,15.175627288243234,14.019336912569871,-5.545311390771728,-3.590809798683645,1.498275540365406,9.869675691933216,16.540999949999993,17.649860712405776,15.43213918759421,13.407421144521356,-6.879873970376214,-12.730189484308488,-0.18882144101988202
LSE:URNU,1D,1708588800,2024-02-22,15.492,15.774,15.373,15.373,20495.0,315069.635,-0.19476725313251403,-5.23363333744299,-12.073891104660904,-3.16830435878055,1.0886989824350786,1.2995981566404566,2.3462458814158635,2.588432739478439,-59.45634969580891,159.5532119135515,-39.2882689235909,-1.5103919520202025,-66.10581601271906,35.23645384918109,-0.150327181330546,0.04943315500696574,-0.19976033633751175,16.218310009479346,15.953018423629674,15.179535658773071,14.032806197021912,-5.212072090034512,-3.6357910975050887,1.2745076369652628,9.550433349977478,16.49854994999999,17.712986759151995,15.284113140847985,14.721739944812615,-6.8221143883010855,-13.210571378895008,0.5815637344011602
LSE:URNU,1D,1708675200,2024-02-23,15.39,15.39,15.08,15.214,17756.0,270139.784,-1.0342808820659528,-5.713931581556761,-10.474279773701284,-11.076036651822822,1.0878529064302802,1.190521398716471,1.8430451977963196,2.0142949967511403,-14.260292331884036,-6.80045477715983,-80.77570278228812,-32.14723277996418,-70.8052374241709,33.384144276413934,-0.20771958711751282,-0.0019973934179299824,-0.20572219369958283,16.12266143714798,15.92403730897753,15.180218120975585,14.044559369190848,-5.635927050197467,-4.458902571003336,0.22253882490487076,8.326645215901333,16.44749989999999,17.781874074661292,15.113125725338685,16.22586025565265,-7.499619440642101,-14.440964230651288,0.6674613610352571
LSE:URNU,1D,1708934400,2024-02-26,15.09,15.232,14.85,15.13,49318.0,746181.3400000001,-0.5521230445642148,-6.391140258615352,-12.203330818777925,-13.135831503951731,1.0205829651843477,1.0295723709877485,1.7981480651471315,2.53147779986746,176.22045481460816,437.7520960658833,394.9086902136828,-66.57824556371864,-14.79557397048664,32.41468401135661,-0.25701882712590773,-0.053001680159525534,-0.2040171469663822,16.028122252657695,15.892898590978412,15.179223702738446,14.055359773477507,-5.603415287831193,-4.800248278255985,-0.32428340014229096,7.6457681898000365,16.386099899999994,17.83903959210094,14.933160207899048,17.73380732410823,-7.665642878205532,-15.186017039283273,1.3181388892943917
LSE:URNU,1D,1709020800,2024-02-27,15.51,15.51,15.07,15.457,11807.0,182500.799,2.161269001982815,-4.255445010867506,-10.185933189188443,-11.375494524396528,1.4862416687702313,1.2911635040484584,1.8560861008985592,2.8368794326241105,-75.5420312440405,-98.59495985349143,-50.34720762114285,-82.7097351881153,-78.44446073789568,39.74971601602632,-0.26662912824785856,-0.09572716977719214,-0.17090195847066642,15.973729657166487,15.875804528587102,15.184724223476298,14.06930644239813,-3.2348716815465806,-2.6380050713837635,1.7930900325654353,9.863269119080591,16.320449899999993,17.816098096055008,14.82480170394498,18.328516740889782,-5.290601088147652,-13.24138474842243,4.264463759314831
LSE:URNU,1D,1709107200,2024-02-28,15.8,15.8,15.381,15.381,21095.0,324462.195,-0.4916866144788801,-4.944070205796926,-8.052372785008794,-8.609625668449187,1.4491599942151636,1.1602917061885503,1.763846269091761,2.651898734177218,77.78672574469113,224.20450105233857,-39.53001633307646,-50.54689240395896,-61.17011724311471,38.69849446220594,-0.27718273592747344,-0.1320182830072484,-0.14516445292022503,15.917279213626822,15.856400429426824,15.18861087251637,14.082358119588198,-3.3691638277458344,-2.9981610993158316,1.266667038206604,9.221764347871716,16.249299849999993,17.78111677690827,14.717482923091715,18.85394375202299,-5.343613928079448,-13.498121670429718,4.508359754012197
LSE:URNU,1D,1709193600,2024-02-29,15.47,15.6,15.2,15.201,19556.0,297270.756,-1.1702750146284358,-3.900619547351113,-8.02323470684335,-9.700605916597357,1.3309069977518988,1.159142497772763,1.7699101047981458,2.5856496444731762,-8.38046447907437,-55.53800785151884,23.71536020860935,124.55429179743412,-64.65671724365575,36.25309974978512,-0.2966514287143234,-0.16494491214866341,-0.13170651656565996,15.849062145662362,15.830698451802242,15.188856201773472,14.09348888456742,-4.0889621083334955,-3.9777047975451354,0.0799520257826295,7.858317585543497,16.126899849999994,17.581028616884932,14.672771083115055,18.033580916482705,-5.741338128294966,-13.53748218462677,3.600062414200776
LSE:URNU,1D,1709280000,2024-03-01,14.974,15.69,14.974,15.69,3424.0,53722.56,3.216893625419374,1.863273388300974,-5.133321240703802,-4.8975575765279205,1.5815179391930434,1.5154117276675998,1.851249711458801,4.781621477227189,-81.92807098724504,-93.08689748510382,25.949402121686767,-58.0102175553877,-93.59394439098197,46.19942881266026,-0.26951548797793023,-0.18585902731451678,-0.08365646066341345,15.833913369884995,15.825180865457055,15.198779841342315,14.109374567308043,-0.9088932503490154,-0.8542137155103611,3.231971012051329,11.202661217559037,16.037199899999994,17.360883707320372,14.713516092679615,16.50766736804695,-2.164965842946152,-9.624416219180304,6.636645524900824
LSE:URNU,1D,1709539200,2024-03-04,16.15,16.261999,15.538,15.538,11042.0,171570.596,-0.9687699171446734,1.073310349313738,-4.216496116385162,-4.756644891298564,1.636691367804603,1.4648714475667366,1.8488889894973606,4.482965944272442,219.36414794827348,-45.54518209918897,41.33922890323065,-53.391370009294405,-79.38027449524186,43.90619184315159,-0.25730909010209224,-0.20014903987203186,-0.05716005023006038,15.805731144181662,15.813918870733248,15.205497072206823,14.12358974574279,-1.6938864880048126,-1.7447849137754836,2.1867284325807312,10.014523784107721,15.964399949999995,17.22839626936246,14.700403630637531,15.835187333332431,-2.6709425430048515,-9.811686723090522,5.697778036630305
LSE:URNU,1D,1709625600,2024-03-05,15.546,15.594,15.36,15.527,3162.0,49096.373999999996,-0.0707941820054126,2.0573156303404683,-3.7741695587506197,-5.931182240931658,1.5690925629651715,1.4644164388613419,1.8326398748239952,1.5052103434967192,-71.3841560590021,-81.82556701829597,-83.06151111422197,-67.60557593616052,-94.07517194186866,43.736993915630805,-0.24569086851729516,-0.20925740560108452,-0.036433462916210635,15.779185320926265,15.802667150312336,15.211863466816588,14.137554026879677,-1.5982150903051957,-1.7444343267515359,2.0716497611936573,9.828050669009462,15.879099949999993,17.012668148760905,14.745531751239081,14.277486788675484,-2.2173797703187472,-8.73271691289125,5.299695270028159
LSE:URNU,1D,1709712000,2024-03-06,15.322,15.728,15.322,15.728,36597.0,575597.616,1.2945192245765476,3.9524124256444084,-2.6913320546928197,-6.341922607153128,1.5582602898223814,1.5159825591613887,1.8187629181953184,2.6497846234173124,1072.383149924677,-22.860893841167353,314.81716025560945,-3.827029788271112,-30.474255424592506,47.70283638509035,-0.2177541892868433,-0.2109567623382363,-0.006797426948607022,15.774310528457097,15.799739026770677,15.22208399222616,14.15337935994555,-0.2935819500545011,-0.4540519729416065,3.3235659981393355,11.125404046687741,15.804999999999996,16.760678520006383,14.84932147999361,12.093369440131433,-0.4871875988610973,-6.161316910730832,5.917297441436812
LSE:URNU,1D,1709798400,2024-03-07,15.682,16.197001,15.364,16.197001,11313.0,183236.672313,2.9819493896236042,4.787481400012935,0.3283077507623689,-0.15410553569227656,1.698351748750973,1.7217668733265308,1.8054043859862514,5.311828848361174,-68.16583890906873,0.40321648838369695,-98.5892944999523,4.241104104347845,-77.87370397640436,55.572047863894326,-0.15597176323122675,-0.1999597625168344,0.04398799928560765,15.814566763842135,15.815317927681631,15.24138927950881,14.173713903627684,2.418240359465609,2.4133759059646027,6.269846553791234,14.274925472105565,15.778449999999996,16.656429846694433,14.900470153305559,11.128847848735932,2.6526750092689997,-2.758267233272736,8.70127474740665
LSE:URNU,1D,1709884800,2024-03-08,16.313999,16.412001,15.766,15.82,14322.0,226574.04,-2.3275975595729106,2.8541707301215786,-2.231011680365865,-2.5562117304458445,1.9784111248490577,1.8243605849238567,1.8534262337474143,3.9597955105918548,23.651034009705374,-30.169356094012738,126.39409065704126,-29.611643940255476,-72.53523476583416,49.16755024208862,-0.13586342642718208,-0.18714049529890392,0.05127706887172184,15.81508421490479,15.815501538360783,15.252846917538339,14.190094859810493,0.03108288914818287,0.028443370122068597,3.718342454545494,11.486217367057645,15.743099999999995,16.551883024798087,14.934316975201904,10.27476195664249,0.4884679637428813,-4.421750828601056,5.930522475642863
LSE:URNU,1D,1710144000,2024-03-11,15.768,16.1,15.54,15.546,26798.0,416601.708,-1.7319848293299678,2.2695875271363652,-1.7195599949424722,-4.963932021029473,2.0514218072402706,1.7867012645539844,1.8702058725183386,3.551496702181648,83.87000911490124,40.14217664922277,-37.68999642151197,-69.08914141471215,-47.52626505932043,45.09944131017577,-0.14041828019692204,-0.17779605227850753,0.03737777208158549,15.78945714681862,15.80493285058193,15.258651929072233,14.203586453245215,-1.5418968781182842,-1.6383040221040621,1.88318124211408,9.451229456543855,15.693449999999995,16.41825881010195,14.968641189898038,9.23708693884335,-0.939563958211838,-5.312736388131855,3.8571223852409924
LSE:URNU,1D,1710230400,2024-03-12,15.784,15.784,15.446,15.688,26745.0,419575.56,0.9134182426347692,-0.012746972594001859,1.850288904758814,-6.451997614788306,1.7222065426474606,1.6585991931847937,1.815179119559735,2.141409021794228,0.7138357675672357,681.00440485338,-46.008364846630975,-7.1704762617806965,-47.07967853826718,47.5227435831768,-0.1310590541738197,-0.16844865265756997,0.037389598483750286,15.779794561407323,15.800347248598325,15.267153871070802,14.218356737292526,-0.5817221577258346,-0.7110429083024769,2.7565460627644924,10.33623849690612,15.666749999999993,16.34985260664244,14.983647393357549,8.720412423028973,0.135637576395917,-4.04806466801755,4.700808742701065
LSE:URNU,1D,1710316800,2024-03-13,15.932,15.982,15.636,15.847,9393.0,148850.87099999998,1.0135135135135067,1.9886729308791304,3.0833279125739947,-5.695078213813484,1.7003327463716236,1.6700864054080795,1.8270563658274324,2.1717298518704498,-64.52346485576996,-13.242202061243646,-52.75619911769663,-63.684563367593896,-81.01737850090463,50.17474538988147,-0.1095490160739665,-0.15666872534084927,0.047119709266882776,15.78619507936853,15.802176768261136,15.278635972633756,14.234562142891605,0.3851778109022405,0.2836522613067569,3.719991944204086,11.327625261122677,15.652299999999997,16.306710315628614,14.997889684371382,8.361842229303248,1.2439066463075892,-2.81914810976939,5.661531945480551
LSE:URNU,1D,1710403200,2024-03-14,15.3,15.38,14.984,15.243,33208.0,506189.544,-3.8114469615700086,-1.8290719392026724,0.19061390824240773,-13.632500424953259,2.2353226270408615,1.9500585831779855,1.669534722083974,2.588235294117652,240.06488547856736,931.0120743336361,87.38059848304314,-36.49184194574629,-34.63863458214701,41.578709868539555,-0.13963033646782463,-0.15326104756624434,0.013630711098419707,15.734462214666765,15.780248267545012,15.277930309809326,14.244596350425022,-3.12347640460601,-3.404561566055725,-0.22863247246846366,7.008999237420922,15.606299999999996,16.239649241099464,14.972950758900527,8.116584214060584,-2.3279060379461844,-6.13713526876636,1.8035806398344352
LSE:URNU,1D,1710489600,2024-03-15,15.152,15.581,15.152,15.581,7887.0,122887.347,2.217411270747223,-0.9346388606307238,2.9808327825512144,-10.884231919711281,2.3462996375165637,2.0199297384685164,1.7350933000876938,2.831309398099263,-75.72305701359963,-78.65047672469859,-83.53116857626057,-76.32046146320204,-83.85706125516649,47.04604700253788,-0.1346441306628101,-0.1495376641855575,0.014893533522747388,15.719846765650882,15.772434609994228,15.283931689813102,14.257893899177011,-0.8832577551218471,-1.213728981782722,1.9436642103346808,9.279814467544607,15.578150049999994,16.161472908750998,14.99482719124899,7.488987548312949,0.018294534273055156,-3.5917079589737644,3.9091668164945594
LSE:URNU,1D,1710748800,2024-03-18,15.694,15.694,15.422,15.569,2907.0,45259.083000000006,-0.07701687953275578,-3.8772671558148284,0.7245908002846613,-8.38530707222001,1.9878961218248474,1.9480812237405578,1.6755897954034702,1.7331464253854991,-63.17026601607731,-75.30020468681637,-75.2006110395166,-96.77917095175773,-93.67813834388934,46.87831115099403,-0.13016041807298073,-0.14566221496304216,0.015501796890061426,15.705480407017465,15.764456782151317,15.289576606846506,14.270939731025996,-0.8689986137353827,-1.2398573883789923,1.827541732112924,9.095828960386777,15.547550049999995,16.061214580390708,15.033885519609283,6.607658811051229,0.1379635372198482,-3.064616177855293,3.559389086026675
LSE:URNU,1D,1710835200,2024-03-19,15.356,15.606,15.154,15.346,11922.0,182955.012,-1.4323334832038073,-2.9962073324905196,-0.2275534750666416,-10.949921661927698,1.8956504463627972,1.9822370508344453,1.657889322021176,2.9434748632456365,304.23932583874927,-19.251555915231958,-43.61284155154039,21.34587197925454,-74.48278611638567,43.75618457764677,-0.1429534020202876,-0.14512045237449125,0.0021670503542036423,15.671244177777707,15.74804671226303,15.290693901760436,14.281636848130214,-2.075420267134328,-2.5529941560940057,0.3616977659411286,7.452669208635811,15.523950049999993,16.029043367340066,15.018856732659918,6.507278311425306,-1.1462936264729395,-4.261285915114552,2.178216845418588
LSE:URNU,1D,1710921600,2024-03-20,15.438,15.541,15.314,15.541,826.0,12836.866,1.2706894304704828,-0.03216261417727393,2.2366949542793226,-9.69784484008395,1.8889330714712638,1.9786836864208237,1.6835865821513463,1.4703977199119078,-92.98359424009656,-96.91867177846521,-95.68175956063435,-96.50748793547359,-98.17958812959566,47.07550877464279,-0.13579174098731883,-0.14325471009705676,0.007462969109737927,15.658839970370307,15.739927233350754,15.29565045816122,14.294167824765735,-0.752545977820093,-1.2638383291204398,1.6040477814911829,8.722663610217547,15.530850049999994,16.03290699543679,15.0287931045632,6.465286108879729,0.06535347368192485,-3.0681085817861566,3.408170515577059
LSE:URNU,1D,1711008000,2024-03-21,16.226,16.226,15.0,16.146999,10889.0,175824.67211100002,3.8993565407631463,2.9257967873533937,2.9126768642447516,-3.4732303040871293,2.3297161559288675,2.0597043066243916,1.7819208654845782,7.555774682608154,1269.6853430658232,-58.09463446560138,227.28275069356343,-67.23157515841142,-74.63352472854419,55.804682474470276,-0.08029146820095079,-0.13066206171783556,0.050370593516884776,15.705331306525515,15.755890832042882,15.312508845128324,14.312603955862594,2.812215067955772,2.482298031424028,5.44972847566498,12.816640841836607,15.569549999999998,16.132590859974854,15.00650914002514,7.232590023152341,3.7088355154773467,0.08931076322584569,7.599967782866729
LSE:URNU,1D,1711094400,2024-03-22,16.114,16.198,15.874,16.058001,953.0,15303.274953,-0.5511736267525633,1.3314886098315222,3.3466404942721106,-2.8377745507351615,2.33901313454051,2.0451510715657464,1.7723406086671538,2.0106739481196465,-91.29628693785429,-89.71905582399984,-91.08047922558946,-93.63122629801572,-97.76802587101791,54.38596376606353,-0.04299290156546576,-0.11312822968736161,0.07013532812189585,15.738918896380229,15.767738289609827,15.327271066016872,14.32997109063013,2.0273444810313968,1.840864587291144,4.76751491401023,12.058851329433386,15.611750049999998,16.18822671778578,15.035273382214216,7.3851639430492,2.858430019509589,-0.804447084020038,6.802188372548033
LSE:URNU,1D,1711353600,2024-03-25,16.15,16.191999,15.942,15.942,6089.0,97070.838,-0.7223875499820973,4.585711474119266,2.672763573130682,-3.6096499183747586,1.7562483677158514,2.059430253219802,1.775796978539729,1.5479814241486007,534.3141471229371,-80.82322340502553,97.71488216217354,127.57690641605896,-85.87962850597283,52.51204502120233,-0.02253407127765783,-0.09500939800542085,0.07247532672776302,15.758259953867826,15.774572082174148,15.339443916194755,14.346011179280577,1.165991972908629,1.0613785081057914,3.928148159067822,11.124965684011539,15.652350049999999,16.201101626090033,15.103598473909965,7.011746789933741,1.8505205229549615,-1.5992839997545523,5.551005129925123
LSE:URNU,1D,1711440000,2024-03-26,16.200001,16.200001,15.65,15.654,8576.0,134248.704,-1.8065487391795274,0.46851935049098514,-0.470498474059002,-3.501417827641483,1.809429432732834,2.097269668761455,1.7721616297782794,3.395067691662488,38.29972705087803,9.245343216661684,-76.67664002277591,10.593590900727868,-80.48373380080616,48.08243196818362,-0.0292226336302015,-0.08185204513037699,0.052629411500175485,15.748330434451843,15.769843765226142,15.345672749537433,14.359025993417088,-0.5989868884480651,-0.7345904433218758,2.009212991146709,9.01853654402878,15.66220005,16.203594932060557,15.120805167939439,6.913395057299875,-0.05235567144986912,-3.3918086348426595,3.526233068534544
LSE:URNU,1D,1711526400,2024-03-27,15.674,15.78,15.6605,15.75,5304.0,83538.0,0.6132617861249526,1.1625666388335743,-2.7597763314332093,-2.392166584035692,1.8168193848965413,1.938469935557631,1.7748603802279586,0.762409085109089,-37.77370096623056,84.57731456909984,-54.40978110686129,-71.17898188285506,-87.73311147810811,49.608342023359405,-0.026471819135695185,-0.07077599993144063,0.04430418079574544,15.748489440694524,15.769065578354528,15.353679229744612,14.372866530796022,0.009591772665973611,-0.12090493415601365,2.5812755648014147,9.581480954082908,15.68065005,16.20740794594577,15.15389215405423,6.718572179930395,0.4422645093083971,-2.822215294828748,3.9336946566977464
LSE:URNU,1D,1711612800,2024-03-28,16.01,16.114,15.76,16.098,864.0,13908.671999999999,2.209523809523803,4.900299752378463,1.757269279393165,-0.4021530656437622,1.8015524891718981,1.9317442030539718,1.821027144697614,2.2111180512179947,-83.35048480930834,-92.39776388306869,-93.86131261992769,-89.97640771679863,-97.94506459839279,54.795065907299524,0.0037457343188123104,-0.05587165308139004,0.05961738740020235,15.781776160628379,15.781964967438665,15.368418254898184,14.390032037952281,2.0037278196893977,2.002507502794345,4.747279342617344,11.869104652047486,15.725500049999997,16.233684222325003,15.217315877674991,6.463186171622007,2.368763783762805,-0.835819032000188,5.787381489642605
LSE:URNU,1D,1712041200,2024-04-02,16.865999,16.865999,16.436001,16.511,3936.0,64987.295999999995,2.5655360914399323,6.24155459751624,6.207384536215103,2.273296721586754,1.9134655680085035,1.9507401370681572,1.8779039539531788,2.54949617867283,367.24299774989305,406.25515604821294,-84.40061700371137,-99.49967473899642,-73.5868618890214,60.050422214581154,0.060323638201188245,-0.03263259482487438,0.09295623302606262,15.851226050092343,15.810554576558717,15.391043635989309,14.411136196778626,4.162289704422028,4.430239433092291,7.276675906446426,14.571118991233762,15.766550049999996,16.378645407425495,15.154454692574495,7.764480567839888,4.721704796795438,0.8080924232873347,8.951462358392845
LSE:URNU,1D,1712127600,2024-04-03,17.004,17.344,16.764,17.344,5028.0,87205.63200000001,5.045121434195397,7.413148412283918,10.555838857725654,7.1874420616772765,2.1927824585347464,2.2827831403007948,2.077914997649899,3.4109621265584673,34.18873744185328,-50.40193679704623,-79.21575031682015,-12.863628345009955,-64.49461745095618,68.10464145709594,0.17041374935460496,0.007976674011021492,0.16243707534358348,15.993394997702596,15.870689691203474,15.429716039237045,14.440318921188789,8.444767371101728,9.28321539556739,12.406475633738316,20.108150620901725,15.856850049999997,16.76749103878853,14.94620906121146,11.485774109196871,9.37859628684579,3.438254178146401,16.04280342238294
LSE:URNU,1D,1712214000,2024-04-04,17.82,17.82,17.236,17.264999,29483.0,509023.965517,-0.45549469557196526,7.516489754858021,8.948059569634632,9.147799974712353,2.183032712587884,2.3017239847683673,2.0305597646426152,3.277216610549942,483.70537985092506,3226.242043486337,241.96908764947707,-23.86664647831824,111.83436413901578,66.73057297496311,0.24842257433970616,0.05606585407675843,0.19235672026294773,16.11450014077854,15.925368487626868,15.466058276083835,14.468425190629697,7.139525577402594,8.411927883577395,11.631539800273368,19.328805813513625,15.943749999999998,17.027206084574654,14.860293915425341,13.590981852759315,8.286940023520199,1.396546880587575,16.182082926896328
LSE:URNU,1D,1712300400,2024-04-05,16.854,17.143999,16.714001,17.056999,18360.0,313166.50164000003,-1.204749562974191,6.9940973529042845,11.900537951846754,10.738161397130433,2.245069752170497,2.022582578691863,1.9774478158968825,2.5513112614216285,-38.47706142442106,222.61646040389599,-38.13256212973059,-59.7012478543702,39.29126386459059,63.11970147837882,0.2901169805321402,0.10287607936783479,0.18724090116430542,16.20426193689487,15.969746154778756,15.497562052795047,14.494182143956765,5.262424579570431,6.8082036789038,10.062466224638886,17.681693458721867,16.010199949999997,17.191203658073007,14.829196241926988,14.75314126945691,6.538325900170936,-0.7806588807990977,15.023085012350743
LSE:URNU,1D,1712559600,2024-04-08,17.406,17.406,16.598,16.912001,20789.0,351583.588789,-0.8500791962290732,8.036291043822667,8.542461972915733,10.011064853964749,2.0944439335941776,2.026186186890221,1.9870511163614637,4.642077444559347,12.267304117080268,161.88974516208364,186.10235095155892,11.589169419325348,55.53653418816313,60.65569348729706,0.30791056965120234,0.14388297742450828,0.16402759222669405,16.271665657190596,16.006697325179587,15.525570744818907,14.518240043021873,3.9352783931277147,5.65578055503249,8.929979309416135,16.48795549518881,16.045949949999997,17.289062016059177,14.80283788394082,15.49440288587188,5.397318654854729,-2.1809223410092367,14.248370026043128
LSE:URNU,1D,1712646000,2024-04-09,16.83,16.893999,16.52,16.657,10690.0,178063.33,-1.5078109326034217,5.758730158730159,6.9882458732095785,9.484685158406728,2.29169742435145,2.093109653644218,1.9997305689248206,2.2222162804515824,-49.35391307275629,113.15249347602287,293.4311483951187,-34.08474406716783,-20.14253869381759,56.47993010743675,0.29800050335244777,0.1747064826100962,0.12329402074235157,16.308364166029587,16.032199390858818,15.547975284525464,14.539521236623646,2.1377731722266966,3.897160919152671,7.132920494016496,14.563607211787899,16.087799949999997,17.353812460018055,14.82178743998194,15.738789815297997,3.5380850816708644,-4.015327822767829,12.381857231790775
LSE:URNU,1D,1712732400,2024-04-10,16.700001,16.771999,15.0,16.552999,13562.0,224491.77243799999,-0.6243681335174415,2.826431854888811,7.8652352404535355,9.405148711169854,2.2621583630456037,2.0495776305231437,2.0008253888390817,10.610771819714268,26.07411780853475,1514.0417463148171,22.703264580693748,-69.91458236706912,9.195618597923469,54.82224720723832,0.2785438131941369,0.19547394872690432,0.08306986446723258,16.331662721645817,16.052622904942787,15.56787674423783,14.559555841234356,1.3552586905975375,3.117098669919801,6.327916593550849,13.691648155364605,16.138149899999995,17.39402401778512,14.882275782214869,15.564040804765686,2.570611269387237,-4.835137728481839,11.226261643274588
LSE:URNU,1D,1712818800,2024-04-11,16.67,16.790001,16.57756,16.624001,1352.0,22475.649352,0.4289373786586951,0.6843982799345926,6.9686699697574115,7.5499838260982015,2.090226057734255,2.040258411470263,1.9716354735039783,1.2743911217756558,-89.98820798289732,-65.41531847701434,75.08673341296856,-87.68462961523801,-88.77635209532875,55.77653167980223,0.265789656367037,0.20953709025493086,0.056252566112106134,16.359504462441453,16.075029889062677,15.588790095837082,14.580097584107646,1.6167759736597398,3.415054993526568,6.6407392607035405,14.018448121501018,16.184949949999996,17.439996599643933,14.92990330035606,15.508811006782722,2.7127118178082683,-4.678874763430823,11.347010530225859
LSE:URNU,1D,1712905200,2024-04-12,17.106001,17.268,17.006001,17.268,4614.0,79674.552,3.8739109796733104,-0.4381918819188221,6.942472715827874,12.268383070021457,1.6995610268433123,2.0372409174162027,2.0693101536105534,1.5316203945036566,254.49277016287914,-8.636001858228623,-54.685226456898725,-75.44411853590523,-58.52293554363648,63.34034642570756,0.30414128100258964,0.2284579284044626,0.07568335259812703,16.44602784697084,16.12181303066806,15.622041777107635,14.606842881778217,4.997998061766379,7.109541384406212,10.53612739215904,18.218564680678064,16.255999949999996,17.585175307581657,14.926824592418335,16.353043327631923,6.2253940275141595,-1.8036516670090295,15.684349963962202
LSE:URNU,1D,1713164400,2024-04-15,17.312,17.312,16.445,16.445,6131.0,100824.295,-4.766041232337273,-4.749487677352309,2.4100073228292826,8.183672126833759,2.3801114285134957,2.4417562791139553,2.2532050857012003,5.008086876155273,26.545167144460386,-80.1926231709747,558.8412957988104,-66.08334558142678,-45.660409638627705,51.27155238068947,0.26507043100477645,0.2357804289245254,0.029290002080251065,16.44592995678314,16.134487029465394,15.638337979541147,14.625133002357538,-0.005654631787821504,1.924529549452278,5.158233704337181,12.443421863918118,16.316099949999995,17.56276330281126,15.069436597188732,15.281389016144928,0.790017531119658,-6.364393139844567,9.128167426431096
LSE:URNU,1D,1713250800,2024-04-16,16.125999,16.15,15.484,15.78,31945.0,504092.1,-4.0437823046518755,-7.486656943580765,-1.0161836657884882,0.5736137667304007,2.6627537377628676,2.6704839280169796,2.3146955374756444,4.129976691676581,399.97086515705365,60.96616252381876,419.3033359823266,838.3247931595217,151.34587858797943,43.97963764158519,0.17839018749076274,0.22430238063777286,-0.045912193147010116,16.382508056137127,16.120585577329496,15.641143168065085,14.636624216264428,-3.677752234716093,-2.1127370075716425,0.8877665170818325,7.811745159550081,16.326049949999994,17.552092261350904,15.100007638649085,15.019460495414075,-3.3446544122572366,-10.096188163578594,4.503258393131179
LSE:URNU,1D,1713337200,2024-04-17,16.124001,16.200001,15.89,16.034,5631.0,90287.454,1.6096324461343445,-5.19158554922035,2.427494570077929,3.1921740249710298,2.8258757636365406,2.653697175185947,2.3232803332707177,1.9226059338497918,-82.08909562359736,-74.31977575774013,-32.74612617489402,-47.375916325429095,-54.36517374971477,47.075749117754214,0.1287074874442773,0.20518340199907376,-0.07647591455479646,16.349316812695495,16.117190064493045,15.648922511271717,14.650528452918513,-1.9286237847605205,-0.5161573708578236,2.460728452396102,9.44315115681637,16.349299949999995,17.533973410715006,15.164626489284984,14.492038978280675,-1.9285226337779466,-8.554669130491405,5.732904211846538
LSE:URNU,1D,1713423600,2024-04-18,16.1,16.1,15.936,16.014,2054.0,32892.756,-0.12473493825620292,-3.860238938584383,1.676190476190472,3.136471952083468,2.8120988430013822,2.652426844160111,2.32345727322654,1.01863354037268,-63.56885199132982,-81.52749586340995,-60.62539682539683,-33.00369595522471,-83.32919792062258,46.85615621638683,0.0867201015110588,0.18149074190147077,-0.09477064039041197,16.317381878153068,16.11314339529724,15.656151768474258,14.664095333984001,-1.8592558562305805,-0.6152951839687338,2.285671707950075,9.20550934286139,16.382699949999996,17.48730486664792,15.278095033352072,13.485016755714007,-2.2505444836642843,-8.424996749829836,4.81673248557132
LSE:URNU,1D,1713510000,2024-04-19,16.052,16.052,15.746,15.914,2733.0,43492.962,-0.6244536030972876,-3.8603216251024977,-1.1429991303267444,1.1826042726347912,2.812099292321479,2.5953547963611348,2.316922234937919,1.9063045103413854,32.22656684651173,-80.62603295984407,212.70391594539007,-92.44385994816213,-75.77948511603915,45.708085148398055,0.04485853017863661,0.15416429955690394,-0.10930576937826733,16.278964556424203,16.105333850383623,15.661257674049025,14.676532196332419,-2.241939621891839,-1.1880154249585193,1.6138060634157922,8.431608959893245,16.401349949999997,17.460125138291897,15.342574761708095,12.910829797786263,-2.9714014485740363,-8.855177875564484,3.7244416088365075
LSE:URNU,1D,1713769200,2024-04-22,15.498,16.142,15.498,15.924,10169.0,161931.156,0.06283775292195418,-4.210785357869025,-3.555205620495426,-1.6855033842376175,2.7973126018003946,2.493336446431166,2.2528287273250016,4.155374887082205,272.3157691582376,620.4737601300516,149.17355539765802,-11.62732112740319,-9.465147685891653,45.85096714201965,0.012347515258035457,0.12580094269713024,-0.11345342743909478,16.245158408193326,16.09822271899603,15.666460492384688,14.688944811294284,-1.9769484551861858,-1.0822481589253132,1.6438908312474187,8.408059289296839,16.390199999999997,17.4640441821802,15.316355817819794,13.103490893097131,-2.8443826188819976,-8.81837085451041,3.967289539416699
LSE:URNU,1D,1713855600,2024-04-23,16.049999,16.049999,15.688,15.971,211233.0,3373602.2430000002,0.295151971866369,-7.511003011350478,-7.9162822878228845,0.9544879898862187,2.2013652381909847,2.033608306291006,2.2125504680069357,2.255445623392245,1983.35586945356,4134.2280669491565,3768.560052405789,1388.9623908370086,1088.8864705688723,46.56278470850274,-0.009515502303781176,0.09873765369694795,-0.10825315600072913,16.219048083603486,16.093233592760892,15.672490977684001,14.701701579341108,-1.5293627734802016,-0.7595340740960592,1.9046686499360235,8.633683752923641,16.385849949999997,17.465729632530405,15.30597026746959,13.180636778996105,-2.531757286108904,-8.558071514781892,4.344904118517892
LSE:URNU,1D,1713942000,2024-04-24,16.1926,16.195999,15.887,15.887,2568.0,40797.816,-0.5259532903387366,-3.393128610519914,-7.981460062638863,2.1934902868905257,1.6085407088785848,2.0334145319303487,2.1905430841522024,1.908272914788237,-98.79067497999645,-59.53572896294489,-91.98508935457235,-90.20699742306385,-84.95848303189469,45.41375431929612,-0.03323706304533047,0.07234271034849227,-0.10557977339382274,16.18742445659363,16.085146000887917,15.676738681096198,14.713495593477017,-1.8559126400818895,-1.2318570243439437,1.3412312546699894,7.9757009411362265,16.38309995,17.46775638299705,15.298443517002948,13.24116237229024,-3.0281201452353823,-9.04956737624153,3.847165774367314
LSE:URNU,1D,1714028400,2024-04-25,16.202,16.202,15.718,15.921,3767.0,59974.407,0.2140114559073388,0.893536121673004,-6.660016806004395,1.485211626721053,0.6858278762100763,2.034684829839919,2.185438792370784,2.9872855203061457,47.0039646239887,-88.10249019970755,-80.84903503857399,-85.70593411112888,-76.86601083990918,45.99467054031215,-0.0487313107710996,0.04812790612457389,-0.09685921689567349,16.162050698822807,16.078708902813883,15.681575538896274,14.72551056269615,-1.4914610980669956,-0.9808555137551094,1.5267883033172385,8.118492273757614,16.396449949999997,17.451038311865453,15.341861588134543,12.863618223229533,-2.8997127515398424,-8.767606170603255,3.7748900844820805
LSE:URNU,1D,1714114800,2024-04-26,15.804,16.104,15.804,15.973,6477.0,103457.121,0.3266126499591821,-0.3804415616814156,-5.552276161762285,0.7951031741023615,0.3596455861123806,2.041548521461217,2.179054315135368,1.8982536066818458,72.50211577748489,14.586375422658392,-70.57396184038359,-30.49612655608847,-59.859093119475226,46.92498445762329,-0.05616718792637698,0.027268887314383716,-0.0834360752407607,16.14404587036349,16.07456345564471,15.687346320304268,14.73792339291808,-1.0594981687799165,-0.6318271468146478,1.820917788536411,8.380262090895407,16.407599949999998,17.439075488945054,15.376124411054944,12.573143446797108,-2.648772223386622,-8.40684180692047,3.881833763753384
LSE:URNU,1D,1714374000,2024-04-29,16.378,16.627001,16.285999,16.627001,11017.0,183179.670017,4.094415576284975,3.8279068315224216,-0.18009845710512162,9.079584071377022,1.4911623238861376,2.3134144217547306,2.1741628734207437,2.0820735132494788,77.05854197991843,456.8997320169827,2.8733260334960655,-63.81203993873884,-25.828548356329556,56.96575117291191,-0.009181915749724823,0.019978726701562005,-0.029160642451286828,16.190041596995542,16.09622767307041,15.70595334366458,14.756720185028348,2.698939347293256,3.2975013631150016,5.864321866885902,12.674095541021194,16.43405,17.45952564827335,15.40857435172665,12.479889598405139,1.1740928133965807,-4.768311952138752,7.907458668535525
LSE:URNU,1D,1714460400,2024-04-30,16.784,16.832001,15.994,15.994,31731.0,507505.614,-3.8070665900603493,0.5027020233756446,-3.3770255166450505,2.6506642705859718,2.1285787150881395,2.5127671669644127,2.265360207279708,4.992856291706399,177.05346010990243,1066.8683636676665,126.06869217898067,312.9844336211441,95.3533792879382,47.58283695798397,-0.022761261870588356,0.011430728987131933,-0.03419199085772029,16.171370968710253,16.092218744714707,15.71165723784944,14.769031426968365,-1.0968208512033124,-0.6103493015651783,1.797027251017128,8.294169994078509,16.4082,17.450539654432006,15.365860345567995,12.705106647066778,-2.524347582306414,-8.346673989890515,4.0878912101604525
LSE:URNU,1D,1714546800,2024-05-01,16.441999,16.746,16.274,16.434,35608.0,585181.8720000001,2.751031636863832,3.202712886209505,-1.1429318369266144,5.555912390005782,2.3219724719051418,2.6238702613476534,2.313821925659135,2.8706971700946933,15.30549729051866,261.37694959702515,2503.6260970049684,1192.9600716832906,110.65929420052525,53.33637930852927,0.0019587519876616,0.009536333587237867,-0.007577581599576267,16.196383257404516,16.105621931196485,15.72596105492173,14.785598278441316,1.4670975539360198,2.038903373035538,4.502357233402139,11.14869814880739,16.362699999999997,17.313057698554488,15.412342301445506,11.616147684116818,0.4357471566428791,-5.077426032190036,6.628828237604581
LSE:URNU,1D,1714633200,2024-05-02,16.74,16.940001,16.51,16.858,8722.0,147035.476,2.58001703784836,5.553816292029306,-2.3743340282603667,9.852730353186502,2.4313046387545696,2.504177034013,2.3310906184931173,2.5687037037036875,-74.87354222073373,-95.64158826651575,84.54509289239556,-19.632988245219536,-46.83964868791676,58.10824508866568,0.05512732407617449,0.01865453168502519,0.0364727923911493,16.259394375746943,16.135126953502503,15.748377667695557,14.806219191093641,3.6815985295612084,4.480119980342521,7.04594692684185,13.857560680585923,16.34235005,17.22990793220326,15.454792167796738,10.862059367076911,3.1552986469042144,-2.1585021444493764,9.07943514845277
LSE:URNU,1D,1714719600,2024-05-03,16.941999,17.306,16.788,16.788,28226.0,473858.088,-0.4152331237394726,5.671303581544658,2.085740346609912,8.023936683611092,2.4229420653219402,2.1566339473619247,2.328317054156557,3.057490441358193,222.2746651971256,1061.4790556435669,369.984033114241,3591.384548222284,62.30463364233145,57.07062286319696,0.0905713355520632,0.03303789245843279,0.05753344309363041,16.309737768532948,16.160729818071033,15.768964248533269,14.82593840312256,2.932372293500535,3.881447118975714,6.462287157265358,13.233979148761343,16.328900100000002,17.18014127668302,15.477658923316985,10.426191249501457,2.811578839899928,-2.2825264959563305,8.466015972925952
LSE:URNU,1D,1715065200,2024-05-07,17.002001,17.950001,17.002001,17.794001,16858.0,299971.26885800005,5.992381462949734,11.764342692041971,12.762997465145768,10.200050176506485,2.9929596819157904,2.299792360907986,2.463046093450849,5.575814282095386,-36.69596943589574,400.16546034044165,-40.49276533831812,70.60817759900326,1.3094029893928252,66.36596758078377,0.197559500263349,0.06594221401941602,0.13161728624393298,16.45109617152981,16.22477966834276,15.809063986186075,14.85547136428552,8.163011233222365,9.67175742126751,12.555689669852432,19.78079028026729,16.3730001,17.411332945671816,15.334667254328181,12.683476935565615,8.678928060349813,2.1978102166113054,16.037737923381922
LSE:URNU,1D,1715151600,2024-05-08,17.587999,17.594,17.017,17.017,2982.0,50744.693999999996,-4.3666458150699325,6.53602954986539,6.130722215292507,5.972094534058122,3.663903562360592,2.653611856075764,2.6011597382102267,3.2806460814558935,-83.08348189705413,-50.95098963753303,-43.79651684496497,231.593689297546,-82.93008343918932,56.23747973596003,0.21714776036177952,0.09618332328788873,0.12096443707389079,16.504991774241255,16.25584713232932,15.832983511212094,14.87697911190457,3.102141659699689,4.682332833684901,7.478164099327503,14.384781157506524,16.3910001,17.460418205326917,15.321581994673084,13.048845083307842,3.8191684227980702,-2.539562341019055,11.065554496372298
LSE:URNU,1D,1715238000,2024-05-09,17.186001,17.422001,16.98,17.416,5165.0,89953.64,2.3447141094199972,4.7452874995316385,8.754839515424012,9.246016810939658,3.4985565884402883,2.6906380796428166,2.622017843839761,2.5718664859847333,77.26708530353935,-50.89321866796034,173.47553364029454,-7.331963076284562,-69.71648877893679,59.64351047708872,0.26184912926668247,0.12931648448364746,0.132532644783035,16.591754462408755,16.301343323218365,15.86433037237621,14.902243001338356,4.967802166182632,6.8378209984327185,9.780870614782689,16.868313034728306,16.43415015,17.59220179263957,15.27609850736043,14.093234296506294,5.974448578346473,-1.0015903336971272,14.00816767192558
LSE:URNU,1D,1715324400,2024-05-10,17.667999,17.667999,17.205,17.205,9911.0,170518.75499999998,-1.2115296279283536,7.5715893460047425,8.112353902224449,9.908010732081248,3.1150393580464066,2.714445016722126,2.607998133978268,2.620551427470649,89.56292930447282,-66.40061699888902,292.06057062749596,27.017058578085027,-42.826396310240696,57.112066301445246,0.2770556247988232,0.1588643125466826,0.11819131225214058,16.650158799322206,16.3367808399549,15.890878285794503,14.925156006300163,3.332347801393815,5.314505768001071,8.269660685654117,15.2751769746157,16.4632001,17.667085990705562,15.259314209294443,14.62517473386671,4.505806255735156,-2.6155189992773096,12.750807565915634
LSE:URNU,1D,1715583600,2024-05-13,17.002001,17.378,17.002001,17.202,2857.0,49146.114,-0.017436791630320032,4.673238408178171,8.02562170308969,9.219047619047629,3.0550228034355156,2.715648314872611,2.6083276583275325,2.21149851714513,-71.1784700750366,-91.60156588035933,-69.64999496452677,-41.169151763269404,-83.45810936933204,57.074974803839595,0.28557290050293815,0.1842060301379337,0.10136687036500444,16.702715104148663,16.370711003093923,15.916841092016394,14.94781117041658,2.9892439207522945,5.077904049182543,8.074208321575945,15.080394071639851,16.4599001,17.655275422014135,15.264524777985864,14.524697170113878,4.508532223716249,-2.5673653408371653,12.692666494330165
LSE:URNU,1D,1715670000,2024-05-14,17.098,17.245001,16.996,17.245001,8412.0,145064.948412,0.24997674688987753,2.2956519160042586,7.976964498152891,7.125114921108209,2.957527816031405,2.7160230876661475,2.5848292108503625,1.456316528248917,195.170740075197,-1.3401715297606118,-95.69999845971763,942.9820216624565,-51.881252114811325,57.50103098873504,0.29242186693205596,0.20584919749675817,0.08657266943529779,16.75436137994403,16.404996885325534,15.94314128821409,14.97066878066119,2.928429254506197,5.120416178962263,8.165641188592513,15.191921300648536,16.49990015,17.74318387728059,15.256616422719409,15.070196982744655,4.515790054644665,-2.8077422898068125,13.032932874418893
LSE:URNU,1D,1715756400,2024-05-15,17.288,17.549999,17.146,17.549999,5527.0,96998.844473,1.768616887873774,4.538950440791037,10.467671681248815,6.292768457392045,2.973588812825826,2.7131856786494657,2.565048693038692,2.3368752892179483,-33.134195727617886,-79.5299801925086,137.75499275010213,49.258163430895806,-67.93849270845337,60.49605239996236,0.3187857481294287,0.2284365076232923,0.09034924050613644,16.83013639137793,16.44989892903826,15.97496025280391,14.996333757968044,4.277223855362541,6.687579514666709,9.859422009639365,17.028597010753444,16.588400099999998,17.865629811399344,15.311170388600653,15.399070479368845,5.796815209442665,-1.7666928886993578,14.62219121450168
LSE:URNU,1D,1715842800,2024-05-16,17.42,17.489,17.391199,17.489,1039.0,18171.071,-0.3475726693773539,-1.7140664429545704,9.84862759876893,0.8360239852398499,2.034983879219032,2.724943467769355,2.405771468873723,0.561429391504021,-81.26671395033166,-93.94239619374954,-69.70195803686728,-79.16296163073505,-93.94779236108386,59.59153583931119,0.33094230749341946,0.24893766759731772,0.08200463989610174,16.892885306484793,16.4906479906446,16.0049412378969,15.02113640714249,3.52879145687666,6.054049603883251,9.272503660239053,16.429273564708797,16.661150099999997,17.969159896401102,15.35314030359889,15.70131459773724,4.968744024459657,-2.672133250354507,13.911549390976708
LSE:URNU,1D,1715929200,2024-05-17,17.548,18.120001,17.323999,17.785,6951.0,123623.535,1.6924924238092478,4.513133924898635,11.3441432417204,3.01187969950071,1.2115733284793806,2.733901422740577,2.42137711076544,4.53614087075449,580.3315830971109,143.61864316296797,19.492533529905597,-75.71361205470171,-56.98435710392707,62.520017727369215,0.3603077906704115,0.2712116922119365,0.08909609845847505,16.9778486106291,16.54140689297226,16.04018992625538,15.04863753741968,4.75414410790292,7.5180612814505405,10.877739489160465,18.183456514093912,16.749700100000002,18.109248659868534,15.390151540131471,16.23370629625221,6.181005593049383,-1.7905141508553775,15.560915392052538
LSE:URNU,1D,1716188400,2024-05-20,18.120001,18.705999,18.09,18.597,19596.0,364426.81200000003,4.565645206634811,6.781120808452003,11.848191986035253,9.028557719913099,1.7758631961749602,2.776724755975584,2.5344017713566265,3.3995527925191547,194.78756775560578,305.1273656074396,98.9450095450982,16.368388729815745,26.055311026435202,69.12944260636876,0.4439837926960273,0.3057661123087546,0.13821768038727267,17.1320535048549,16.622018387365507,16.09081982870577,15.083944626599584,8.550910109695636,11.881719575859023,15.575217409514753,23.29003095917872,16.8838501,18.40674597606005,15.360954223939949,18.039675394417902,10.146677978383622,1.0336103088910757,21.066697607995575
LSE:URNU,1D,1716274800,2024-05-21,18.24,18.511999,18.190001,18.464001,11790.0,217690.57179,-0.7151637360864743,7.317646033129913,15.443297486557459,9.176915256804914,1.6959647640653166,2.5081965518539766,2.5324394238079715,1.7653399122807056,-40.26494082713103,27.663711707254734,-57.1057805500453,-38.08284040224494,-23.520098261343016,67.043986033018,0.4938726627423513,0.34338742239547393,0.15048524034687738,17.25890564724967,16.694252999625682,16.13781351526605,15.11757702832496,6.982455187953188,10.600941536072316,14.414514596623778,22.13598095385941,17.010850150000003,18.61391244728618,15.407787852713827,18.847527115347322,8.542493979937836,-0.8053731192231727,19.83550900688103
LSE:URNU,1D,1716361200,2024-05-22,18.327999,18.327999,17.884001,18.007,12761.0,229787.32700000002,-2.4750919370075763,4.679688408324612,9.57161981258367,8.104700726421331,2.0856761594743287,2.6156734502218306,2.5615606014940613,2.4225121356673855,5.5568576583415075,367.55950429773554,-60.73232306143619,29.048090362007738,-19.75627865197304,60.311273767051674,0.49087528556790616,0.37288499502996036,0.1179902905379458,17.330152728463986,16.745733274150165,16.17482710902316,15.14632750565506,3.90560476956631,7.531869194386441,11.327310509271292,18.886905048612444,17.11265015,18.697125144066113,15.528175155933887,18.51817199764483,5.226249833664723,-3.6910762416602654,15.963400845068804
LSE:URNU,1D,1716447600,2024-05-23,17.704,17.704,17.482,17.601999,10571.0,186070.731429,-2.2491308935414125,2.070153547686085,4.413328983272029,6.337220222148261,2.3280255051917416,2.6615623698690545,2.597307219070372,1.2539539087212002,-19.024807042992414,28.26718891495359,26.548188567091124,-17.114676672442897,-34.73058610366634,55.036490845095386,0.4506251207096632,0.3884330201659009,0.062192100543762285,17.356042849562655,16.779312322222708,16.20308793854745,15.170762047887349,1.4171211293335892,4.902982088769608,8.633607783640501,16.025806379655265,17.1984001,18.691248917690874,15.705551282309127,17.360321995193885,2.346723518776602,-5.827593022207965,12.075015283462529
LSE:URNU,1D,1716534000,2024-05-24,17.462,17.796,17.35,17.757,5531.0,98213.967,0.8805874832739291,1.179492944700463,5.771979985704082,6.815441120341617,2.269077161801429,2.6560758809468825,2.5996742550338503,2.554117512312438,-47.21686412165471,1.2527185592795733,-79.27354845529196,336.97944144719634,-65.85117055954443,56.600898445923654,0.4263195143881333,0.3960103190103474,0.030309195377785925,17.394229244842403,16.817653015468878,16.233858474417797,15.196495758853644,2.085581085837212,5.5854820150416495,9.382498486003522,16.849307115126066,17.290200100000003,18.67978464188311,15.900615558116899,16.073666398841794,2.699794665765597,-4.940017562162229,11.674921861345558
LSE:URNU,1D,1716879600,2024-05-28,17.796,17.974001,17.75,17.962999,2107.0,37848.038893,1.1601002421580136,2.710269312139054,0.9497470523914121,4.024779939772986,2.2790658157005517,2.1836205698373186,2.518065034328949,1.2587154416722928,-61.46368989147949,108.2873315117199,-87.38277867840856,-52.49670322212794,-86.77619656405699,58.6595381240106,0.4188512870491792,0.4005785126181137,0.018272774431065453,17.44839779295265,16.86256854427402,16.26809888086497,15.224023154287936,2.9492748454829165,6.525876842763976,10.418550634263873,17.99114345763863,17.389700050000005,18.668321452183065,16.111078647816946,14.705502665447748,3.296773080338406,-3.7781782041287104,11.494701209431373
LSE:URNU,1D,1716966000,2024-05-29,18.040001,18.040001,17.492001,17.638,9065.0,159888.47,-1.8092691537754817,-0.8265392184424991,3.6492918845860154,7.2544846457890015,2.326156460732174,1.890313890762517,2.377119218866058,3.0376938449172024,322.4484931756171,29.334976547952618,215.08411500126502,58.5812923363362,-44.517894769502625,54.284544782138205,0.38230103158932494,0.39692301641235594,-0.014621984823031009,17.46645514600478,16.892977620969155,16.295225635699325,15.248042824394524,0.9821389203547729,4.410249014395511,8.240293165127754,15.673861905620527,17.440250000000002,18.673392370207416,16.20710762979259,14.141338228608118,1.1338713607889748,-5.544747037283585,8.82879538343465
LSE:URNU,1D,1717052400,2024-05-30,18.360001,18.360001,17.68,17.707001,2475.0,43824.827475000006,0.39120648599614516,-4.785712749368175,1.670883096003683,12.211666666666682,1.4106451105877404,1.8023708517583776,2.238627554282504,3.703708948599734,-72.59037660751898,-87.97431307688744,-51.28065137219572,-91.30618641414931,-83.93741849403696,55.05105214555941,0.3548124379203301,0.38850090071395077,-0.033688462793620644,17.489364274956706,16.924900106421344,16.32318158350726,15.272510069922937,1.2443947168218845,4.6210074426491135,8.47763292599119,15.940345882445692,17.525900050000004,18.568588779986406,16.483211320013602,11.898832322581935,1.0333332352879505,-4.640028330613045,7.4244615095148205
LSE:URNU,1D,1717138800,2024-05-31,17.865999,18.1,17.76,17.813,9424.0,167869.712,0.5986276275694402,-3.525785121003843,3.5338564370822474,11.095172757889484,1.4802421508888228,1.765725855255203,2.2278938276762474,1.9030561907005588,283.0470572776624,-22.886089820215446,-1.5535200218884875,85.9280603925325,-39.05046001117615,56.26422090062642,0.3376881045566442,0.37833834148248946,-0.04065023692584524,17.52018672496083,16.95972755322835,16.352682938289295,15.297788576689873,1.6712908351712994,5.031168361010751,8.930137441186591,16.44166678537249,17.594850050000005,18.514751952411775,16.674948147588236,10.45649039119568,1.2398511461027975,-3.790231455519792,6.824919887840037
LSE:URNU,1D,1717398000,2024-06-03,18.138,18.138,17.52,17.708,24447.0,432907.47599999997,-0.5894571380452504,-1.6604653745765703,2.9415184280897377,10.578244036468085,1.250056390574979,1.778334744824837,2.2329313606129495,3.407211379424424,157.8830158474329,88.39484389841914,780.8579982539412,1216.1179805061029,49.92056132099694,54.689590711007334,0.31204723819413616,0.3650801208248188,-0.05303288263068262,17.53807370353599,16.98907157074881,16.37952089990733,15.32177077990689,0.9688994318101706,4.2317111106236975,8.11061024440699,15.574108596001391,17.637350050000006,18.493484089190375,16.781216010809636,9.708193541130845,0.40057009584607545,-4.247355908719761,5.522746317033123
LSE:URNU,1D,1717484400,2024-06-04,17.554001,17.554001,16.836,16.893,3668.0,61963.524000000005,-4.602439575333171,-4.027945916824553,-2.0411770344344884,6.15181601105945,1.8967544218506545,2.1692103392674023,2.399392125814039,4.090241307380586,-85.686658827763,-66.69894102950643,-57.28566777963692,42.46793308765682,-78.58701502511131,44.32121135011917,0.22338790143497178,0.33674167694684937,-0.11335377551187759,17.476638112723037,16.985304058170424,16.389688802879462,15.337404901499855,-3.3395330895943127,-0.5434348296286318,3.07090148674521,10.142492217493864,17.642600050000006,18.47889398215575,16.80630611784426,9.480393250265216,-4.2488071365649125,-8.582191032034583,0.5158413844651499
LSE:URNU,1D,1717570800,2024-06-05,16.931999,17.219999,16.851999,17.061001,9691.0,165338.160691,0.9945006807553441,-3.9195753787238856,-2.786313549077688,7.140172067319779,1.9095517789069847,2.1297793263690648,2.403081425114034,2.1733996086345275,166.83143568625954,68.34485536155972,70.45374260826632,2.10398343046474,-42.885839646073165,46.56990897508276,0.16478151620844628,0.30234964479916876,-0.13756812859072248,17.437053625797034,16.98827256569315,16.40298211371353,15.35455511143518,-2.1566294046414294,0.4281096504992547,4.011580831611959,11.113613362160905,17.605950050000008,18.47605446466548,16.735845635334535,9.884208602142122,-3.095255004429633,-7.658850905487954,1.9428678523358451
LSE:URNU,1D,1717657200,2024-06-06,17.006001,17.142,16.9,17.113001,4589.0,78531.561589,0.3047886815081929,-4.731938135719984,-2.1499170907427536,7.150466470477744,1.8214901166201205,2.1327142289182266,2.4030868886750607,1.4230270832043397,-52.50245843984717,107.49175884916042,332.17904761364923,-97.6721748465769,-56.28671372637887,47.27964325753504,0.12113512873799692,0.26610674158693437,-0.14497161284893745,17.40619147095922,16.993163876842438,16.417041893639997,15.37205208545075,-1.6844033426173948,0.7052078354924343,4.23924791609151,11.325416443241258,17.610750100000008,18.468780898631685,16.75271930136833,9.744398095021257,-2.826393521988634,-7.340927947941229,2.1505863743699405
LSE:URNU,1D,1717743600,2024-06-07,16.927999,17.294001,16.709999,16.811001,10686.0,179642.356686,-1.7647401528229887,-4.688734550402543,-5.4765195389373025,5.8160823314659815,1.8175848451908627,2.1071244275361813,2.426751300027514,3.4499175005858738,128.75179488492776,12.354791240419033,45.31404290129708,340.3234640942545,-2.516428626979802,43.6529428658086,0.06146761571997317,0.22517891641354212,-0.16371130069356896,17.3495066642012,16.986020234613324,16.424843064062966,15.386369985098007,-3.103867300805428,-1.0303722248998453,2.351060125389792,9.259045611679534,17.580500150000006,18.504021031085376,16.656979268914636,10.506195764690682,-4.37700374525468,-9.14947096223695,0.9246678440238034
LSE:URNU,1D,1718002800,2024-06-10,16.462,17.218,16.462,16.771999,9958.0,167015.56604200002,-0.232002841472676,-5.280408579634692,-9.813416142388558,5.345135355819369,1.7784224424259694,1.6054591631001929,2.428095828771385,4.592394605758718,-7.028849363221493,281.0980571167668,-54.17034078107294,178.47806155382247,-11.089887616079382,43.192148758286486,0.010907807905628175,0.18232469471195933,-0.17141688680633116,17.294505934277275,16.977627245020646,16.431717439032017,15.400157338480117,-3.021230766943614,-1.2111718678530483,2.0708825004480476,8.90797172631533,17.558850100000004,18.535349290230634,16.582350909769374,11.12258701075909,-4.481222264093496,-9.513445161565077,1.143674327377168
LSE:URNU,1D,1718089200,2024-06-11,16.598,16.608,15.968,16.193001,41136.0,666115.289136,-3.452170489635744,-9.09447594453489,-12.29960938585305,1.3773304952106562,1.898539452268219,1.752628382020542,2.514883945543818,3.8558862513555883,298.83425534628884,296.804927583363,205.9917954455937,543.8563945115,222.4132785873859,36.95554846358375,-0.07501675728117618,0.13085640431333223,-0.2058731615945084,17.189600702441343,16.94685758835317,16.426990380833363,15.408046330137031,-5.797689659538179,-4.448356188885792,-1.4244202705955051,5.09444645378339,17.508400150000007,18.64462646228167,16.372173837718343,12.979213435233989,-7.512960286094487,-13.149233465424173,-1.094374146611882
LSE:URNU,1D,1718175600,2024-06-12,16.218,16.302,16.0,16.191999,20561.0,332923.69143899996,-0.006187858569265361,-8.561107973797151,-10.079419114788706,-2.616238490633403,1.9417183729045997,1.7107373750269614,2.401715822694208,1.862128499198419,-50.02010960132348,-23.095878473810423,44.8833997007154,81.74707455696529,57.34050203302898,36.94560629232252,-0.14156161311379023,0.07637280082790773,-0.21793441394169796,17.094591016494547,16.91725529077069,16.422337086163395,15.41584685421527,-5.279986023787515,-4.287080133893581,-1.4025901730970252,5.034768139075673,17.455750050000006,18.725643224917178,16.185856875082834,14.549855162679433,-7.239740752360317,-13.530345497268678,0.03794748072078028
LSE:URNU,1D,1718262000,2024-06-13,16.284,16.598,16.224001,16.459999,10084.0,165982.629916,1.6551384421404711,-2.5631977742260155,-6.4878994709634945,2.9135863448793304,1.60417870421004,1.7597039192093729,2.316239065533076,2.296726848440173,-50.14394163462163,167.8715140797996,-10.795949131131955,-67.29442486206665,-17.09585902022461,41.48037245156924,-0.1707057410383257,0.026957092454661047,-0.19766283349298674,17.034153681590304,16.89932367152478,16.423082866635408,15.426236427805167,-3.370608791740696,-2.599658306237653,0.2247819953438193,6.7013271644891805,17.401250050000005,18.741874954103103,16.060625145896907,15.408374688611499,-5.409100192776122,-12.175281073484802,2.486664438495553
LSE:URNU,1D,1718348400,2024-06-14,16.566,16.566,16.232,16.341,18245.0,298141.54500000004,-0.722958731649976,-4.220156836049655,-7.974319986484205,-0.5658999634903248,1.5070735465346239,1.7203184939597627,2.268276964778802,2.0161777133888665,79.62213585293992,80.32228237811107,203.56328545409434,-49.05147283851609,56.38793752100821,40.10128737423334,-0.20108689264828072,-0.01865170456592731,-0.18243518808235343,16.96813904524837,16.87742862558263,16.421457463335695,15.435338552901632,-3.6959801164759396,-3.1783788720606236,-0.48995324267247414,5.867454374223087,17.343850050000007,18.76067118072224,15.927028919277774,16.338023295147586,-5.782165131207451,-12.897572573035676,2.5991732847371454
LSE:URNU,1D,1718607600,2024-06-17,16.194,16.252001,16.011999,16.110001,7451.0,120035.617451,-1.4136160577688062,-5.861040971130663,-10.315638273987544,-4.4370565903428645,1.4789704667426151,1.661396968141899,2.2302190855755315,1.4820427318760065,-59.73871489429627,52.85015988758016,217.151485154494,-18.36281915324979,-36.737553542031726,37.49527526461225,-0.24102547134384977,-0.06312645792151181,-0.17789901342233796,16.886411612367574,16.84733342457939,16.415290008616175,15.44205161207674,-4.597842514977737,-4.376552692330876,-1.8597844354618913,4.325522312079813,17.260100100000006,18.758392441274466,15.761807758725546,17.361340114991105,-6.663339687120384,-14.118434986183342,2.2090945823247927
LSE:URNU,1D,1718694000,2024-06-18,16.243999,16.525999,16.124001,16.507,6862.0,113271.03400000001,2.464301523010464,-1.808345618443539,-6.41229164304343,-1.6738146294972527,1.8082384305442265,1.8252049230810032,2.2771927842861763,2.474747751461934,-5.6354801971684525,-36.94636605219536,-29.156221208446105,-76.09600070812762,-36.265306894937325,44.20600253613925,-0.23790021566266972,-0.09808120946974339,-0.13981900619292634,16.850277173094472,16.833987015772355,16.41710604804952,15.452648113449111,-2.0372197416585855,-1.9424216940763201,0.5475627171279861,6.8231145808157105,17.155600100000008,18.554589243460843,15.756610956539173,16.309416578914472,-3.780690248194852,-11.035486782238896,4.762375903870419
LSE:URNU,1D,1718780400,2024-06-19,16.57,16.690001,16.538,16.570999,2644.0,43813.721356,0.3877082449869693,-1.1984260194625607,-6.415552808744978,-6.873114146728445,1.8217747458475426,1.8250892453523393,1.9868058383901581,0.9173264936632378,-61.31957146608198,-73.7666839119762,-0.025342071241100012,-85.39402739375667,-74.10293832917866,45.22692399419308,-0.2276352066171583,-0.12399200889922637,-0.10364319771793193,16.82367925184738,16.82367376025187,16.420153433236656,15.46377598296703,-1.5019321758623856,-1.501900024053297,0.9186611280867322,7.160107714005615,17.06095000000001,18.34442386572592,15.7774761342741,15.045749102200157,-2.8717685709178458,-9.667378374522425,5.029466430325296
LSE:URNU,1D,1718866800,2024-06-20,16.6,16.6,16.495001,16.495001,3699.0,61015.00869899999,-0.45862050924028186,1.8650032813559365,-7.399084937966656,-3.0675148381030795,1.2635033526945465,1.801627568744434,1.8326072551147399,0.6325240963855598,39.260046420695986,-90.8401729108874,-63.65335475228551,20.23918934066288,-64.00856849638049,44.19280601181734,-0.22306120572261534,-0.14380584826390416,-0.07925535745871118,16.792376561195248,16.810784632398857,16.421635563271575,15.474036928410145,-1.7708962165750914,-1.8784586163233523,0.44676083844237374,6.597916731834701,16.985350050000008,18.21396768289557,15.756732417104446,14.466792021110708,-2.886893991331132,-9.437628927550067,4.685416768860893
LSE:URNU,1D,1718953200,2024-06-21,16.459999,16.535999,16.16,16.362,9730.0,159202.25999999998,-0.8063109544522014,1.0499074265011947,-7.601084255703638,-6.051906293063861,1.31851636745224,1.8029941778029372,1.7797649989619697,2.2843197013559977,160.92311284487158,-52.18055545645364,-63.224876255082286,76.98256568605782,-7.351545955384872,42.367066317302864,-0.22754534512748847,-0.16055374763662103,-0.06699159749086744,16.75138831727189,16.793185235049883,16.420454661028575,15.482872381858801,-2.3245137053530267,-2.5676203115412357,-0.3559868605058187,5.678065390316505,16.923350100000008,18.146373887226396,15.700326312773617,14.45368417009099,-3.3170152285628656,-9.833225625767884,4.214394491202712
LSE:URNU,1D,1719212400,2024-06-24,16.290001,16.294001,16.177999,16.261,5163.0,83955.54299999999,-0.6172839506172785,-1.208985492647968,-3.7411945776357154,-5.486777099680321,1.182678956505926,1.4124933015380703,1.7715958787293946,0.712105542534968,-47.264854782840395,-49.41907894670186,35.49187906097785,-50.7646282076127,-50.30726544990418,40.98242871022613,-0.2365224304717337,-0.17574748420364356,-0.06077494626809016,16.7046846680079,16.77231522583224,16.417297142988406,15.49061494522339,-2.6560493467896866,-3.0485667538893404,-0.9520272528852871,4.973237392452011,16.848550100000008,18.041091136594247,15.656009063405769,14.15600784063002,-3.4872442822246663,-9.86687070708013,3.864273034999268
LSE:URNU,1D,1719298800,2024-06-25,16.142,16.143999,15.826,15.864,8346.0,132400.94400000002,-2.4414242666502584,-2.9190380025702236,-7.016006856807524,-7.778165329612841,1.4259952508891152,1.4701805290762224,1.8173805967997094,1.9700099120307297,57.703636077965726,-55.59124643296526,-19.92112199225214,169.40267138923744,-22.899208026054655,36.00178394101484,-0.27252986280159064,-0.19510395992323298,-0.07742590287835766,16.62461946153096,16.736695020897642,16.406340763919328,15.494330219400272,-4.575259381371201,-5.214261356904594,-3.305677796916409,2.3858390479949216,16.74360015000001,17.894062954996777,15.59313734500324,13.742119910773996,-5.253351382737172,-11.344896685019746,1.737063228546223
LSE:URNU,1D,1719385200,2024-06-26,15.916,16.048,15.786,15.988,3839.0,61377.932,0.7816439737770976,-0.7572997667722113,-6.573955088298078,-7.289074671552638,1.4126023361045006,1.4939343472023845,1.8247761357307934,1.646142246795669,-53.6423758428792,-48.86690025562186,-21.84297528524217,-57.68934351689141,-63.66770709543436,38.515239569905845,-0.2877433227432,-0.2136318324872264,-0.07411149025597363,16.563989036623248,16.70733443184283,16.398056788396172,15.499242356520668,-3.477357026436852,-4.305500885119281,-2.5006425681263806,3.1534292595515616,16.661100150000006,17.779373714330955,15.542826585669058,13.42376618906463,-4.039950207009629,-10.075572644536008,2.864172818742021
LSE:URNU,1D,1719471600,2024-06-27,16.007999,16.137699,16.007999,16.087999,36674.0,590011.275326,0.625462847135354,-2.538323135639435,-4.3007670988776985,-8.330484805155828,1.0310179410027571,1.4730254058571708,1.7942127149685663,0.8102199406684102,861.2759115540092,420.88451432870283,228.43661495562034,508.2662927909742,218.2907147820662,40.54321835404722,-0.2884064458000921,-0.22858675514979954,-0.05981969065029258,16.518656652182937,16.683046767848996,16.39191703021011,15.505100631580163,-2.6070985144305046,-3.56678115292317,-1.8540725264164777,3.759397518727567,16.580150050000007,17.615153121464573,15.54514697853544,12.4848456539097,-2.968314813290892,-8.669547808833359,3.4920996386468626
LSE:URNU,1D,1719558000,2024-06-28,16.402,16.472,16.226,16.257,32091.0,521703.38700000005,1.0504786828989827,-1.894870671345759,-3.0705880676477473,-7.044427926124988,1.1218789990817377,1.5138785215961734,1.8097689399794723,1.499817095476175,-11.577386938623778,1090.7305995786094,212.36812194427753,2771.0657010805803,158.07342486605452,43.91032700735039,-0.27215774226004896,-0.2373009525718494,-0.03485678968819955,16.493736971022656,16.66633905146276,16.389245405849515,15.512582217335584,-1.4353143343959636,-2.45608258777642,-0.8069035673986145,4.7987999176082825,16.50235005000001,17.376376015896014,15.628324084104007,10.592745436229588,-1.4867582450780061,-6.441941719447142,4.022670073340994
LSE:URNU,1D,1719817200,2024-07-01,16.138,16.16,15.97,16.0,22704.0,363264.0,-1.5808574767792423,-3.000915246989064,-1.1918791334601837,-10.036547652516166,1.2142498255187062,1.2874877361163628,1.7893268172919765,1.1773453959598432,-30.369629745186998,495.3682671620331,-45.465296184511864,193.84696045134123,72.86670770237119,40.18355659641285,-0.27682718829266406,-0.24520619971601235,-0.031620988576651715,16.44671440235383,16.64020810826814,16.381537576030713,15.5174321455213,-2.7161315714821264,-3.8473563798161616,-2.329070603170818,3.1098434969988333,16.416950050000008,17.120158058501953,15.713742041498062,8.566853238393639,-2.5397534178402856,-6.5429189069062215,1.8217045802709892
LSE:URNU,1D,1719903600,2024-07-02,15.964,16.002001,15.8,15.898,6642.0,105594.516,-0.637500000000002,-2.835839139469494,-1.8157053986972174,-14.513093509705874,1.2081359143133954,1.2952389428581375,1.5407170193037227,1.2653532949135504,-70.93174220401691,-33.67272801278071,-68.2826669548245,-71.02449311550654,-47.59924701264083,38.776891565123,-0.28546761252571073,-0.253258482277952,-0.03220913024775873,16.394455887843943,16.6111019079439,16.371962574525153,15.521218890341983,-3.028193745740914,-4.292923563384292,-2.8949649278006593,2.4275226856859016,16.367200050000008,17.069438167109105,15.664961932890913,8.581041533846173,-2.8667093245433155,-6.862781045519914,1.4876388982458284
LSE:URNU,1D,1719990000,2024-07-03,16.084,16.483999,16.084,16.444,10160.0,167071.03999999998,3.4343942634293585,1.12539204230982,-0.09719927686508828,-10.94021279569905,1.7948301888035674,1.5295212334290111,1.6946075244391565,2.486937329022638,58.21942874381845,98.99941567884326,0.6557373410403203,-23.25297387653116,-16.391756897001407,49.05712396335896,-0.24542842795016995,-0.2516924714123956,0.0062640434622256436,16.399174374715948,16.604548891946102,16.373389058197922,15.530400791930619,0.27334074423382654,-0.9668970412317315,0.431254284321319,5.882650552998435,16.336350000000007,16.964234675399076,15.708465324600938,7.686964045200657,0.6589599267889855,-3.0666557339807556,4.682409517415707
LSE:URNU,1D,1720076400,2024-07-04,16.5,16.521999,16.392,16.466,359.0,5911.294000000001,0.1337873996594625,3.7947554210791745,0.7649470656630561,-8.557783084356085,1.4517598375938887,1.5162662415510724,1.650773491519944,0.7878727272727365,-96.46180810270889,-95.53530826789272,-98.0172860511607,-97.4274934666001,-96.9270189630831,49.42562002051144,-0.20950680552830647,-0.24325533823557777,0.033748532707271295,16.405538719981095,16.59911560206586,16.375222938233605,15.53971023678703,0.36854187510018943,-0.8019439424187957,0.554356188668707,5.960791733556089,16.30399995000001,16.826281035240914,15.781718864759103,6.406784676675679,0.9936215069725416,-2.141180421783883,4.335910055836259
LSE:URNU,1D,1720162800,2024-07-05,16.506001,16.506001,16.198,16.301001,15931.0,259691.246931,-1.0020587878051843,1.957724543407555,1.1855989332340757,-7.391194602385785,1.5414397264234365,1.4910777919734723,1.6161036100778432,1.8659940708836795,4293.137051396868,323.1019822091758,116.34515858345888,39.56587633992924,33.29973882628393,46.69736433346939,-0.19213785570458342,-0.2330318417293789,0.04089398602479549,16.395582746649563,16.587424833357396,16.373753196882443,15.547285269256811,-0.5768733451629896,-1.7267528639008312,-0.4443220562057577,4.8478928487508055,16.278499950000008,16.74622670548936,15.810773194510656,5.7465584289214755,0.13822557403387647,-2.6586628338395566,3.1005934969679148
LSE:URNU,1D,1720422000,2024-07-08,16.354,16.398001,16.274,16.320999,11760.0,191934.94824,0.12267958268330315,1.4482845256268386,-1.126800751196468,-8.086957256293298,1.5357966195090986,1.3395933889229625,1.6042303593595872,0.7582304023480483,-26.091098368441685,-67.46927452633005,69.44751139112932,95.42530874452918,-3.0345349611798427,47.078652888143736,-0.17474481688879706,-0.22137443676126253,0.04662961987246547,16.388479532682936,16.576976761461026,16.372708559320415,15.554983913343808,-0.4117559078519873,-1.544176390812921,-0.315827763824564,4.924563669905621,16.25594995000001,16.666300140910746,15.845599759089271,5.048615333744147,0.40015532897228073,-2.0718524087006878,3.000197203883261
LSE:URNU,1D,1720508400,2024-07-09,16.282,16.416,16.25,16.281,2367.0,38537.127,-0.24507690981417052,0.14762871378481487,-1.7500393307609374,-9.363686987902193,1.5019253642708055,1.333983774506686,1.582220287209701,1.0195307701756564,-79.92177695965391,-92.61321126903093,-12.043246254126748,1.8206705741032467,-80.53331661713152,46.364262352024326,-0.16231720166971542,-0.20956298974295312,0.047245788073237704,16.378243386713134,16.565369829639025,16.370892548244765,15.562207954007054,-0.5937351425124372,-1.7166524657374491,-0.549099861109307,4.618830747650214,16.260349900000005,16.669791993440402,15.850907806559608,5.036079739469775,0.12699665214457587,-2.3323146059254585,2.7133600087081775
LSE:URNU,1D,1720594800,2024-07-10,16.290001,17.052,16.167999,16.997999,47844.0,813252.264156,4.403900251827291,6.2374937500000005,3.0493966020371968,-3.6285349812904046,1.9706257577136772,1.7636814882485374,1.7686694565551278,5.426647917332856,2010.3084933030946,123.87361922899048,1232.8724874365687,408.6372170275944,270.0919220658694,58.516173251263304,-0.0935341959947138,-0.18635723099330526,0.09282303499859146,16.437267730835693,16.582335679457103,16.38331049778447,15.576494432076636,3.4113410960168076,2.5066632866311997,3.7519187730627075,9.125959464897718,16.300649900000007,16.819337992904476,15.781961807095538,6.364017337793001,4.27804476679174,1.0622356668906665,7.705234670874278
LSE:URNU,1D,1720681200,2024-07-11,16.76,17.316,16.76,17.18,7593.0,130447.73999999999,1.0707201477067956,8.063907409737075,4.999388827771675,-2.9762295715689064,1.8699046989168344,1.7510962095443332,1.7792302764660735,3.3174224343675256,-83.95974462667132,23.536472291799686,-18.06162801960223,197.65716721740495,-41.406233538974206,60.93559426485786,-0.0240598616796035,-0.15389775713056492,0.12983789545096142,16.50800413742277,16.60577349594898,16.399086527531313,15.592449711359455,4.070727490634988,3.45799311420876,4.761932752520476,10.181532203268727,16.336649950000005,16.97963223269579,15.69366766730422,7.871654037562135,5.162319401965236,1.1800477451943001,9.470904852868559
LSE:URNU,1D,1720767600,2024-07-12,16.806,17.336,16.806,17.306,9242.0,159942.052,0.7334109429569338,5.242033568474835,6.42641903941948,-2.8462358951327564,1.6163056825576172,1.7314612275840515,1.7811195610844845,3.1536356063310573,22.610059783327795,-4.267039937023187,90.50803113738424,-4.722507655222524,-28.07277267295935,62.56342843311272,0.04069706533855921,-0.11497879263674009,0.15567585797529931,16.584003743382507,16.63323335885294,16.417045210154456,15.60949996298772,4.353570270421528,4.044713536042491,5.414828176849383,10.86838169726716,16.38489995000001,17.15434006148388,15.615459838516138,9.392063593087368,5.621639758624172,0.8840907780337153,10.826067108917794
LSE:URNU,1D,1721026800,2024-07-15,17.403999,17.406,17.098,17.252001,20248.0,349318.51624799997,-0.31202473130706704,4.773478683347497,8.749375945537059,-2.5751016489722076,1.647627608708969,1.5543115430348708,1.7791712590758169,1.7697082147614456,118.40317282411756,5809.340936992813,163.83385623594944,-19.308735558080315,59.08471131862435,61.38290068114404,0.08666115271360297,-0.07465080356667148,0.16131195628027445,16.64762252972703,16.65749875654498,16.4335789881712,15.62584325688834,3.630419113562635,3.568976664167118,4.980181203485234,10.406847914558476,16.441999950000003,17.287136273205157,15.59686362679485,10.280213183009446,4.926414380630117,-0.20324519139480532,10.611988492107374
LSE:URNU,1D,1721113200,2024-07-16,17.054001,17.177999,16.813999,16.879999,10358.0,174843.029642,-2.156283204481604,3.551916842407421,5.579178133600212,-0.07696087136683331,1.8528513844513466,1.7080704308149552,1.6184241402670099,2.134396497338078,-49.9473914180176,-32.672728977863535,184.86301826200335,182.17089402791228,-21.71540977248328,53.84507806682435,0.09200993737822216,-0.04131865537769275,0.1333285927559149,16.66975362213398,16.666224256288316,16.442418988405432,15.638322418511342,1.2612386639407644,1.282682510593399,2.6612873197254863,7.939960235241516,16.460649900000003,17.326899145033277,15.59440065496673,10.525091661578603,2.5475853173938043,-2.5792274849212045,8.243974061445032
LSE:URNU,1D,1721199600,2024-07-17,16.969999,17.1,16.278,16.284,35136.0,572154.624,-3.5307999722038046,-0.2266956820474136,1.218305645096068,-4.554252121549034,2.340696226568026,1.9827089760557155,1.726928633444351,4.843842359684303,227.23902415298775,198.09819902343386,-3.0264932337324613,246.05116060852885,141.51390113106004,44.43114778249594,0.04760795456699185,-0.023533333388755826,0.07114128795574767,16.633015181930745,16.651235069767207,16.439281978734037,15.644747071063467,-2.098327802345169,-2.205452437783296,-0.9445788382662458,4.0860547379439245,16.446299950000004,17.31426868383824,15.578331216161766,10.555185500410827,-0.9868478046334357,-5.950402541690545,4.52980986247189
LSE:URNU,1D,1721286000,2024-07-18,16.434,16.438,15.965,15.965,8494.0,135606.71,-1.9589781380496136,-1.9409127203488665,-1.7961493510487887,-6.708355828413734,2.4404977186087957,2.0312100153030475,1.7550570974787019,2.878179384203474,-76.29894012706607,251.88588396846495,-74.0069331771465,72.6779746335702,-43.214672787642414,40.3634976209569,-0.013169757943995108,-0.021460618299803683,0.008290860355808574,16.56939468841353,16.62432389056065,16.42989025638287,15.647933667371293,-3.6476570193367794,-3.9660192793465496,-2.8295396325137556,2.026250490119642,16.419799900000005,17.312221483244407,15.527378316755604,10.870066488988108,-2.769826080523701,-7.781909933097335,2.8183874593443656
LSE:URNU,1D,1721372400,2024-07-19,15.77,15.876,15.618,15.673,4820.0,75543.86,-1.829000939555276,-7.7950292855059,-2.0437499999999997,-6.769382739314576,1.5573190091655835,2.045012834373245,1.7569843582406068,1.6360177552314465,-44.29194543544342,-90.71089459819703,-79.20414354298802,-57.94763473736629,-67.89956615834289,37.02234130999411,-0.08393098845323976,-0.0339546923304909,-0.04997629612274886,16.48402376570748,16.587017071322975,16.4149023305139,15.648183083616354,-4.920059429874716,-5.510436670998577,-4.519687754308274,0.15859295773212873,16.385349900000005,17.335372491668405,15.435327308331603,11.596000054517003,-4.347480550293311,-9.58948238618675,1.5397969017482858
LSE:URNU,1D,1721631600,2024-07-22,15.714,15.838,15.618,15.618,9359.0,146168.862,-0.3509219677151772,-9.091967403958087,-1.7612278273996689,-6.880509592207826,1.3321375760310876,2.0412275338566355,1.7571456547575381,1.4000254550082656,93.4887388597829,12.051662987798794,38.42467159942282,-12.481892877432532,-37.70533430970833,36.410970391212636,-0.14280168485275269,-0.05572409083494326,-0.08707759401780943,16.401545311830578,16.54901640185933,16.399122086345308,15.647882754426142,-4.777265171870114,-5.625811101104033,-4.763194530978626,-0.1909699535401308,16.353199900000007,17.359719164077926,15.346680635922086,12.309753078697703,-4.495755598266774,-10.03310680095578,1.7679351679661293
LSE:URNU,1D,1721718000,2024-07-23,15.544,15.7,15.538,15.7,1426.0,22388.2,0.5250352157766613,-9.280018490696877,-4.524446606665044,-3.0445313997078096,1.2869559700692876,1.804573908201111,1.6555281359830956,1.042202779207405,-84.68333152925553,-86.00230538495279,-86.59959260443941,-96.63899022209218,-89.49815472007913,38.05342745353766,-0.18075676966886434,-0.08073062660172747,-0.10002614306713686,16.334731472608617,16.515721641002102,16.385278084635498,15.648401333984092,-3.8857784327399933,-4.939061451465638,-4.182279245404357,0.3297376192918138,16.344999900000005,17.36983295098952,15.320166849010493,12.540019054873325,-3.9461603178107407,-9.613408233119438,2.47930165991658
LSE:URNU,1D,1721804400,2024-07-24,15.412,15.568,15.358,15.36,5230.0,80332.8,-2.1656050955414003,-10.966849584578627,-6.716871128385773,-5.138334062397112,1.2308229440790264,1.8601308694469445,1.6967771264291516,1.362574617181411,258.81759140976055,-77.00299404026799,1258.9714874611211,-75.87050664589937,-60.76806371170754,34.11837997282571,-0.23555626039751232,-0.11169575336088444,-0.12386050703662788,16.24189990378875,16.4703992237079,16.36497554830608,15.645531668969324,-5.429782901094154,-6.741786939259888,-6.141014664761324,-1.825004576454479,16.313599900000003,17.41582225382915,15.211377546170857,13.512926154688218,-5.8454290030737095,-11.80433644686023,0.9770479588586327
LSE:URNU,1D,1721890800,2024-07-25,15.162,15.2,14.8,14.892,17944.0,267222.048,-3.046875,-11.777245958367663,-8.64364709872725,-9.52611844022591,1.3205701393925855,1.9724197845093818,1.738401451636145,2.6381743833267284,232.64376195028683,52.835402444781884,2.8999056217712806,60.99398360854684,28.386688354569877,29.583576291470493,-0.3131392658356553,-0.1519844558558386,-0.1611548099798167,16.11333800818982,16.408501214935043,16.335807715666355,15.638033841417391,-7.579671000317005,-9.24216779503738,-8.838300136709595,-4.7706370825309135,16.25379995,17.516574705497064,14.991025194502939,15.53820964182671,-8.378348165900748,-14.983378597834077,-0.6605631917639015
LSE:URNU,1D,1721977200,2024-07-26,15.074,15.2931,15.074,15.143,2033.0,30785.719,1.685468708031166,-7.006877916973705,-7.217689309337007,-7.3312526773147315,1.563473962320268,2.0540669535404614,1.7731155445003386,1.4534960859758588,-88.47934920399982,-94.61933580388227,-83.96033693587432,-89.67412642877396,-84.5473834807497,34.603929724640636,-0.35033234114091805,-0.1916540329128545,-0.15867830822806356,16.020924864552697,16.35887371631014,16.312187760900684,15.633108131552541,-5.479863815447759,-7.432502612315462,-7.1675717447487655,-3.1350651925917914,16.198099950000003,17.550491676106155,14.845708223893851,16.698152626304193,-6.513726630017505,-13.717516982067213,2.002543574362217
LSE:URNU,1D,1722236400,2024-07-29,15.294,15.29564,14.988,15.012,5585.0,83842.02,-0.8650861784322804,-5.969307860945816,-7.7943615257048,-6.815648242355789,1.5157650368002011,2.0545044374847574,1.7636995782904685,2.0115077808290898,172.340626509324,-38.17266122008269,117.56167759988958,-30.152381617709977,-57.65984877207053,33.27070136894628,-0.38592996605369123,-0.23050921954102183,-0.1554207465126694,15.924836782214346,16.306055139199938,16.28644146860562,15.626927951139082,-5.732157853158326,-7.9360404963246705,-7.825168383543346,-3.9350533454930177,16.14869995,17.59532355034692,14.702076349653083,17.916285581204544,-7.038956408376394,-14.68187580043667,2.1080263969261064
LSE:URNU,1D,1722322800,2024-07-30,14.954,15.102,14.954,15.02,5463.0,82054.26,0.053290700772709296,-4.1664008166911275,-11.636657938384397,-9.008299509299096,1.4873902957662595,1.5469872314397541,1.6930921349111272,0.9897017520395859,-2.1322959537473087,8.618039904235756,-89.91035578792312,-27.55936173408642,-58.34377031979569,33.43935667384493,-0.40878360419271687,-0.26616409647136086,-0.142619507721356,15.838661850574884,16.255621604329352,16.26136341972234,15.620888867048146,-5.1687564157774455,-7.601195662676291,-7.633821271202709,-3.846700864223583,16.10479995,17.630327276376324,14.579272623623677,18.945001876615343,-6.7358796965373084,-14.805892343666361,3.022972323476451
LSE:URNU,1D,1722409200,2024-07-31,15.426,15.504,15.314,15.45,5609.0,86659.05,2.862849533954725,-1.0756819054936677,-10.069848661233996,-6.764824498510929,1.923824387092783,1.7613803925940548,1.7825333376400412,1.2316867626085797,5.611884136180143,-40.71305693000469,-33.567994355440725,97.78975014669146,-56.32274785478266,41.93439859597048,-0.3877283793250843,-0.2904769530421055,-0.09725142628297878,15.80164643623442,16.224028600238004,16.2452968173516,15.61918848031135,-2.225378460741071,-4.770877932418398,-4.895551163473637,-1.083209159839637,16.05509995,17.597855447038008,14.51234445296199,19.218260887102215,-3.7688955651752245,-12.205211331017756,6.461089385503334
LSE:URNU,1D,1722495600,2024-08-01,15.604,15.604,14.6,14.659,133864.0,1962312.3760000002,-5.1197411003236155,-6.630573248407634,-15.295273315613084,-11.13065103785079,2.5567339541858805,2.0354411847485134,1.9880764666499706,6.4342476288131225,2164.4055941070205,8664.940352507125,1126.8895837349894,3116.114228026262,649.591253162267,33.4715503154231,-0.42991327859602535,-0.3183642181528895,-0.11154906044313584,15.692822966116855,16.162654929640436,16.213884999186224,15.609634366079396,-6.58787120933584,-9.303266921097883,-9.589836114319688,-6.090048900473779,15.964749950000002,17.608980249410813,14.320519650589189,20.598259347128852,-8.178956476546634,-16.75270349348888,2.3636038193410522
LSE:URNU,1D,1722582000,2024-08-02,14.134,14.456,13.542,13.636,45904.0,625946.944,-6.978647929599573,-11.223958333333336,-20.95989329005952,-16.660554944383325,3.3250231489592115,2.5070638370545315,2.3148314822786884,6.4666761001839514,-68.10156468176909,679.1922402804333,79.19088593506068,293.1771722336103,125.69458143441257,26.127603190871568,-0.5396716665878358,-0.3626257078398788,-0.17704595874795703,15.496935064581917,16.063570422595713,16.162837771479566,15.589996213183083,-12.008407190368022,-15.112271797190171,-15.633627010340629,-12.533654187361263,15.8314999,17.753601168508105,13.909398631491896,24.28198566969772,-13.867921004755852,-23.193047593138658,-1.96556759019691
LSE:URNU,1D,1722841200,2024-08-05,13.334,13.6,12.432,12.75,16343.0,208373.25,-6.497506600175999,-14.383561643835613,-24.466820169835323,-21.591538035791153,3.7297223092228653,2.803446377106328,2.5471153251309886,8.7595620218989,-66.7107169389743,-22.02243356805648,19.177327472908026,148.19474992854256,-25.974831602037874,21.689087449295712,-0.6901926638282809,-0.4281390990375592,-0.2620535647907217,15.235322201288401,15.933626484454704,16.095256825509672,15.561737544395191,-16.312895575508247,-19.98055174420425,-20.784115853359435,-18.068275064874637,15.652949950000002,17.9806439592676,13.325255940732402,29.74128220818336,-18.54570518191685,-29.090415065872076,-4.31703483438521
LSE:URNU,1D,1722927600,2024-08-06,13.238,13.448,13.042,13.244,13963.0,184925.972,3.8745098039215673,-12.540447731625179,-18.66863178580201,-16.5153807362582,4.108456688447301,3.133357275920454,2.6591913638149043,3.066928539054242,-11.252537453823845,500.6875200803333,-67.67902167649002,39.67118844711559,-34.71063386385003,28.937707213802682,-0.7608493692009564,-0.49468115307023863,-0.2661682161307177,15.045672467832363,15.828150936044716,16.03879629431146,15.538675479276831,-11.974688879372707,-16.326297029174448,-17.425224705314708,-14.767510154498867,15.501099950000002,18.03243246668766,12.969767433312345,32.660037350286956,-14.56090185393587,-26.554556494436365,2.11439848939233
LSE:URNU,1D,1723014000,2024-08-07,13.534,13.732,13.396,13.64,11631.0,158646.84,2.9900332225913684,-9.13935518252065,-14.563106796116502,-14.686014510883155,4.442981651367283,3.3253439152009143,2.7251708892715594,2.4826363233338147,-14.210622616059581,89.22115664675061,16.990405563264535,158.47537515600882,-44.62257294085121,34.19592694273696,-0.7759467951288244,-0.5509342814819558,-0.22501251364686858,14.911798899467376,15.742341095415512,15.99129537759242,15.519783185950693,-8.528809354536039,-13.35469154602269,-14.70359543784764,-12.112174270916164,15.333200000000001,17.890440698252743,12.77595930174726,33.35560350419666,-11.042704719171475,-23.758166553537492,6.763020121194129
LSE:URNU,1D,1723100400,2024-08-08,13.418,13.508,13.2214,13.478,7925.0,106813.15,-1.1876832844574838,-10.266311584553927,-14.004976711542144,-16.223266796573025,4.411718066654367,3.3188677789125305,2.7198547133984126,2.135936801311671,-32.67237469085423,30.173802067071232,41.3922322740723,-81.89642224362875,-60.49462723118022,33.116367115789984,-0.7918556411392199,-0.5991185534134086,-0.19273708772581133,14.775246623327627,15.653543405399217,15.941527152293562,15.499466935344218,-8.779864434069703,-13.89808907195306,-15.45352041092955,-13.04217070030044,15.1481,17.679631415724575,12.616568584275424,33.42374840045386,-11.025145067698258,-23.765379022481035,6.827778963594075
LSE:URNU,1D,1723186800,2024-08-09,13.564,13.616,13.434,13.489,2598.0,35044.422,0.08161448286096609,-12.692556634304196,-13.63170700473812,-17.026511656517197,4.122368866801498,3.3269166252190256,2.7063681004266074,1.3417870834562104,-67.190910482464,-59.56057445817835,-76.02470080118707,-93.28269225900195,-86.21135957725208,33.27041407087839,-0.7944183479434983,-0.6381785123194266,-0.15623983562407173,14.652746944915473,15.568659350285522,15.892962258188739,15.47946228922139,-7.942175957111536,-13.35798608919644,-15.125954615226705,-12.858730180875735,14.957249999999998,17.382569050929305,12.531930949070693,32.43001288243904,-9.8163098163098,-22.399272739958693,7.637043762998704
LSE:URNU,1D,1723446000,2024-08-12,13.65,13.856,13.572,13.682,5059.0,69217.238,1.4307954629698243,-6.664847533938197,-12.85350318471337,-14.487499999999997,4.012289241718756,3.3642478054124862,2.7232992200927573,2.0805860805860856,97.51285382877765,-96.47266975194371,209.16839227807506,-80.94574799594784,-71.67322995323325,36.05333256824133,-0.7719769547224242,-0.6649382008000261,-0.10703875392239814,14.560294854923523,15.494672709097854,15.849180827333516,15.461577092313714,-6.03212272604857,-11.69868343223232,-13.673771855741549,-11.509673830093181,14.778749949999996,17.020802471574978,12.536697428425015,30.341571907778057,-7.421127996011573,-19.616010920465314,9.135600329463085
LSE:URNU,1D,1723532400,2024-08-13,13.698,13.826,13.692,13.726,2256.0,30965.856000000003,0.3215904107586645,0.6600176004693579,-10.638020833333323,-13.662095861114597,3.1530227575527214,3.3594573484463437,2.726921565093792,0.9782449992699689,-55.26279739737665,-95.05295835424671,-61.45303537284895,-70.67474981371191,-87.19705569748449,36.701453201948325,-0.7420872369028082,-0.6803680080205825,-0.061719228882225696,14.480838202073663,15.425312995015585,15.807137642633842,15.444307668509598,-5.212669263617412,-11.016392312847632,-13.165809583518465,-11.125831635775855,14.621049999999997,16.686462644001328,12.555637355998666,28.252589848216523,-6.12165336962801,-17.741703002976447,9.321411656112977
LSE:URNU,1D,1723618800,2024-08-14,13.782,13.974,13.7482,13.904,2836.0,39431.744,1.296808975666611,9.050980392156863,-6.634434595756108,-15.446363415227435,1.6088833385946817,3.332786736216479,2.651354279296222,1.6383688869539947,27.33942830451706,-81.07638864393581,-85.24382838350223,-76.39821718952608,-83.40487957020493,39.37826774434822,-0.6960131020082052,-0.6834970268181071,-0.01251607519009812,14.4259012304476,15.365653661877719,15.7694517487203,15.428981224046817,-3.617806763753969,-9.512473039165856,-11.829528245150835,-9.883875039461838,14.50205,16.44087360982118,12.563226390178821,26.73861433136941,-4.12389972452171,-15.430284728335497,10.672207665296197
LSE:URNU,1D,1723705200,2024-08-15,13.918,14.188,13.86,14.074,2908.0,40927.192,1.2226697353279625,6.266988825128362,-7.059367364458831,-14.526903923235764,1.2113345942754474,3.3138589779477345,2.6674873555618572,2.356660439718359,3.7924977398920117,-77.86833749885602,32.94213463067081,592.3558868836501,-82.85970701465342,41.90509856242712,-0.6384221062701751,-0.6744820427085207,0.0360599364383456,14.39238682754783,15.3150005770982,15.735878446765442,15.415498823807544,-2.212189203658837,-8.103170292751878,-10.561078317855502,-8.70227320659742,14.407499999999999,16.232843529311754,12.582156470688243,25.33879617298984,-2.3147666146104395,-13.299232050216686,11.856819081746426
LSE:URNU,1D,1723791600,2024-08-16,14.114,14.256,13.92,13.924,10446.0,145450.104,-1.065795083132019,2.0821114369501386,-7.247535305089269,-14.581932729161847,1.0177287105137278,3.315990886191895,2.6679231162760217,2.380614992206322,255.38744998679599,-8.318310027479907,73.48115419929051,-43.99114112666027,-38.09833908208106,40.308585761532704,-0.5979913021304633,-0.6591838945929093,0.061192592462446016,14.34777855825756,15.260451534859055,15.699999665641373,15.400658039491052,-2.95361791748356,-8.757614621076142,-11.31210002206596,-9.588278862530032,14.32005,16.060091778234124,12.580008221765874,24.302174618581986,-2.765702633719859,-13.300619994769402,10.683552463095824
LSE:URNU,1D,1724050800,2024-08-19,13.924,14.205,13.896,14.205,7854.0,111566.07,2.018098247629996,5.393975367265176,-5.426098535286282,-12.964886524409444,0.9651730858630526,3.37660165064848,2.7038342010923317,2.2191898879632235,-23.295984717893354,4.449751739369182,35.966213088753726,-41.872977785944876,-51.97135082531014,44.569056197847544,-0.537084076070796,-0.6347639308884866,0.09767985481769059,14.334180600328267,15.219061278590072,15.670395711866297,15.388760944570743,-0.9012067304726759,-6.663100042948357,-9.351363799681433,-7.69237334204208,14.249400000000003,15.884481698264587,12.61431830173542,22.949481357314458,-0.31159206703442316,-10.573097254083358,12.610128111685128
LSE:URNU,1D,1724137200,2024-08-20,14.078,14.274,14.078,14.168,4578.0,64861.104,-0.2604716649067287,5.033731188375702,-8.297734627831716,-12.978318285117622,1.0059794032229588,3.2587871068911345,2.7038015337529844,1.392243216365959,-41.86305567633601,85.08253324880063,-25.153686775933963,68.30809416591953,-72.18268941184272,44.122490059357936,-0.48619569011441044,-0.6050502827336713,0.1188545926192609,14.31835387648748,15.177843189233599,15.64064530173033,15.376614069500388,-1.0500779473985522,-6.653403758644257,-9.415502195215769,-7.86007936492132,14.1728,15.666285533910614,12.679314466089387,21.07537725658463,-0.03386769022353556,-9.56375734801645,11.741056962441277
LSE:URNU,1D,1724223600,2024-08-21,14.2,14.274,14.1456,14.195,7419.0,105312.705,0.19057029926595867,3.749451834527115,-3.1652909475407625,-16.490170401822002,0.9719091901529956,3.0054612883552303,2.5546290907295175,0.9042253521126703,62.3665008847213,52.148089179750286,-94.63323442852301,-87.0504258467335,-49.748231937913246,44.559035894218916,-0.4386313342783321,-0.5717664930426035,0.1331351587642714,14.306605888250576,15.139300319067575,15.612018662092106,15.36485671557501,-0.780100389444805,-6.237410574901215,-9.076460211598395,-7.613847217912241,14.114550000000003,15.505641869719556,12.72345813028045,19.71145902235002,0.5699792058549314,-8.452677294701767,11.565581107367658
LSE:URNU,1D,1724310000,2024-08-22,14.23,14.258,13.924,13.993,13321.0,186400.753,-1.4230362803804153,1.945213463499923,2.61806981519508,-18.550640279394642,1.1925402528124176,2.3846610584101033,2.540565950918988,2.3471539002108197,76.99740311484734,501.9557573347883,-70.22099799563843,42.89304897118188,-11.840266059967167,41.9203368666634,-0.41248112575401485,-0.5399094195848858,0.12742829383087095,14.276738660798141,15.09434736537865,15.579958886605134,15.35120639999715,-1.9874193087056111,-7.2964225528873845,-10.185899065301905,-8.847554808444249,14.069600000000003,15.414636713253513,12.724563286746493,19.11975767972806,-0.5444362313072344,-9.222641698919759,9.9684105825044
LSE:URNU,1D,1724396400,2024-08-23,14.01,14.924,13.754,14.902,199228.0,2968895.656,6.496105195454863,7.177790563866508,16.878431372549013,-13.891136022188846,2.4977511068095817,2.104086706281511,2.8382247364185806,8.351177730192719,1492.748746031085,7429.201995224965,1324.796923789402,1756.2320658484484,873.194513765058,54.87134691327599,-0.3147796105198193,-0.4948834577718725,0.1801038472520532,14.336287359769747,15.086804331442233,15.566533958157507,15.346736684574292,3.946019119411249,-1.2249402019292108,-4.268991157207892,-2.897923472038966,14.05755,15.367772649018168,12.747327350981834,18.640839250341156,6.007092274258305,-3.030840315352571,16.902936511253916
LSE:URNU,1D,1724742000,2024-08-27,14.79,14.79,14.472,14.718,4578.0,67379.004,-1.2347335928063299,4.575813556913459,11.129568106312295,-14.688157043348188,2.6152891543181176,2.0405984478792583,2.841488678026634,2.1501014198782937,-97.73050279271924,64.6313873671079,-63.56433697696071,-80.7112990391371,-77.21134372226052,52.32773912727648,-0.24932366997428268,-0.4457715002123545,0.19644783023807183,14.37264094455358,15.072341416483713,15.549731305520725,15.340480598160617,2.4028921113296913,-2.3509380970908156,-5.348846801136877,-4.057764645491323,14.042850000000001,15.315981144069625,12.769718855930378,18.132090623621604,4.807784744549707,-3.9042953790862036,15.2570402375368
LSE:URNU,1D,1724828400,2024-08-28,14.714,14.714,14.181,14.181,7693.0,109094.43299999999,-3.6485935589074656,1.845733984487214,3.9662756598240367,-15.989331515955671,2.9901058563665646,2.233441229033203,2.8830279512848773,3.6224004349599106,61.91161418770748,-24.99528704358988,-31.234411602525462,-37.604356763105514,-62.8269771265908,45.673345393661194,-0.2380368371255095,-0.4042245675949855,0.166187730469476,14.354389426024667,15.03738685113141,15.522627715312394,15.32894347778091,-1.2079192007311108,-5.6950510059331005,-8.643045107555713,-7.488731884521849,14.000900000000001,15.19533558218939,12.806464417810613,17.06226859972414,1.2863458777649843,-6.675308858451959,10.73313865049083
LSE:URNU,1D,1724914800,2024-08-29,14.08,14.21,14.042,14.113,3389.0,47828.956999999995,-0.47951484380508863,-0.6476592749032067,4.711381510609882,-13.332105133873739,2.9124568216615874,2.206976246712589,2.8289364767652065,1.1931818181818254,-56.15820561622975,-57.12947762702406,-55.22184581205592,-91.64055397024983,-82.67066210065921,44.89478601737708,-0.23190570783230413,-0.36976079564244924,0.1378550878101451,14.33139995687946,15.001136386381159,15.494714295207197,15.316844537703489,-1.5239261868106813,-5.920460713812704,-8.917326701755242,-7.85961191118798,13.934050000000003,14.929708470561065,12.93839152943894,14.291013317177168,1.284264086895029,-5.470357791456417,9.078473687308449
LSE:URNU,1D,1725001200,2024-08-30,14.136,14.19,14.065,14.065,2077.0,29213.004999999997,-0.34011195351803336,-0.7269904009034428,4.270146044925485,-11.901033510804888,2.913406782740166,2.213347753842324,2.8147644107755445,0.8842671194114318,-38.92192756785393,-54.96067257812942,-16.6400718493802,-78.45755198986835,-89.27779968870362,44.32047084493297,-0.22828837624552278,-0.34146631176306397,0.11317793551754118,14.30602853241475,14.964425155542681,15.466403121044678,15.304388373149225,-1.68480394030129,-6.010422359655715,-9.0609504360961,-8.098254846457435,13.904350000000003,14.845692929011497,12.963007070988509,13.540265154595415,1.155393815604446,-5.2587166711892905,8.501059383650071
LSE:URNU,1D,1725260400,2024-09-02,14.13,14.158,14.0,14.144,2617.0,37014.848,0.5616779239246401,-0.35928143712574956,3.376699312965939,-9.755630702481975,2.9209011594802465,2.1935101237061554,2.806484141307372,1.1181882519462099,26.70674584829599,-64.85243826943767,-46.523656433676244,-51.00217542497829,-86.34990461603121,45.554948780122906,-0.21655071330721043,-0.31648319207189324,0.09993247876468281,14.290597243613345,14.932251620031204,15.440216920627952,15.292842220182566,-1.0258300693405988,-5.278853049688676,-8.39506936522518,-7.512287144808133,13.929750000000004,14.868168856374833,12.991331143625175,13.473592223476071,1.5380749833988134,-4.870598816641367,8.872600071782777
LSE:URNU,1D,1725346800,2024-09-03,14.05,14.102,13.32,13.32,9058.0,120652.56,-5.825791855203619,-4.8095476309583365,-2.9578901355092566,-14.713791778716864,3.5613296928104767,2.6953396191941765,2.976596601412169,5.565836298932384,225.9571942589093,-35.27249323933793,289.63095352506963,-17.456728916723726,-55.36653569742889,36.47191132889032,-0.27061891797597326,-0.30731033725270923,0.03669141927673597,14.198159410888264,14.86902606630449,15.398232427150171,15.273211949334978,-6.185022899621921,-10.417804497732522,-13.496564862119047,-12.788481923869488,13.958250000000003,14.778846094311886,13.13765390568812,11.757864980379097,-4.5725646123260635,-9.871177255667948,1.3879654283854352
LSE:URNU,1D,1725433200,2024-09-04,13.15,13.492,13.104,13.394,3531.0,47294.214,0.5555555555555544,-10.119447054086695,-3.6680092059838882,-14.68789808917197,2.212326890074635,2.673036823961608,2.976946583863056,2.950570342205336,-60.8013174357842,-98.40700989593822,19.939442698755606,111.24616539069687,-82.55783824576463,37.67377594721349,-0.3039929368135965,-0.3066468571648867,0.0026539203512901954,14.121572800327478,14.81118190684157,15.358544656315514,15.254513322973436,-5.1522079772205345,-9.56832422797364,-12.79121622703804,-12.19647774781176,13.965750000000003,14.762492084993568,13.16900791500644,11.409943397147508,-4.093944113277147,-9.270061430784258,1.708496846882265
LSE:URNU,1D,1725519600,2024-09-05,13.256,14.958,13.142,13.158,3861.0,50803.038,-1.7619829774525957,-10.599266204647375,-6.508455307659516,-14.335937500000002,2.2114189880083615,2.6676164656620593,2.970217384835324,13.699456849728431,7.419140108766794,-24.60108493144244,24.130279937113684,-36.7592838790631,-81.19551571968206,35.37522597349161,-0.3455025762241153,-0.31441800097673245,-0.03108457524738284,14.02980396220105,14.746351243828176,15.314969514606297,15.233652493889123,-6.213942579310845,-10.771147503304947,-14.08406012528551,-13.625442058112835,13.941650000000001,14.802895673428974,13.080404326571028,12.355003510043263,-5.620927221670329,-11.111985855453561,0.5932207559620074
LSE:URNU,1D,1725606000,2024-09-06,13.09,13.09,12.572,12.572,15496.0,194815.712,-4.45356437148503,-11.346167407094,-9.709853490376332,-15.578834273435405,2.334408030730277,2.85976646974275,3.0211965039464443,3.9572192513369036,283.4725631959254,78.57530090467587,33.93989185459779,-27.095943819725537,-27.239952137231178,30.41331609671373,-0.4208334609335065,-0.33570109296808726,-0.08513236796541923,13.890965489610474,14.66108256759962,15.260653286594291,15.207168389472315,-9.495131858163312,-14.249169922938743,-17.618205696057174,-17.32846195940463,13.896350000000002,14.928691857138434,12.86400814286157,14.857741164239988,-9.530200376357838,-15.786325283494538,-2.2699623602431434
LSE:URNU,1D,1725865200,2024-09-09,12.754,12.932,12.692,12.838,6364.0,81701.03199999999,2.115812917594655,-9.034223765322755,-9.62337205209434,-15.221554513636674,2.6763233783331075,2.86646934377007,3.0326184653214887,1.8817625842872843,-58.06240104494241,70.81917968648156,-26.76892535517296,165.3861421914492,-69.6783807881993,34.87853269606583,-0.4538381887151264,-0.35932851211749506,-0.09450967659763132,13.790683062028524,14.589589133576105,15.212679954186484,15.183594574651694,-6.908164430605014,-12.005746820827486,-15.609872562480223,-15.448216580858636,13.863800000000001,14.982873652625255,12.744726347374748,16.14382279930832,-7.39912578081047,-14.315502502081351,0.7318607719220644
LSE:URNU,1D,1725951600,2024-09-10,13.068,13.068,12.878,12.99,137737.0,1789203.6300000001,1.1839850443994473,-7.643085673658012,-8.314511575381134,-13.469224620303757,2.8050205949255753,2.905413602524497,3.0467217594642015,1.4539332721150866,2089.940060977443,6024.681901091655,2658.5155349807183,2034.0177991894755,448.3417868419412,37.35235101834542,-0.4623992923763378,-0.3799426681692636,-0.08245662420707423,13.714427532311522,14.52686014794567,15.168666489747148,15.161767762963619,-5.2822294667768865,-10.579437898443633,-14.362940151790921,-14.323974597927164,13.829200000000004,15.009722020124897,12.64867797987511,17.07288953988507,-6.068319208631037,-13.456092107614467,2.6984797989794362
LSE:URNU,1D,1726038000,2024-09-11,13.134,13.688,13.134,13.688,7461.0,102126.168,5.373364126250965,-3.2239819004524857,-3.571680169073615,-8.868175765645798,3.6017598725029205,3.284904334497046,3.2198365340289707,4.218059996954471,-94.29208803919093,175.9059499582438,-3.0257859201318555,24.461750066358544,-68.7651804425053,47.26018545401449,-0.40815629048838176,-0.3855853926330872,-0.022570897855294536,13.71191062447233,14.493963671555642,15.139346361237303,15.147103407113235,-0.17437850294658686,-5.560685053580911,-9.586585355846811,-9.632887344177135,13.827300000000003,15.008602349104486,12.64599765089552,17.08652230159876,-1.0074273357777888,-8.798969540180275,8.239779714261545
LSE:URNU,1D,1726124400,2024-09-12,14.062,14.194,13.998,14.193,4995.0,70894.035,3.689362945645814,6.55405405405405,1.429286071607227,-8.135922330097085,3.0517601492295086,3.4110305102078597,3.2498075801010624,1.3938273360830715,-30.581910211298634,-41.2411680282623,-61.96687306300742,-18.19200072006328,-78.28248010036137,53.0460318892993,-0.32072195806347636,-0.37261270571916505,0.051890747655688685,13.75772866023687,14.48216117463189,15.120606829331614,15.137609840873303,3.163831403516252,-1.996671430079158,-6.134719590302432,-6.240151852261029,13.841750000000001,15.033475954236135,12.650024045763868,17.21929603173202,2.5376126573590656,-5.590696102449319,12.197415187940539
LSE:URNU,1D,1726210800,2024-09-13,14.188,14.222,13.912,13.996,21496.0,300858.016,-1.3880081730430436,4.4945497984172045,-6.07972084283988,-4.522818746162768,3.162117588170857,2.9361353142071205,3.129421596557352,2.184945023963904,324.3770523147681,536.1412751251137,-89.86633243940454,-84.66818944426817,10.995086933844286,50.7089575940449,-0.26427942459024933,-0.35094604949338193,0.0866666249031326,13.78042116878574,14.46309603052868,15.098337387166632,15.126250538974066,1.5643849238989298,-3.22957152149674,-7.301051492620654,-7.472113039922744,13.837850000000003,15.027017990655597,12.648682009344409,17.18717850902552,1.142879854890733,-6.861095070869851,10.651844908902284
LSE:URNU,1D,1726470000,2024-09-16,13.948,14.086,13.82,13.82,11960.0,165287.2,-1.2575021434695637,5.031159750722001,-6.101372469085471,1.3493693165151148,3.1109791394453645,2.9366014125822892,2.868134400861331,1.9070834528247778,-45.06139400985746,225.34904703927353,145.30965165350324,-73.59405592049667,-35.3589186248022,48.64687667417666,-0.2310862211614797,-0.3269740838270015,0.0958878626655218,13.784190581282337,14.437876578351085,15.07302377553957,15.113253021173328,0.25978615506295694,-4.279552986881478,-8.313021953650535,-8.557079136844393,13.832650000000005,15.021175014461022,12.644124985538987,17.18434305011718,-0.09145030055704631,-7.996544966053852,9.299773735279071
LSE:URNU,1D,1726556400,2024-09-17,14.054,14.096,13.974,14.016,2655.0,37212.48,1.418234442836467,11.485841552656705,-1.1635286651152892,9.929411764705883,2.2730972219795005,2.8246890045507524,2.6021172476893892,0.8680802618471601,-77.48616952794892,-80.89862485013528,-65.8896618491981,-82.14143130176258,-85.11468476637205,51.03488526167172,-0.1868113612539073,-0.29894153931238265,0.11213017805847536,13.806267668779258,14.421332398807905,15.052092611667499,15.10233508066414,1.5191095540978063,-2.8106445895485423,-6.883379197815861,-7.193159699224258,13.823200000000003,15.002703726149166,12.643696273850841,17.065566962051655,1.3947566410092922,-6.576839376154428,10.853659376390587
LSE:URNU,1D,1726642800,2024-09-18,13.956,13.956,13.726,13.726,5268.0,72308.568,-2.069063926940633,6.916965259386211,-2.742152625239132,3.6393838719420195,2.585273068915074,2.8714928054699604,2.5519940739318017,1.6480366867297123,94.31268219694037,-11.496138751344038,51.18156977581595,-60.89864110596645,-70.63500047229,47.51426150689768,-0.17312807943169162,-0.27377884733624447,0.10065076790455285,13.79862312889552,14.394064461599752,15.025833352030519,15.088640204239622,-0.5263070685903378,-4.641249616340144,-8.6506573151556,-9.030901299222084,13.801100000000005,14.970453479491837,12.631746520508173,16.94580112442967,-0.5441595235162731,-8.312730681115472,8.662725124473177
LSE:URNU,1D,1726729200,2024-09-19,14.196,14.357,14.196,14.357,3131.0,44951.767,4.597114964301315,10.523479599692063,2.0760753643796646,5.256598240469199,2.8803529397159147,3.1197932303861338,2.626783600450847,1.134122287968439,-37.833415536593115,-97.48761033980242,53.87587480302011,-71.66551379151328,-81.45942891716828,54.81783717793894,-0.11009840758315548,-0.24104275938562666,0.1309443518024712,13.851801878524517,14.392610953301723,15.012589127237835,15.081360202207387,3.647165371739315,-0.2474252477001376,-4.366929126491435,-4.803016389074551,13.809200000000004,14.991527636486413,12.626872363513595,17.12376729262244,3.966920603655498,-4.232574904121841,13.701949197536464
LSE:URNU,1D,1726815600,2024-09-20,14.2375,14.994,14.14646,14.803,65180.0,964859.54,3.1064985721251066,8.145821157218002,4.659219457013579,9.830835435524566,2.5306807677387084,3.2086933966362325,2.6637196677226593,5.952870939420547,2046.4329533475293,844.7720979798243,2506.682431871664,803.3153127681377,255.96794295292202,59.145237688818185,-0.023883155763554598,-0.19761083866121226,0.17372768289765766,13.942392175807896,14.408704641407539,15.00843884749055,15.078590448951593,6.172598025792059,2.7365080234856185,-1.3688222311336509,-1.827693708404643,13.849700000000004,15.107519080790125,12.591880919209883,18.16384587088703,6.883181585160665,-2.0156789421324204,17.559879218813812
LSE:URNU,1D,1727074800,2024-09-23,15.402,15.402,14.736,15.243,3824.0,58289.232,2.9723704654461898,7.398013105051791,14.436936936936936,13.003187782637701,2.438945907937273,2.762822425527508,2.7043029384750112,4.324113751460841,-93.9587857523801,-17.779779356613005,-51.68835870536025,66.32955738291248,-78.55651200705879,62.91852265458712,0.07903629401833889,-0.14228141212530204,0.22131770614364094,14.066259587635715,14.44142210645038,15.013083622787768,15.080226364882423,8.365695265560461,5.550546806547456,1.5314400624749158,1.079384560808924,13.866750000000005,15.188769648114032,12.544730351885978,19.067476490367632,9.924820163340327,0.35704242767748884,21.509188100710066
LSE:URNU,1D,1727161200,2024-09-24,15.644,15.897,15.556,15.897,6752.0,107336.544,4.290493997244636,13.582452129179764,18.68747200238913,16.189153632509864,2.4360840364116925,2.8841214290115995,2.786530144486577,2.179749424699572,84.14472161856582,-64.32318958056281,126.95491672617712,55.07198365817486,-60.69667030968219,67.69450844328966,0.21094143223471384,-0.07163684325329886,0.28257827548801273,14.240615817384695,14.498503592471934,15.03058691738603,15.088353465729364,11.631408387502598,9.645798261926894,5.76433300559795,5.359408739378618,13.925700000000003,15.47917778870501,12.372222211294995,22.310947222832713,14.155841358064567,2.6992532613707043,28.489447800954657
LSE:URNU,1D,1727247600,2024-09-25,15.772,15.824,15.708,15.771,2498.0,39395.958,-0.7926023778071299,14.117221418234447,19.858641130870964,14.898732332799067,2.3550272940985733,2.8213894294872484,2.796601581030113,0.7354805985290367,-63.296789209088,-76.16514890445238,-22.45353909740595,27.223862308214553,-85.58924397054555,65.93259864446475,0.3018307407263503,0.0030566735426309777,0.29877406718371935,14.386366691919486,14.548405412374995,15.045248562586307,15.095145968557928,9.624621266314822,8.403632927255769,4.823791606995793,4.477293779403174,14.005200000000006,15.753342740167232,12.257057259832779,24.96419530127704,12.608174106760305,0.11208579743362457,28.668730721220125
LSE:URNU,1D,1727334000,2024-09-26,16.13,16.288,15.968,16.176,62279.0,1007425.1039999999,2.5680045653414343,15.41095890410958,28.666878778237347,16.340621403912532,2.3535712060205594,2.3274413169312202,2.817858716157748,1.9838809671419735,2457.178845606445,2607.2237700900337,417.11696847120834,2454.8580960558074,229.60596638039954,68.74821941254135,0.40190833865311504,0.0828270065647278,0.31908133208838724,14.556807959355725,14.612232651105387,15.067639680158855,15.105900735039938,11.123263047539291,10.701768759316293,7.355898756330347,7.083981840803688,14.108350000000007,16.09671458176039,12.11998541823962,28.18706059546842,14.655505427636758,0.4925565265936155,33.46550710907949
LSE:URNU,1D,1727420400,2024-09-27,15.876,16.164,15.864,16.095,5253.0,84547.03499999999,-0.5007418397626083,17.259216086259638,25.369995326374823,14.359812420065362,1.9935127127113585,2.4019293388319913,2.8210294691875784,1.8896447467876085,-91.60761086215695,16.925334491480996,3.4834358028672114,106.57912470515932,-72.46915253618972,67.54582121095193,0.4692750226281799,0.1601166097774182,0.3091584128507617,14.703302439417085,14.670380390277725,15.087983448868581,15.115742518770885,9.465203931682767,9.710856650086527,6.674295173666381,6.478394825878133,14.209850000000007,16.37811301679462,12.041586983205393,30.51774672912963,13.266501757583587,-1.7286058320901192,33.661784135662266
LSE:URNU,1D,1727679600,2024-09-30,15.878,16.234,15.636,15.636,41289.0,645594.804,-2.851817334575953,8.908546353695062,20.36951501154734,12.295317437517953,2.433599896126571,2.6687108405206996,2.871581919402018,3.7662174077339876,663.5924831663228,1336.1944970928507,-63.9171979547124,343.8599810145203,99.3987286790684,61.031715648022086,0.48009194001459043,0.22411167582485264,0.2559802641897378,14.79213077852022,14.708247825953109,15.098835261762272,15.120919210126399,5.704852357749364,6.307700176290519,3.557656792230158,3.4064118901492026,14.284450000000007,16.539448312637795,12.029451687362217,31.57277056712422,9.461687359331243,-5.462384812118979,29.98098671801238
LSE:URNU,1D,1727766000,2024-10-01,16.192,16.192,15.814,15.969,31315.0,500069.235,2.129700690713739,7.876781733432403,16.664231443600226,12.418162618796194,2.3500644290818085,2.442125611483112,2.8737105338277282,2.3344861660079057,-22.54131664293878,-48.17181006470641,389.6582773966414,348.2269878288264,48.51150249985733,63.762168832409536,0.5096597021832654,0.2812212810965352,0.22843842108673018,14.904213561518294,14.757689087680438,15.116066246677871,15.129357824951011,7.144197404893037,8.20799859058388,5.642564271703835,5.549754224625902,14.416900000000007,16.73990545845232,12.093894541547694,32.22614374036459,10.765837315927776,-4.605196011206112,32.04183272096232
LSE:URNU,1D,1727852400,2024-10-02,16.058,16.316,16.014,16.273,17095.0,278186.935,1.9036883962677706,6.757200026241549,14.655111674769254,14.857425183512143,2.2574273477199767,2.3503747549536613,2.8825706546571976,1.8806825258438138,-44.37031604233761,377.25270252316926,292.3982250410771,328.8963922044867,-19.092130394065045,66.09760429799557,0.5512679522905355,0.33523061533533527,0.21603733695520022,15.034574174707027,14.817113045026304,15.138975825951576,15.140737349080853,8.237185908307282,9.825712677965951,7.490758866953562,7.478253038897627,14.560850000000006,16.967761820154493,12.153938179845518,33.06004553517805,11.758585522136368,-4.094599084537171,33.89075836328498
LSE:URNU,1D,1727938800,2024-10-03,16.314,16.862,16.2049,16.434,103045.0,1693441.53,0.9893688932587806,3.3779958482732644,17.419262646470422,15.773159563226494,1.814581891320048,2.255003382704023,2.8832400252538357,4.027828858649012,508.7422940980316,1477.6933622904796,462.8706698644187,1508.0125660052126,326.8075293268737,67.29958077901514,0.5904280576191336,0.3862701037920949,0.20415795382703872,15.16785282473493,14.8805203765939,15.16461986900204,15.153605634164625,8.34757028496681,10.439686140611215,8.370668977945813,8.44943703001388,14.724650000000006,17.172923536596635,12.276376463403377,33.254081239236626,11.608764894241931,-4.302840660892356,33.86686249799158
LSE:URNU,1D,1728025200,2024-10-04,16.284,16.514,16.284,16.501,3536.0,58347.53600000001,0.40769137154679425,4.6287489696278,19.39942112879885,17.9232473379547,1.740258301821107,2.165499144932681,2.8605251187686487,1.4124293785310762,-96.55449952263778,48.105386852123274,-64.69930157931164,-68.69780027122529,-85.13442079883889,67.81103434725378,0.6197252562940267,0.4329611342924813,0.18676412200154546,15.294819222379221,14.94406859711963,15.191082841893088,15.167012543277416,7.886204865082084,10.418390365127603,8.622934729145832,8.79532111492753,14.921100000000004,17.27566500441157,12.566534995588437,31.560206746306456,10.588361447882503,-4.484139998163598,31.309068138454897
LSE:URNU,1D,1728284400,2024-10-07,16.93,16.93,14.632,16.48,10831.0,178494.88,-0.12726501424156594,1.8793273986152454,17.57990867579909,10.58918266004564,1.5657474636943705,2.1957271532753984,2.643687413829244,13.573538098050797,205.91673999738393,-82.28206947679953,379.66402669212044,-93.98783585946275,-40.39990307889242,67.45491491956182,0.6339412922211469,0.47315716587821444,0.1607841263429325,15.407693582152628,15.004301201154155,15.21660595393481,15.1800770950856,6.959551811761555,9.835171788822345,8.302732224846068,8.563348504568776,15.103200000000006,17.345856335687508,12.860543664312505,29.69776386047328,9.115948937973366,-4.99171859221552,28.14388279502788
LSE:URNU,1D,1728370800,2024-10-08,16.338,16.378,16.148,16.148,6684.0,107933.232,-2.014563106796121,0.3292948120534379,17.645344601486222,9.715994020926754,1.7519370423354816,2.1899909937878244,2.6631112060875504,1.4077610478638782,-39.53146891384223,27.66057615148777,49.26755567887889,60.188227181274456,-64.12263778200553,61.918610384575274,0.6113704794321837,0.5007998285890083,0.11057065084317541,15.47819895528095,15.049152134442227,15.235049400391546,15.189708168766341,4.327383610032499,7.301726075603257,5.992436096629859,6.308823188612242,15.261100000000004,17.323859404293085,13.198340595706924,27.03290594115863,5.811507689484999,-6.787514126336602,22.348714089500945
LSE:URNU,1D,1728457200,2024-10-09,16.356,16.448,16.17,16.222,12712.0,206214.064,0.4582610849640923,3.7477615758506144,12.9901790067563,14.392497003032242,1.2864009670742615,1.9795180948422397,2.557773613467253,1.6996820738566805,91.05706387074558,-68.05828319522844,358.7451790271115,89.02345273658467,-32.18353553975894,62.65435095295512,0.592622743151006,0.5191644115014078,0.07345833164959825,15.549037150016098,15.09514616838567,15.254592976621415,15.199979729276128,4.3280033579648824,7.465007751792056,6.341742613920906,6.72382653744858,15.387800000000007,17.357698941570177,13.417901058429836,25.603386339439943,5.421177816192006,-6.5429118536574915,20.89819360986033
LSE:URNU,1D,1728543600,2024-10-10,16.188,16.2,16.04,16.087,1825.0,29358.774999999998,-0.8322031808655008,0.7389316801302545,8.673917449165703,13.987104088429108,1.1746301250402684,1.924436970044781,2.562971043120109,0.9883864591055112,-85.76296183174006,-94.12905794934575,-96.9571970029959,-38.61715403913156,-90.32535554263802,60.36311258219024,0.5604115794759981,0.5274138450963258,0.03299773437967224,15.600271707157422,15.134042397076428,15.27107628401505,15.20880580162164,3.1199988178364007,6.296781639171719,5.342935237898161,5.77424822062441,15.482500000000007,17.394801283793722,13.57019871620629,24.70274547125742,3.904408202809575,-7.518345639350111,18.546532268447955
LSE:URNU,1D,1728630000,2024-10-11,16.59,16.59,15.908,16.307,3927.0,64037.58899999999,1.367563871448989,0.208935045781349,6.980253230991264,15.940277284038388,1.0679535409275618,1.825834498100206,2.5633056258456945,4.110910186859557,118.12077990311245,-76.9803750848328,9.861782018332287,119.20918097949868,-78.97800480341371,62.753550732950934,0.5463383135827442,0.5311987387936095,0.015139574789134747,15.667579163618619,15.18004073444598,15.291589624925644,15.219733107078142,4.081171888163593,7.42395415973269,6.640319286486818,7.143797366697638,15.598050000000006,17.41395544632683,13.78214455367318,23.283749524162626,4.54511942197898,-6.356714588702622,18.319757396927752
LSE:URNU,1D,1728889200,2024-10-14,16.346,16.5367,16.346,16.517,14573.0,240702.24099999998,1.2877905194088481,0.5050505050504953,3.900106938416048,16.77743212669683,1.110295112161705,1.5184169265060872,2.56694319231175,1.1666462743178738,275.87648872914315,-85.78620892804018,124.2500382721471,550.2856394277237,-22.70603319277483,64.92786101258872,0.545838309665438,0.5341266529679751,0.01171165669746288,15.74847638613113,15.232470509565745,15.315855176907315,15.232641235365922,4.879987085897832,8.432837533659365,7.842492692825452,8.43162223011041,15.732900000000006,17.39463883627944,14.071161163720571,21.124380581830867,4.983823707008836,-5.045455927771137,17.381926109875646
LSE:URNU,1D,1728975600,2024-10-15,16.618,16.792,16.386,16.608,43321.0,719475.1680000001,0.5509475086274812,0.6484455487546168,5.307209435038994,24.684684684684687,1.1174771093513374,1.4894455096569896,2.277812341560148,2.443133951137335,198.90671769856937,1133.0857776067871,1726.2664611430446,496.31985264133647,117.11997005527701,65.85796775122554,0.5464854483665178,0.5365984120476837,0.009887036318834141,15.830335777928166,15.286412842523951,15.341442203107169,15.246326397203077,4.912493537604627,8.645502192637634,8.255793556594764,8.931158676012084,15.862500000000006,17.365098482629126,14.359901517370886,18.945292137167772,4.6997635933805775,-4.35988591361273,15.655389279025586
LSE:URNU,1D,1729062000,2024-10-16,16.596,17.804,16.59,17.767,62252.0,1106031.284,6.978564547206159,7.80946601941747,9.835558852621174,32.64894728983126,2.640623581477685,2.2105608257377267,2.5354589841579713,7.315015666425636,53.727513219747415,519.6431427052697,9.787941516295593,2238.61859719246,201.6475739377501,74.9645077468704,0.6332205519258611,0.5559228400233192,0.07729771190254198,16.014779989554054,15.38369077026811,15.389473050570393,15.271407726584142,10.941268076045157,15.492441087922051,15.449047161114372,16.34159939997924,16.064550000000004,17.44549279027028,14.683607209729729,17.192424192028717,10.597557977036361,1.8429242073862862,20.99887817911076
LSE:URNU,1D,1729148400,2024-10-17,18.144,18.568,17.872,18.352,98075.0,1799872.4000000001,3.292621151573146,13.6487490710924,14.022988505747136,39.47408420732635,2.382899634443654,2.278673040273061,2.51565144015136,3.8359788359788447,62.732503685673336,1567.5794531938043,2028.8415377310396,3442.844032280117,323.5335468303849,78.13464252485784,0.740625883182604,0.5928634486551762,0.14776243452742788,16.237372371501287,15.500095053787009,15.448136950559098,15.302060386021116,13.023213239909193,18.399273916170014,18.79749680323624,19.93156174422821,16.26430000000001,17.751156697869398,14.777443302130623,18.283685100119733,12.836088857190225,3.384812113132433,24.189277027061884
LSE:URNU,1D,1729234800,2024-10-18,18.2,18.472,18.048,18.366,35306.0,648429.996,0.07628596338273402,13.216619405745272,17.459708365310824,46.086541520839965,2.4187515281294023,2.0404747513693153,2.301854227641384,2.3296703296703467,-63.97355745885097,214.44508847854334,0.4391596683296787,232.84276167622457,47.341588325311044,78.20576715663852,0.8174519873503385,0.6377811563942086,0.1796708309561299,16.440098812310687,15.612483483050264,15.505916416884661,15.33254734735424,11.714657008309207,17.636633658822433,18.445111570451548,19.784401012589782,16.442450000000004,18.036232353396993,14.848667646603015,19.38619066376347,11.698682373977082,1.828362155363877,23.68786504694687
LSE:URNU,1D,1729494000,2024-10-21,18.702,19.262,18.473,18.473,24136.0,445864.328,0.5825982794293767,14.831851805805925,15.68038073767925,43.89312977099237,2.24152345814475,2.0277031257345963,2.300137462194494,4.218800128328529,-31.239404291839705,1418.674835717771,-10.839480457141102,445.72667821380765,-1.406522890237951,78.77405824099948,0.8768632998766179,0.6855975850906905,0.19126571478592747,16.633708449233477,15.724660601362018,15.56467054724338,15.363795632455192,11.057615662677318,17.477893280570576,18.685454625775584,20.23721508620422,16.603950000000005,18.32810306455069,14.87979693544932,20.76798670859264,11.256658807091046,0.7905724609851341,24.14819960338508
LSE:URNU,1D,1729580400,2024-10-22,18.424,18.742,17.964,18.104,33081.0,598898.424,-1.9975098792832773,11.019807444655674,11.25176673016653,39.36874518860661,2.652883656159407,2.157328332003529,2.3727646511816594,4.22275293095963,34.32301854836883,835.2295009107854,115.28632320565306,-66.52709540948115,45.17055643191227,71.81907138632094,0.8839819829114361,0.7252744646548396,0.15870751825659657,16.773736215973145,15.817968028759585,15.614954298783116,15.39106134755514,7.930634933677344,14.45212158150809,15.940140800865846,17.626715865672296,16.714300000000005,18.52373904014461,14.904860959855402,21.651388812509083,8.314437338087707,-2.2659520263967856,21.463729509192508
LSE:URNU,1D,1729666800,2024-10-23,18.102,18.21,17.787,17.787,19067.0,339144.729,-1.7509942554131692,7.689047647877942,8.232931726907617,29.945938047925175,2.8959293336293377,2.2523293068530843,2.292373943980929,2.336758369240978,-43.371911594811614,40.898035511019614,-79.9730476079679,232.08406390025323,-19.33743993019128,66.39568520383197,0.8541976806405778,0.7510591078519873,0.10313857278859051,16.870237528737608,15.895184968808229,15.657965104747808,15.414901533151607,5.434200139154722,11.901811994664776,13.597136543666362,15.3883465408255,16.815100000000005,18.627722729637778,15.002477270362233,21.55946416777506,5.779923996883719,-4.513287758466261,18.560419585761746
LSE:URNU,1D,1729753200,2024-10-24,17.696,17.858,17.626,17.787,17210.0,306114.26999999996,0.0,7.098988439306349,7.793467062602252,25.32234199957725,2.917316355546083,2.257146841331276,2.237900575769506,1.3110307414104843,-9.739340221324811,-57.45311532419699,424.63958375208836,331.79129245499985,-28.52630734835453,66.39568520383197,0.8211279545806143,0.7650728771977127,0.05605507738290161,16.957548240286407,15.969373793560846,15.700124211584484,15.438504502970995,4.891342474515544,11.381950412933874,13.29209731268046,15.21193647077059,16.895650000000003,18.730554932142148,15.060745067857859,21.720442032619573,5.27561828044494,-5.037517230858883,18.101726839267883
LSE:URNU,1D,1729839600,2024-10-25,17.68,17.976,17.61,17.78,12846.0,228401.88,-0.039354584809118444,0.07316935892385702,7.88834951456311,27.0362960845956,1.6142377231160945,2.2553413375995204,2.207236774027756,2.070135746606333,-25.386725682536778,-79.34941955945615,27.95990562866565,-24.08316619358415,-46.368700666658995,66.26752899066491,0.7853026369600649,0.7691188291501831,0.016183807809881712,17.03587697930675,16.04037874283297,15.741309870761029,15.461802965628,4.3679760167153585,10.845262976999926,12.951210197734389,14.993057662973818,16.979900000000008,18.814754424742976,15.14504557525704,21.61207574535736,4.7120418848167125,-5.4996966815691515,17.39812806537719
LSE:URNU,1D,1730102400,2024-10-28,17.348,18.25,17.26,17.984,23601.0,424440.384,1.1473565804274501,-2.0052310374890943,11.369829081000757,30.130246020260504,1.0795680370205303,2.1407639545376775,2.1735690965578636,5.706709707170847,85.83051242835656,-76.41830698665083,293.2434674058496,156.78962678295719,-2.3180635627031645,68.19426433820092,0.7645585546424236,0.7682067742486313,-0.0036482196062076477,17.126174409848964,16.1165991842905,15.785719576290514,15.486899453532198,5.008857025639753,11.586816761750411,13.925753673029973,16.123954016491492,17.097300000000004,18.87268436401793,15.32191563598208,20.76800856296519,5.186198990483862,-4.708839224335593,17.374357275315276
LSE:URNU,1D,1730188800,2024-10-29,17.946,17.992,17.678,17.723,8619.0,152754.53699999998,-1.4512900355872038,-3.501034520309271,9.252866477622966,26.44834474885844,1.1376956697192662,2.2173013190942905,2.211681982310911,1.749693525019503,-64.01036688346792,-76.44240119329704,-25.924287588842642,310.49276210561607,-65.15349934550281,63.2189958120162,0.718772637673986,0.7583199469337022,-0.03954730925971617,17.183014942244302,16.17959529471048,15.82408156487882,15.509149210213469,3.142551290158911,9.539204641256362,12.000181036324935,14.27448249919867,17.185000000000006,18.901074706998315,15.468925293001694,19.9717743031517,3.130637183590299,-6.232845090877939,14.571630958862228
LSE:URNU,1D,1730275200,2024-10-30,17.75,17.964,17.622,17.633,19694.0,347264.30199999997,-0.5078147040568745,-4.547176960970064,9.610244296637033,28.464228471513902,1.0498830245124338,2.2032579226960203,2.1611310642633352,1.9267605633802747,127.33485290849332,-22.11435627566061,1082.8296718783395,380.2533248895206,-22.404111742563234,61.55139064604929,0.6675298521554254,0.7401619279780468,-0.07263207582262143,17.22587066203056,16.23659155766301,15.859901731910924,15.530282053892936,2.363476110771219,8.60037919521317,11.17975570126965,13.539470428226899,17.253000000000007,18.926382323319775,15.57961767668024,19.398160590271452,2.2025155045498854,-6.8337535469002955,13.179927556202403
LSE:URNU,1D,1730361600,2024-10-31,17.608,17.608,16.984,17.224,8956.0,154258.144,-2.3195145465887763,-4.860804242156424,5.623351934751957,19.96935292888487,1.1127764615868274,2.322605856663754,2.1188207974737554,3.5438437074057174,-55.579037893736626,-74.24302054934111,140.8868703660908,243.1636936541338,-65.80952063416636,54.513892203880836,0.5871484121946686,0.7095592248213711,-0.1224108126267025,17.225692503741936,16.2753134573625,15.886913578803776,15.547134968779574,-0.009825461249629658,5.828990913894443,8.416275537497455,10.785685173427538,17.292500000000004,18.923445553965376,15.66155444603463,18.863039513839787,-0.39612548792831437,-8.980634890823357,9.976312117351592
LSE:URNU,1D,1730448000,2024-11-01,17.182,17.622,17.114,17.434,2124.0,37029.816,1.219228982814682,-1.9845954910889863,5.5518556638614855,17.773424305883943,1.1955138431765897,2.320837986415582,2.071879205343142,2.9565824700267673,-75.99490371153436,-89.08141190659637,-84.6159238708542,-96.16215475259746,-91.18852021898385,57.21857511750242,0.5342324873001161,0.6744938773171201,-0.140261390017004,17.24553131290937,16.32075214530907,15.91754895348093,15.565909745209627,1.092855207943343,6.821057294292062,9.526913037622203,12.001163345851177,17.339150000000004,18.92974376020384,15.748556239796166,18.346848146579706,0.5470279684990176,-7.901553127984516,10.702211266482736
LSE:URNU,1D,1730707200,2024-11-04,17.112,17.134,16.482,16.674,43998.0,733622.652,-4.359297923597576,-6.25737898465171,0.39739884393062946,9.38791576461326,1.8463472954510998,2.624623106405592,2.202153947095028,3.8101916783543777,1881.1674246504494,139.6564694615511,1.9663616799071983,1158.5903550762173,65.69447337132077,46.45313899886598,0.42605924144483964,0.624806950142664,-0.19874770869782432,17.191099759298954,16.334605002355772,15.932528182124871,15.576935518889133,-3.007950430973716,2.077766787720179,4.653823984488572,7.042877463160374,17.348850000000006,18.920622664859366,15.777077335140648,18.11961789812418,-3.889883191104922,-11.873936205238863,5.684973495449724
LSE:URNU,1D,1730793600,2024-11-05,16.788,16.904,16.746,16.871,16663.0,281121.473,1.1814801487345519,-5.112485939257606,-5.0430573535205765,6.126942190350371,1.9728748151999582,1.8411441269319768,2.08295775936717,0.9411484393614561,-61.680371750571304,23.08194354617396,-74.58286424021257,161.9065814155522,-37.326486852187315,49.125131333849225,0.3521678466414784,0.5702791294424269,-0.2181112828009485,17.16061406793715,16.355640100302605,15.951111782478835,15.589811782382773,-1.6876672757198445,3.150961359732164,5.766922268901633,8.21811215876916,17.385000000000005,18.87580582236568,15.894194177634331,17.150484007658033,-2.9565717572620436,-10.621034361299774,6.145676914783069
LSE:URNU,1D,1730880000,2024-11-06,17.056,17.532,16.806,16.819,33829.0,568969.951,-0.30822120799003977,-6.477980427046277,-8.353312990409771,6.645108109821813,1.836331040625781,1.5411218754549059,2.0769155598703812,4.256566604127574,102.39291752715027,34.05179442114537,-68.38831736071957,1344.234332364757,22.0437690404743,48.438047671043115,0.2861142712640117,0.5134461578067439,-0.22733188654273218,17.128079394800277,16.373811076761324,15.968297687776284,15.602042510916277,-1.8045186951556773,2.7189083906709604,5.3274452221349,7.7999882914833325,17.414850000000005,18.83347444290214,15.996225557097869,16.292123594542996,-3.4215052096343386,-10.696244333510888,5.143553646235297
LSE:URNU,1D,1730966400,2024-11-07,17.068,17.778,17.04,17.594,66965.0,1178182.2100000002,4.607883940781273,-0.7278677424815088,-4.203419361864307,8.766073194856595,2.6408259942866255,2.044695561207805,2.1828398228056223,4.323880946801028,107.07283538072123,671.2911401119302,81.69767241921365,16.949856155262168,149.67123080432293,57.89093601057383,0.29292569487125064,0.4693420652196452,-0.17641637034839458,17.17245278577168,16.421661622770685,16.000489812770812,15.621862983444473,2.4547874406013657,7.1389753616876535,9.959133788250197,12.624211457017214,17.49020000000001,18.77221663015683,16.208183369843187,14.659828134118774,0.593475203256638,-6.276385220614118,8.5501045893598
LSE:URNU,1D,1731052800,2024-11-08,17.686,17.818,17.4,17.4,8730.0,151902.0,-1.1026486302148606,-1.3213860375432458,-5.808477237048669,8.108108108108107,2.663040814325424,2.0396527807074185,2.1928876178633523,2.363451317426229,-87.10708762102256,-56.25752514003008,-65.9308918743551,79.6656736691003,-67.96253420672149,55.16459414252237,0.2794483122857976,0.4313633146328757,-0.1519150023470781,17.194123949031518,16.460027833642425,16.02820288578525,15.63955588908184,1.197362840809794,5.7106353394881735,8.558645806956543,11.256356148496165,17.544850000000007,18.70814485084346,16.381555149156554,13.260812726736933,-0.8255983949706537,-6.992381453495556,6.217021775834765
LSE:URNU,1D,1731312000,2024-11-11,17.444,17.542,16.992,17.08,11313.0,193226.03999999998,-1.8390804597701167,-0.8360427310729326,-5.656208572691123,9.235098490662567,2.6120598812052704,2.0312121083139187,2.151764503024706,3.1529465718871856,27.204408105225724,25.26148376321705,-67.73642536751775,-70.07007509930331,-57.90829516064786,50.90595119043177,0.2401774477269818,0.3931261412516969,-0.15294869352471513,17.183255001504705,16.48434046761723,16.049030551413267,15.653888666304907,-0.6009047848947398,3.613487197458192,6.423873674388044,9.110268790685891,17.573000000000008,18.66020154525227,16.485798454747744,12.373545157369405,-2.8054401638878335,-8.468298380487344,3.604323726771814
LSE:URNU,1D,1731398400,2024-11-12,16.978,17.048,16.598,16.726,26909.0,450079.93399999995,-2.0725995316159205,-4.061030170930377,-5.965030640355316,4.740434592022041,2.6310290855631697,2.0481717285585015,2.1659819349650964,2.65048886794675,132.92923355464924,1115.4527962007696,32.710284286918686,-9.996475987969953,-1.5989350722463314,46.618428791449695,0.17843329517831918,0.3501875720370214,-0.1717542768587022,17.139706906123305,16.493817312024397,16.062435887028848,15.664556440769534,-2.4137338426452635,1.407695281105938,4.131154935889954,6.776084361175316,17.578900000000008,18.64618850832326,16.511611491676756,12.142836108325902,-4.851839421124237,-10.298021536498622,1.2984105665961951
LSE:URNU,1D,1731484800,2024-11-13,17.13,17.426,17.008,17.098,8048.0,137604.704,2.22408226712902,2.542881132301784,-3.873615561927251,5.069747434400536,2.2529134795359615,2.1577116153737665,2.175236372187694,2.440163455925273,-69.4266076745381,-81.24312224753932,-55.04792899723361,-50.53516657782653,-69.60404452511455,51.26373600054736,0.15770003269513921,0.311690064168645,-0.15399003147350576,17.135734819825846,16.51751075076854,16.082942107087682,15.678819560761877,-0.22021127324045628,3.514386992025715,6.311394309284902,9.051577089322407,17.545450000000006,18.62887318140192,16.46202681859809,12.349904749116325,-2.550233821304138,-8.21774439331234,3.8632738751428426
LSE:URNU,1D,1731571200,2024-11-14,17.164,17.164,16.616,17.076,17004.0,290360.304,-0.12867001988535776,1.215102839191523,-3.9595050618672696,3.9065352318364335,2.233257098836115,2.1571860480551983,2.170765742525269,3.1927289676066293,111.01044917766765,3.286419532954,27.126932580414838,-82.85383351853902,-28.471744542492743,50.98118461902189,0.13790388650238938,0.27693282863539387,-0.13902894213300449,17.130045789366243,16.539412289954086,16.10260661981862,15.69272185368962,-0.3155028890803775,3.2442973222926055,6.0449429285775205,8.81477514995367,17.481650000000005,18.516780962728326,16.446519037271685,11.842485837759256,-2.320433139892429,-7.7809472695519535,3.8274419121867895
LSE:URNU,1D,1731657600,2024-11-15,16.758,17.302,16.548,17.124,424283.0,7265422.091999999,0.2810962754743398,1.8134252928235908,-4.782028469750905,3.7755287558329647,2.2237027348316096,2.128015563199414,2.1703857480117237,4.499343597087966,2402.2091490853372,1176.943022954124,1611.7650360056218,12351.977564228244,1024.3759674901708,51.607892217478415,0.12465159092114675,0.24647658109254444,-0.1218249901713977,17.129469999902792,16.56233729819118,16.12283223130736,15.706963427284748,-0.031933269989230365,3.3912043433033947,6.209627156874886,9.021709251921349,17.419550000000008,18.381443024196816,16.4576569758032,11.043833212646797,-1.6966569170845929,-6.84082866911784,4.048832863490148
LSE:URNU,1D,1731916800,2024-11-18,17.266,17.95,17.022,17.899,87330.0,1563119.6700000002,4.5258117262322015,1.7335455268841633,0.9930598657112337,8.610436893203886,2.200960456094683,2.436771405430559,2.307205590560094,5.374724892853012,-78.48549402627054,32.672150091283406,923.288539050071,775.7224128781733,125.7773665672672,60.40910659095275,0.17467156913047432,0.23211557870013041,-0.05744400956965609,17.20275857134062,16.614755443360156,16.158003870291374,15.728774736465994,4.047266174038517,7.729542339746409,10.774821838665842,13.797802434683623,17.390850000000007,18.254543527820296,16.52715647217972,9.932735062636825,2.921938835652042,-1.9476988141524296,8.300541778796104
LSE:URNU,1D,1732003200,2024-11-19,17.866,18.038,17.632,18.018,468398.0,8439595.164,0.6648416112631977,3.551724137931047,2.183406113537127,11.580381471389652,2.1292537103619433,2.4345879931927463,2.2673200228896886,2.272472853464675,439.91996428526807,5455.947363431686,2330.308878682267,7719.274015624771,770.0165549980043,61.56501834755165,0.22136332904797484,0.2299651287696993,-0.008601799721724451,17.280400612165323,16.669784641659756,16.19483547682026,15.751553097297178,4.26841601875486,8.087779100462374,11.257690921215255,14.388720202401656,17.386550000000007,18.23674961773625,16.536350382263763,9.779969203047688,3.631830351622338,-1.1994989366060294,8.959955392124474
LSE:URNU,1D,1732089600,2024-11-20,18.04,18.156,17.7732,17.848,20987.0,374575.97599999997,-0.9435009435009529,4.496487119437943,3.6228518346493197,10.023424978424348,2.006919532080052,2.35811376185256,2.2798665728643175,2.121951219512193,-95.56168312909375,93.85377664418316,142.82411695553654,81.64424323648456,-61.6080189238109,58.91854202086638,0.24186127964945925,0.23234435894565128,0.009516920703807968,17.334457696721007,16.715989165516238,16.227571407972334,15.772413265483275,2.9625518851745456,6.772024217501949,9.985650663854576,13.159601511703906,17.38960000000001,18.245939512108617,16.5332604878914,9.848869578467678,2.6360583337166474,-2.180975728021743,7.952088537354656
LSE:URNU,1D,1732176000,2024-11-21,17.954,18.076,17.638,18.016,11863.0,213723.808,0.9412819363514078,7.712543345689342,3.338304462544437,11.991048672841416,1.6719460360243528,2.351301145261952,2.271566058486306,2.4395677843377457,-42.942467831946594,-52.51425539002145,477.1668106587406,627.9724988525578,-78.23159788557157,60.71574672370144,0.2685663830591771,0.23958876376835644,0.028977619290820683,17.399366487509482,16.766969982554816,16.26298583553724,15.79473751159787,3.5439997940912384,7.449348443664746,10.77916553694673,14.06330739444758,17.401050000000005,18.28404659682197,16.51805340317804,10.148773744365592,3.5339821447555924,-1.46601352934947,9.068541917498317
LSE:URNU,1D,1732262400,2024-11-22,18.522,18.588,18.3,18.36,33324.0,611828.64,1.9094138543516943,7.380980231606039,10.111550917596258,12.589685411173122,1.6446070809558542,1.999058941181357,2.2812920253087445,1.5549076773566584,186.27069942530693,344.6277069132753,-16.601724560707808,855.4211043142178,-38.821248274586935,64.17201849015441,0.31387019475557665,0.2544450499658005,0.059425144789776174,17.49085539346096,16.829441747944824,16.304510868496898,15.820262511482468,4.969137226210056,9.094527762586567,12.606873938639016,16.05370003610351,17.430050000000005,18.395200449411416,16.464899550588594,11.074557438577749,5.335326060453035,-0.19135670474600616,11.509942369151341
LSE:URNU,1D,1732521600,2024-11-25,18.706,18.768,18.106,18.106,11488.0,208001.72800000003,-1.3834422657951948,6.0318575778870995,7.3202536897635175,9.620391112187457,1.8207075249769222,2.0639427065546845,2.297820255632736,3.5389714530097245,-66.00327045821196,-28.364268415974646,-26.010017740622743,-13.585462629739267,-79.17853100706643,59.976095325566696,0.32552565754043883,0.26866117148072816,0.05686448605971067,17.549440594083727,16.879502855868555,16.34018392060587,15.843006168084633,3.171379753858948,7.266192343484962,10.806586314902736,14.283866381836779,17.43615000000001,18.416647888829242,16.455652111170775,11.246724636221108,3.8417311161007035,-1.6867775868032238,10.029064042432587
LSE:URNU,1D,1732608000,2024-11-26,17.866,18.044,17.774,17.996,42461.0,764128.156,-0.607533414337805,5.092268161644475,6.99803793328973,8.357418111753361,1.8862028079485142,2.0740080335782034,2.3035544797818113,1.5112504197917809,267.36625380342986,-89.48267359660512,34.30026570946274,6.206327888164153,-23.62274818417021,58.201260787479264,0.3221728074996264,0.2793634986845078,0.042809308815118574,17.591970061313848,16.9232870575992,16.372972357821595,15.864428992282797,2.2966725004531745,6.338679588367022,9.912846651836315,13.436165958157703,17.449800000000007,18.45322445654812,16.446375543451893,11.500698650392708,3.130121835207232,-2.4777483069408834,9.42228549052613
LSE:URNU,1D,1732694400,2024-11-27,17.904,17.954,17.832,17.894,23526.0,420974.24399999995,-0.5667926205823534,-0.02793452148166131,1.7051267477549001,0.7148083525637355,1.0998906110229136,1.7449657847361846,1.9438042726524156,0.6814119749776579,-44.90790050144417,-73.06832918301131,-64.2691732715944,-61.93830589696051,-56.93932547192103,56.53072266589347,0.30773769356452263,0.2850383376605108,0.022699355904011842,17.620734817379194,16.961354231810997,16.403091717072652,15.884623728677992,1.5508160440124483,5.498651554837675,9.089190676021037,12.649819760566894,17.462850000000007,18.482129014793752,16.44357098520626,11.673684590931554,2.4689555255871265,-3.1821497097168554,8.820644956613382
LSE:URNU,1D,1732780800,2024-11-28,17.884,17.884,17.76,17.842,5738.0,102377.396,-0.2906002011847525,-0.9768009768009875,2.5402298850574727,-2.778988666085449,1.0679910852324253,1.7160901537288245,1.8481622285466999,0.6933571907850524,-75.68084093999822,-98.78693949163934,-32.60299666890496,-94.31196367031353,-88.88467469715594,55.65370978454874,0.2887730009536611,0.28578527031914086,0.002987730634520236,17.641807691914508,16.995889359975273,16.431584950397944,15.904100109487166,1.1347607432385842,4.978325182660267,8.583560586879944,12.184907521783208,17.49375000000001,18.519640613076533,16.467859386923486,11.728652954072428,1.9907109682028685,-3.6590375981597534,8.344379076783147
LSE:URNU,1D,1732867200,2024-11-29,17.844,18.444,17.834,18.378,5544.0,101887.632,3.0041475170945042,2.969520394441961,7.59953161592507,0.06533812479582084,1.461614413243158,1.7590319874204654,1.9292040594284503,3.418516027796455,-0.4783907572722358,-72.79920803036232,-47.27023748972964,-84.2870267216941,-88.71462760490594,62.168764777781774,0.3133815979001007,0.29130453583533283,0.02207706206476784,17.711921245065508,17.050089777231143,16.47012782266729,15.928716028795751,3.7606239646083575,7.788288742867273,11.583833458213775,15.376531082458003,17.540950000000006,18.636032549399385,16.445867450600627,12.486011868221262,4.771976432291261,-1.3845894973375155,11.748438051097201
LSE:URNU,1D,1733126400,2024-12-02,18.172,18.31,17.752,17.766,8833.0,156927.07799999998,-3.3300685602350737,-1.3876554174067497,6.21786440272629,-3.8272072754831417,1.9353948746895797,1.9152969991544364,2.017063072385039,3.070658155403917,54.019751877244516,-26.574825954813612,-65.13350937347053,-64.80384992808844,-82.4308727079917,52.65649693545332,0.28027002459146644,0.28909763358655954,-0.008827608995093106,17.717071602678317,17.078164687927963,16.495788657861997,15.946997461345047,0.27616526262886937,4.027571607611007,7.7002159065163,11.406551879525587,17.595550000000006,18.61882424965106,16.572275750348954,11.631057280403876,0.9687108388199954,-4.580440946302201,7.203140157898402
LSE:URNU,1D,1733212800,2024-12-03,17.9,17.986,17.396,17.729,24084.0,426985.236,-0.20826297422041562,-3.436819172113291,3.6904901158030197,-2.0713654441007514,1.7407642415587012,1.8558873276612085,1.9865852973628593,3.2960893854748594,172.09149717297356,-30.211629844591787,210.29842991414017,-28.70489904645333,-51.887224080661746,52.137106743408275,0.248182381405595,0.28091458315036666,-0.03273220174477165,17.71820764051848,17.103687641342553,16.520208684438987,15.964728829888877,0.060911124310566285,3.656008995077521,7.317046283438406,11.051056293596956,17.638450000000002,18.607106693570692,16.669793306429312,10.983467295263358,0.5133671042523396,-4.719200615290205,6.354048152247725
LSE:URNU,1D,1733299200,2024-12-04,17.698,17.92,17.616,17.699,17103.0,302705.99700000003,-0.16921428168536062,-2.2478736330498177,3.6483954087608406,-0.4947433518861945,1.7024941136160485,1.8565484660253762,1.9615757854978983,1.7177082156175953,-29.106214576468386,45.530520304139,4.251852897908534,-10.744301439519043,-65.84428496522303,51.69189313285418,0.21782103838070555,0.2682958741964344,-0.05047483581572887,17.716378341421482,17.127033224035003,16.543551086727323,15.98198525944222,-0.09809195246665721,3.339555476323456,6.984285944507285,10.743438394447036,17.682450000000006,18.57519038219351,16.7897096178065,10.097473847724777,0.09359562730275033,-4.7169927422840345,5.415760027375
LSE:URNU,1D,1733385600,2024-12-05,17.55,17.672,17.3906,17.59,30167.0,530637.53,-0.6158540030510297,-2.2560569015336673,2.7213267928054257,-1.1075504581998044,1.7027044907441984,1.8705996847076232,1.9647158607053454,1.6034188034188115,75.29799054493128,-30.556474613140672,-92.69639776903962,73.34622459776216,-40.62710213813941,50.02057132518597,0.18285621363607163,0.25120794208436187,-0.06835172844829024,17.70434230890515,17.14518878387677,16.56427284738619,15.997985406114438,-0.6458433016607323,2.5943792263257475,6.192406766444137,9.951344206609248,17.682250000000003,18.57507134271047,16.789428657289537,10.098503784421844,-0.5217096240580439,-5.303190090287578,4.768306051694469
LSE:URNU,1D,1733472000,2024-12-06,17.588,17.822,17.588,17.688,17314.0,306250.032,0.5571347356452472,-1.151223873924218,-1.1788368065255157,-0.5174353205849398,1.7238691207398478,1.4479470000436339,1.9674145680260389,1.3304525813054253,-42.28639802390155,-27.252073882220678,-80.40776801177354,34.08384904712693,-65.83296500591668,51.537711882947555,0.16119595249840657,0.23320554416717082,-0.07200959166876425,17.702785898533232,17.166475498234544,16.586524870210223,16.01480147172524,-0.08352300376890685,3.0380406380977303,6.640783035680069,10.447825602014847,17.696650000000005,18.580037859322854,16.813262140677157,9.983673286445153,-0.04887930766561176,-4.801055122044649,5.2026659193431914
LSE:URNU,1D,1733731200,2024-12-09,17.574,17.702,17.135,17.135,2434.0,41706.590000000004,-3.1264133876074025,-3.9625602510929117,-4.900654900654896,-4.7208629893238445,2.0174349221842145,1.627773112827994,2.032959335882147,3.2263571184704687,-86.38152305564492,-59.261915589257605,-99.50582238615065,-90.17374604957476,-95.27978582177121,43.51131736609626,0.0982747114076652,0.2062193776152697,-0.10794466620760451,17.648711051053876,17.165241164970443,16.597385763869426,16.02594772573792,-2.9107567661333484,-0.17617675557134022,3.239150091340888,6.920353749069857,17.699400000000004,18.575403744283843,16.823396255716165,9.898682941612016,-3.188808660180585,-7.754360357992719,1.852204748360255
LSE:URNU,1D,1733817600,2024-12-10,16.918,16.97,16.772,16.822,8578.0,144299.11599999998,-1.8266705573387938,-8.466644901512684,-5.748543254146122,-5.083789426169384,1.4193166381076914,1.666401219835055,2.04212330716984,1.1703511053316018,245.98636810153977,41.625743152024555,-61.47667622976441,-5.535299419617241,-83.6634912879891,39.73893677177727,0.022888842047024127,0.16955327050162058,-0.14666442845459646,17.56997666523922,17.151780727128465,16.601833570525475,16.033868643889782,-4.257129531190743,-1.922720050909122,1.3261573099094477,4.915416070909121,17.704200000000007,18.559626817441988,16.848773182558027,9.663546700127428,-4.982998384564159,-9.362401704160343,-0.15890286056995256
LSE:URNU,1D,1733904000,2024-12-11,16.856,16.966,16.688,16.909,4067.0,68768.90299999999,0.5171798834859098,-4.823820781267586,-6.1445381882770835,-4.10593773039188,1.2391985438746884,1.6453179922531207,2.0444741894005216,1.649264356905566,-52.34281061014955,-56.177796798077125,-67.8234710285529,-80.19695586216633,-92.13178615002676,41.26327929257808,-0.029494831577945746,0.12974365008570732,-0.15923848166365306,17.50702650664501,17.1422599142999,16.607916074079426,16.042576418577447,-3.415922780593387,-1.3607302389886007,1.8128940715836408,5.400775778254831,17.694750000000006,18.580397079822987,16.809102920177025,10.010280787498896,-4.440582658698241,-8.995486332410024,0.5943034574620916
LSE:URNU,1D,1733990400,2024-12-12,17.018,17.194,16.87,16.87,4519.0,76235.53,-0.23064640132472602,-4.845168932257873,-8.115468409586049,-2.055271713887594,1.2379640870761954,1.514288795389693,2.0034992100492484,1.9038664943001413,10.85756304706505,-82.14562856688563,-87.53972517533667,-50.57925110261926,-91.25145718207422,40.765464035990206,-0.07331115898693596,0.08913268827117865,-0.16244384725811462,17.44635731553596,17.131583054915588,16.613105854790724,16.050809489039363,-3.3035968776285043,-1.526905330797963,1.5463342463155132,5.103733313388585,17.684450000000005,18.602828239071002,16.76607176092901,10.386279913381486,-4.605458467749939,-9.314864475454275,0.6198723264037459
LSE:URNU,1D,1734076800,2024-12-13,16.794,16.834,16.432,16.469,26890.0,442851.41000000003,-2.3770005927682263,-6.94954517204362,-9.041201811554183,-5.535161179304805,1.339809744184811,1.5719387225051658,2.031411136670884,2.393712040014297,480.8989719098169,46.29753436962796,112.90756296024615,1095.9319754653927,-49.95665710734672,35.961432056565855,-0.13879333961805784,0.04354748269333135,-0.1823408223113892,17.353275666437295,17.105599405703213,16.61025227350774,16.05497058865091,-5.095727650702614,-3.721584906816898,-0.850392102310372,2.5788238543505275,17.65170000000001,18.68696385042594,16.616436149574078,11.729905339722865,-6.700204512879819,-11.869043404690824,-0.8872910427176994
LSE:URNU,1D,1734336000,2024-12-16,16.448,16.448,15.912,16.156,17601.0,284361.756,-1.9005404092537637,-8.152359295054014,-10.224494332073794,-3.1066330814441687,1.3604475689294464,1.6036787220776196,1.906457536306247,3.258754863813227,-35.78844967435015,-46.41129963046527,-62.78611725439417,-61.2386892328401,-67.3132507499777,32.72017302904642,-0.21348401288041075,-0.007858816421417072,-0.2056251964589937,17.239249412490885,17.068360213322695,16.601257178982834,16.05597585642553,-6.283622833984907,-5.345330201143482,-2.6820690396058096,0.622971437357013,17.564550000000008,18.779697312056804,16.34940268794321,13.836361444577811,-8.019277465121556,-13.97092438956595,-1.1829342737140873
LSE:URNU,1D,1734422400,2024-12-17,16.246,16.246,15.654,15.767,10480.0,165238.16,-2.40777420153503,-10.860470375395746,-11.88666592153794,-6.543773338865505,1.2001283376615766,1.6574686550498703,1.9354940894639825,3.6439739012679966,-41.89156716277979,-46.04468808675912,-60.748629552738144,-41.22179347004204,-80.92153050162439,29.197933955855348,-0.30060081942065864,-0.0664072170212654,-0.23419360239939324,17.09903518272985,17.017326479466902,16.58473723484456,16.053100474769554,-7.79011896574852,-7.347373166845839,-4.930661386220178,-1.7822131943870587,17.45200000000001,18.87714097548233,16.026859024517687,16.33212211187624,-9.655053862021594,-16.475699257222203,-1.621397081737344
LSE:URNU,1D,1734508800,2024-12-18,16.17,16.1818,15.882,16.058,324341.0,5208267.778,1.8456269423479443,-6.285380799533129,-9.998879049433915,-4.524644747012303,1.5263730725969284,1.7976638369532794,1.9700377621481857,1.8540507111935647,3051.9763824530605,12387.877282702804,4987.321988537392,815.3853852643967,410.2438973296473,34.84806629363324,-0.3422154021012389,-0.1215688540372601,-0.22064654806397882,16.999888974850816,16.9797058332133,16.57430679455061,16.053149226264384,-5.540559566266705,-5.4282791602336715,-3.115103400405034,0.030216960343700524,17.362500000000008,18.897514592764097,15.827485407235919,17.681953552358106,-7.513318934485285,-15.025862680647716,1.4564195564425886
LSE:URNU,1D,1734595200,2024-12-19,15.476,15.658,15.386,15.587,11145.0,173717.115,-2.933117449246482,-7.341576506955175,-15.186636195451083,-11.4072979424804,1.6640495911563342,1.549037741099622,1.824564028683261,1.7575600930473005,-96.66458941044101,20.386818585915673,70.4987264793827,-85.25549668586491,-82.40409301903824,30.59264710381558,-0.4084921788213407,-0.17895351899407624,-0.22953865982726446,16.86532812010312,16.925089918185325,16.554756164955545,16.048510925505536,-7.579621997270117,-7.905954560085389,-5.845789302558082,-2.8757242815099247,17.24105000000001,18.92697318626882,15.555126813731196,19.557082500993985,-9.593673239158914,-17.646631362546188,0.20490470216332862
LSE:URNU,1D,1734681600,2024-12-20,15.56,15.7,15.278,15.7,4052.0,63616.399999999994,0.7249631102842083,-7.1500384410668865,-11.628954182145666,-9.770114942528732,1.6936769331269894,1.4938613412299881,1.8301323044898947,2.712082262210789,-63.37931354662435,-7.492489737694373,-59.461170875812776,-58.12010375110269,-93.53699293015167,32.715504795406744,-0.4467490018490956,-0.23251261556508013,-0.21423638628401548,16.754344489617107,16.877047176295704,16.53783030030296,16.045043155102494,-6.292961746551764,-6.974248303037878,-5.066144017015419,-2.1504657342898295,17.108050000000013,18.838985640050783,15.377114359949244,20.235335295966145,-8.230336011409907,-16.662179694948385,2.0997804431482465
LSE:URNU,1D,1734940800,2024-12-23,15.598,15.786,15.464,15.62,17247.0,269398.14,-0.509554140127389,-7.409602845287503,-11.89576400248181,-8.548009367681495,1.6773754183251708,1.4863548669490318,1.8089159587176613,2.0643672265675033,323.4727837475872,253.37609642118318,-36.90691918912156,39.421239497533584,-72.70134169605373,31.96999358842669,-0.4780129059096012,-0.28161267363398435,-0.19640023227561687,16.646311681082146,16.827751208597835,16.51965544287122,16.040813869977097,-6.165399884038626,-7.1771396761603965,-5.44596977813754,-2.6233947565760154,16.983750000000008,18.766448502270872,15.201051497729143,20.99299038517246,-8.02973430485027,-16.766350340023745,2.7560494899543118
LSE:URNU,1D,1735027200,2024-12-24,15.788,15.788,15.602,15.663,4689.0,73443.807,0.2752880921895073,-4.894043354180587,-11.503474772586028,-6.355374865478888,1.6406789838328457,1.5060176140210588,1.7802771531975585,1.178109956929313,-72.73781957069193,-83.41569986194692,-75.73757780556954,-83.68205257513213,-92.461892472359,32.855665912023326,-0.49362977768452865,-0.3240160944440932,-0.16961368324043546,16.552662949550513,16.782074690613605,16.502691968754956,16.037054527987276,-5.374742132199769,-6.668273805499838,-5.088212095001044,-2.3324390855845136,16.86710000000001,18.67473136728657,15.059468632713454,21.43381336787659,-7.13874939971904,-16.12730757970829,4.0076538024423005
LSE:URNU,1D,1735286400,2024-12-27,15.792,15.792,15.208,15.505,13313.0,206418.065,-1.0087467279576037,-4.029462738301548,-11.853325753268898,-9.316879167154044,1.5759127866091687,1.504910296216907,1.7271638809108818,3.6980749746707167,181.05578050985292,-27.410047010681705,-61.09998759416809,50.00800045324032,-78.86347441497091,31.24598393449328,-0.5128437965659138,-0.3617816348684573,-0.1510621616974565,16.4528855257838,16.731993330197387,16.482935692145947,16.03176045308193,-5.761211456180978,-7.333216706361856,-5.933018913687377,-3.2857305635493375,16.747650000000014,18.583573884587267,14.911726115412762,21.924555201323777,-7.4198469636039235,-16.56610242844922,3.9785728358706307
LSE:URNU,1D,1735545600,2024-12-30,15.588,15.606,15.162,15.19,32727.0,497123.13,-2.03160270880362,-3.6595420815627575,-14.12256897331524,-11.044741157179674,1.5177834878977996,1.4750068703804102,1.7540519508342933,2.8483448806774385,140.83315091632122,200.8524967840358,62.32590303859952,71.20905411367802,-49.452963824085636,28.272087536823804,-0.5471813464408939,-0.3988615771829446,-0.14831976925794926,16.33261071380439,16.671523003522978,16.45733300517276,16.023384727180616,-6.9958853108440895,-8.88654865671185,-7.700719216014047,-5.201052969582253,16.61505000000001,18.498137833851196,14.731962166148824,22.667254493380216,-8.57686254329665,-17.883626252353764,3.109143430354833
LSE:URNU,1D,1735632000,2024-12-31,15.41,15.41,15.148,15.293,2226.0,34042.218,0.6780776826859761,-4.763980570432187,-10.749927049897883,-10.692595188040176,1.2967586324765248,1.4206890034616038,1.7604301096217625,1.700194678780016,-93.15215568424668,-99.34638118754576,-18.37688480405615,-99.53144886052134,-95.41482029380943,30.598111954040192,-0.559631776155582,-0.4310156169774721,-0.12861615917810992,16.233600169632542,16.617463277894625,16.43427690606043,16.016117217457428,-5.794156316551892,-7.970309642004702,-6.944491154579267,-4.514934597689113,16.460800000000013,18.243722387541954,14.677877612458074,21.662645649566713,-7.094430404354666,-16.173905329522594,4.190812893955667
LSE:URNU,1D,1735804800,2025-01-02,15.294,15.86,15.286,15.851,22977.0,364208.427,3.6487281762898163,1.6937191249117929,-5.772203067411713,-11.44197999888262,1.6616602957782027,1.7896646334110407,1.6846874077721206,3.753105793121484,969.8727885474444,109.65604166290699,152.3982385311356,-76.699901230211,-48.15365009359072,41.6395655528151,-0.5184959957194479,-0.4485116927258673,-0.06998430299358066,16.197162058238966,16.587405894447777,16.42272686831666,16.014474260069793,-2.1371772227399797,-4.439548288224318,-3.4813150879325323,-1.020790676078553,16.36505000000001,18.060868914270745,14.669231085729274,20.72488521905811,-3.1411453066138484,-12.235673293241295,8.056106740457524
LSE:URNU,1D,1735891200,2025-01-03,16.096,16.262,16.084,16.138,20328.0,328053.264,1.8106113178979293,2.7898089171974676,-4.559701933881349,-10.434010434010428,1.7468716399772202,1.8667550433528373,1.7207695896800312,1.105864811133206,-9.927052841092005,415.6740463151013,377.0372213149889,-96.11292653705303,-24.07787357296689,46.36593895293514,-0.4574637347427686,-0.4503021011292475,-0.007161633613521068,16.191527576501922,16.569782133881198,16.41708871250841,16.015703371909893,-0.33059003388663,-2.605840743061467,-1.6999890625904093,0.7636044777440474,16.28550000000001,17.8630700935295,14.707929906470516,19.373922735310444,-0.9057136716711668,-9.65718705965537,9.723122850213944
LSE:URNU,1D,1736150400,2025-01-06,16.648,17.184,16.582,17.176,24782.0,425655.632,6.432023794770086,9.961587708066578,1.8138707765263626,-3.765127745405651,2.6702259790543565,2.551423568030199,2.103083052949143,3.6160499759730915,29.751988079594277,58.002439066580024,458.34285142373903,13.636660990773212,-1.876187895898735,59.22712428967198,-0.32162975551895556,-0.4245676320071891,0.10293787648823355,16.28528685493031,16.593555383532916,16.432116658795373,16.02724861199039,5.469434791073572,3.5100652211345125,4.527008641984406,7.167489666006661,16.259350000000012,17.757680307375,14.761019692625023,18.43038383914471,5.637679243020082,-3.275654800100342,16.360524934341495
LSE:URNU,1D,1736236800,2025-01-07,16.938,17.044,16.592,16.604,25653.0,425942.41199999995,-3.330228225430829,6.007789057013337,0.8197219017548,-7.837477797513317,3.1434338471609777,2.6297479512361313,2.170864555760734,2.668555909788651,0.06737371209033356,479.95688050321246,-3.81821026605743,99.29572469530393,-3.3855845885310063,51.84873093771721,-0.2571714554943867,-0.39108839670462864,0.13391694121024195,16.315640487794088,16.593964976335545,16.435520289314276,16.03298743177158,1.7673808908797435,0.06047393542631055,1.0250950850351968,3.561485784594818,16.210050000000013,17.590232085812715,14.82986791418731,17.028720896144073,2.4302824482341863,-5.606703089541128,11.963235924140815
LSE:URNU,1D,1736323200,2025-01-08,16.234,16.3147,15.602,15.75,14753.0,232359.75,-5.143338954468798,1.5801354401805818,-2.5129982668977395,-14.215686274509801,3.7699047027513917,2.9216939607992165,2.302363586182914,4.390168781569534,-45.4480832493384,12.567545868623464,-18.287271372736917,-62.0220867725316,-45.73815698942216,43.19636489333888,-0.2718645656689347,-0.36724363049748987,0.09537906482855518,16.26176996514703,16.560868310596895,16.421945630119932,16.03017163643057,-3.147074188380973,-4.896291036129067,-4.091754078685407,-1.7477768971222034,16.11315000000001,17.32674223382429,14.899557766175734,15.063376606365328,-2.25374926690319,-9.100050156839428,5.707835408074321
LSE:URNU,1D,1736409600,2025-01-09,15.716,15.904,15.692,15.83,3194.0,50561.02,0.5079365079365084,4.213298222514816,0.39956871947739336,-12.570418645752795,3.6488107295382535,2.8557380314455694,2.3027517963309636,1.3489437515907339,-78.24019865746973,-89.82927630021962,-69.40112380820509,-75.692019250917,-88.04623189586133,44.13682242392713,-0.27389632360433325,-0.3485741691188585,0.07467784551452528,16.22064901608541,16.532206808220547,16.410223934473994,16.028179878854147,-2.408343930615958,-4.247508008860489,-3.535746597918633,-1.236446560695289,16.047900000000016,17.17172167624494,14.924078323755094,14.005840966667558,-1.3578100561445172,-7.813553594343736,6.070201834862555
LSE:URNU,1D,1736496000,2025-01-10,15.9107,15.992,15.56,15.56,7231.0,112514.36,-1.7056222362602629,1.7458968155365282,-3.101257939967613,-13.536341409202034,3.7410815077012867,2.844364893324056,2.314134404951598,2.7151539530001845,122.53182392285599,230.51418682531198,-97.83969709707962,-85.27545947410424,-71.95910352933217,41.63160907711119,-0.29390529265794285,-0.3376403938266754,0.043735101168732526,16.157730062172515,16.494081051035426,16.393387816959656,16.023521372596893,-3.6993442759133814,-5.663128780228639,-5.083682679046246,-2.892755979279293,15.984800000000016,17.06868737422204,14.900912625777991,13.561475579575893,-2.657524648416089,-8.838918548010511,4.4231342789153345
LSE:URNU,1D,1736755200,2025-01-13,15.492,15.554,15.274,15.344,5966.0,91542.304,-1.3881748071979503,-3.198536369945123,-1.55899146724835,-14.250586788867773,3.5082413321564623,2.764436886424131,2.320122599869197,1.8073844564936814,-18.639448333528268,-74.86540749371513,-47.3038082632215,-78.2546544581478,-76.54384559280663,39.690691943169654,-0.32346325653005437,-0.3348049663673512,0.01134170983729682,16.08023196101323,16.448979833347764,16.37260786018818,16.016759965904384,-4.57849092474683,-6.717619235617205,-6.282492495831125,-4.200349929302307,15.906550000000014,16.936897218173684,14.876202781826342,12.955005556499305,-3.536593415919943,-9.404893928649862,3.144600978047616
LSE:URNU,1D,1736841600,2025-01-14,15.608,15.796,15.538,15.6,48664.0,759158.4,1.6684045881126188,-3.3337464369810506,-0.6369426751592334,-12.565855845757198,3.495757113932296,2.794434559225434,2.3520070492045146,1.6529984623270062,729.2978948836595,131.4131524690454,1093.3375670424607,641.5293118023827,84.18906752050175,43.077853880385724,-0.32251336205344394,-0.3323466455045697,0.009833283451125774,16.034495583773875,16.41568650654981,16.357308694639897,16.012613100572004,-2.7097552367881397,-4.968945442667627,-4.629787875117006,-2.5768005383035515,15.843050000000014,16.780404676735706,14.905695323264322,11.833007870778562,-1.5341111717757263,-7.034423182727028,4.657982480374666
LSE:URNU,1D,1736928000,2025-01-15,15.586,15.898,15.57,15.872,7111.0,112865.792,1.7435897435897452,-7.591988821611544,1.6133162612035894,-13.635868973772991,2.393666121478528,2.8255582045908736,2.301186475145729,2.1044527139740756,-85.13277439859718,-73.4842479424776,-58.10446501226772,10.774771956619823,-72.6404869506429,46.514994360675814,-0.29639577108683035,-0.3251564706210218,0.02876069953419147,16.019019813890647,16.394365467077268,16.34769862147871,16.01121396524293,-0.9177828331491392,-3.186249984034263,-2.909881277439901,-0.8694778893414064,15.813200000000014,16.70587835192653,14.920521648073501,11.290293576588079,0.3718412465534204,-4.991526541496491,6.3769777918545545
LSE:URNU,1D,1737014400,2025-01-16,15.973,15.99,15.626,15.776,50807.0,801531.232,-0.6048387096774198,-4.986750180679351,0.7214454446785389,-11.201170775638854,2.212842054240302,2.8319456017425835,2.239091644416281,2.278845551868783,610.1631218784164,88.17830988852081,991.3530558131333,410.76668361848937,84.67809794976368,45.47137737521752,-0.2802136611148498,-0.3161679087197874,0.035954247604937595,15.995875069710586,16.370115840917375,16.336377856696952,16.008873527777826,-1.3745735619487056,-3.629270841397303,-3.430245441263655,-1.4546528047320475,15.794200000000014,16.672951978659636,14.915448021340394,11.127527556439965,-0.11523217383605634,-5.379683092758142,5.769534897164097
LSE:URNU,1D,1737100800,2025-01-17,15.9,16.152,15.734,16.108,16879.0,271886.93200000003,2.104462474645035,2.2730158730158765,3.889068042566912,-9.143211687066382,1.4609053835534493,2.858944185658698,2.2827300650964886,2.6289308176100694,-66.07905953688402,17.011200089516375,31.716636332193126,-36.32404376623457,-36.600241284076766,49.67642738925661,-0.23785772126654336,-0.3005058712291386,0.06264814996259521,16.006553634500055,16.35983678833238,16.331855522900973,16.009859860834762,0.6337801866436227,-1.5393600290192775,-1.3706680333234416,0.6129981150261066,15.811250000000012,16.700400352864147,14.922099647135877,11.247059566626731,1.8768282077633869,-3.547222463816855,7.947275389571224
LSE:URNU,1D,1737360000,2025-01-20,16.084,16.22,16.018,16.092,20329.0,327134.268,-0.09932952570152588,1.6550852811118046,5.938117182356809,-9.079609017458628,1.4659188492606134,2.7881613519952144,2.282891031113235,1.2559064909226447,20.31996741939769,547.0088380337263,-34.19451877043018,8.06996598749246,-23.861998983325055,49.47839836248949,-0.20323859208320982,-0.28105241539995285,0.07781382331674302,16.014691383595288,16.349333384868366,16.327105908586102,16.010677175652326,0.48273559916304193,-1.5739686677778228,-1.439972949905749,0.5079286994265411,15.812950000000015,16.704108678349808,14.921791321650222,11.271251453394747,1.7646928624955087,-3.6644198749925714,7.842280146699987
LSE:URNU,1D,1737446400,2025-01-21,16.312,16.6586,16.108,16.605,70386.0,1168759.53,3.187919463087259,6.715938303341902,8.579088471849875,-5.599772598067081,1.5340156607736992,2.8762580973758256,2.365457282446287,3.3754291319274112,257.27211861522255,938.7647674483505,3333.264924159759,120.2557233371714,159.18846357015929,55.591067606177866,-0.13287615648848217,-0.2514171636176587,0.11854100712917653,16.07091125182431,16.359359526638233,16.332608761881428,16.016590835596084,3.3233258513269623,1.5015286690275786,1.6677754429182488,3.6737478683429083,15.863850000000014,16.812036959411554,14.915663040588475,11.954058559700684,4.671942813377498,-1.2314805154865656,11.325926006872807
LSE:URNU,1D,1737532800,2025-01-22,16.996,17.356,16.996,17.223,24699.0,425390.877,3.721770551038835,12.245828988529716,8.655605324585187,-2.6289009497964715,1.4644984301647204,2.8817884642445395,2.463786652703562,2.118145445987309,-63.60321639473605,364.6932165919704,16.798746394739503,38.90312899624447,-6.487305737315036,61.61609152139913,-0.026935488640891236,-0.2065208286223052,0.17958533998141396,16.180633989745804,16.393227780495558,16.350240271547143,16.028594906883686,6.442059136340249,5.061676874225425,5.337901547365277,7.451714264756669,15.940000000000015,17.053531140111453,14.826468859888577,13.971532498261444,8.048933500627241,0.9937464475608818,16.16386991912134
LSE:URNU,1D,1737619200,2025-01-23,17.45,17.9,17.34,17.802,23250.0,413896.5,3.361783661383038,14.115384615384615,10.311067046722009,3.8926174496644177,1.5788919933560117,2.9537376046205965,2.469758671247004,3.2091690544412534,-2.702074167895232,-45.479559996965065,26.167468951017653,892.4007213248552,-11.429627949502882,66.23771954138954,0.10256145042648868,-0.14470437281254642,0.2472658232390351,16.335049800246203,16.44847374988789,16.37898798894225,16.04624072870574,8.980384006736768,8.228886586643558,8.688033790722914,10.941872934470648,16.049100000000017,17.414848571296186,14.68335142870385,17.01962815729439,10.922107781744652,2.223111083158833,21.23935115521133
LSE:URNU,1D,1737705600,2025-01-24,18.066,18.224,17.876,17.911,45801.0,820341.711,0.6122907538478921,12.846522177419365,4.279226828132296,6.4736654381167655,1.6448396953605338,2.4988850755093472,2.4430980969399285,1.9262703420790381,98.19972166954783,626.829357649836,92.72427035571329,468.50085692832664,67.47039357469146,67.04223819966677,0.21154553145732535,-0.07345439195857205,0.2849999234158974,16.48514029546085,16.50582772048052,16.409324860448343,16.064795547325584,8.64936348119377,8.513188816189658,9.151352370207317,11.492237465678594,16.161500000000014,17.735747058119514,14.587252941880514,19.481447367131747,10.825109055471247,0.9881339720632474,22.785284325720387
LSE:URNU,1D,1737964800,2025-01-27,17.398,17.398,16.094,16.109,69076.0,1112745.2840000002,-10.060856456925908,2.110801217038552,-2.981209347145251,-4.731208232302308,4.475453881769554,3.573461449949759,3.062361723633002,7.4951143809633205,35.64411867385836,38.82743922821965,161.24312880117705,1518.093695634494,112.09609579079967,47.072105718802874,0.15077185669279558,-0.028609142228298516,0.1793809989210941,16.449317410178868,16.490265849089127,16.403377833508774,16.065235392625826,-2.0688846940741548,-2.312066115721143,-1.7946171605424948,0.2724180897732995,16.191700000000015,17.737325582085745,14.646074417914285,19.09157879760283,-0.5107555105394321,-9.180220403296376,9.988516651918316
LSE:URNU,1D,1738051200,2025-01-28,15.88,16.082,15.593,15.593,35352.0,551243.736,-3.2031783475076154,-3.19716910851751,-0.996825396825397,-7.5696502667457075,4.571708047842667,3.4110398825504546,3.1122289098934584,3.079345088161214,-50.46092363398416,102.7474185482368,137.2371875938066,623.0798238039403,1.9923356509715298,43.11197135328828,0.060276563282492646,-0.010832001126140283,0.07110856440863293,16.367763371114215,16.455078953046417,16.38733074769672,16.06053653299771,-4.733471235792151,-5.2389839970158025,-4.847224724553536,-2.911089128542601,16.211850000000016,17.714628130662618,14.709071869337414,18.539255305996544,-3.8172694664706097,-11.976701486554198,6.009407925358129
LSE:URNU,1D,1738137600,2025-01-29,15.918,16.454,15.848,16.283,130713.0,2128399.779,4.425062528057469,1.1869251802137863,2.8616550852811193,-1.1293946201955185,4.87201846897073,3.597677617894,3.1930193603969568,3.8070109310214844,286.10865575441204,550.6196345654623,4109.566537621275,380.61262331760435,256.7186781359916,49.25930492465363,0.04373151501764028,8.070210261583097e-05,0.04365081291502444,16.359690669103337,16.448330758809302,16.385264792296784,16.062750099833554,-0.46877823459200474,-1.0051522019689068,-0.6241265770990809,1.371184254237569,16.26135,17.70381196137007,14.818888038629927,17.740986589306203,0.13313777761379625,-8.025457819312015,9.8800392954817
LSE:URNU,1D,1738224000,2025-01-30,16.51,16.88,16.494,16.725,59246.0,990889.3500000001,2.714487502303016,0.7226738934056067,7.487146529562988,3.5219113641990756,4.8344911293576995,3.6044956483800688,3.2082076716386543,2.3379769836462705,-53.44439706409122,-15.21871483691773,780.6781196640145,248.46083521864313,59.766358755959246,52.77940652373287,0.06552976478144501,0.013170514638381666,0.05235925014306334,16.394482033950638,16.459180532973644,16.391992222152293,16.06933965107899,2.016031768279766,1.6150224884758135,2.0315271831185866,4.0801947258423,16.30505,17.748093516322193,14.86200648367781,17.70057149560647,2.5755824115841413,-5.764526287746311,12.53527589540634
LSE:URNU,1D,1738310400,2025-01-31,16.948,17.072,16.686,17.028,9402.0,160097.256,1.8116591928250956,-1.1322069325901427,10.974973931178306,7.99771675017441,4.680857829517901,3.5734775536601355,3.1846108139315383,2.2775548737314093,-83.84307430491607,-62.3646710223172,74.88882080136413,-3.111208694166051,-74.1795339758544,55.080018607581586,0.10603232781825156,0.031742877274355645,0.07428945054389591,16.45481707833629,16.481487178739382,16.40458643557502,16.07887856002348,3.483374618720838,3.31591934231276,3.8002394444583074,5.902908193711323,16.34955,17.823796855177115,14.875303144822887,18.034097026243707,4.149655495105358,-4.4647998495672265,14.471616707363196
LSE:URNU,1D,1738569600,2025-02-03,15.972,16.646,15.898,16.646,48896.0,813922.816,-2.243363871270836,-6.4936523986068915,6.705128205128212,3.6617262423714094,4.505129811061142,3.647834185313778,3.2033555434318632,4.683195592286508,408.39273347695604,96.64887622871902,7.213832580921184,-84.37248523514761,71.8724991119179,51.66263356409424,0.10608382503719938,0.04661106682692439,0.059472758210274985,16.473024975637596,16.487938661926073,16.409366902197295,16.084521559426232,1.0500501554403159,0.9586482659528751,1.442061105788423,3.490799763607005,16.323050000000002,17.755379358073586,14.890720641926416,17.549776029278657,1.9784905394518715,-6.24813097879059,11.78773949416127
LSE:URNU,1D,1738656000,2025-02-04,16.54,16.846,16.424,16.804,4135.0,69484.54,0.9491769794545097,-6.180559432750839,5.871975806451604,7.807788541733488,4.522251420895084,3.634727251118509,3.1533189149729837,2.55139056831923,-91.46300624161394,-91.52980531548273,-38.4361383828326,-60.00132744548515,-85.21880916192983,52.96256916038491,0.11751922798609016,0.060792699058757546,0.05672652892733261,16.504546406529254,16.50033322420348,16.417181418985468,16.09168054888468,1.8143703322393605,1.840367534827026,2.3561814366453824,4.426631817300719,16.333049999999997,17.775840140665014,14.890259859334979,17.667124519486784,2.8834173654032904,-5.467196672419323,12.852295116026877
LSE:URNU,1D,1738742400,2025-02-05,16.6,17.002,16.6,16.91,14992.0,253514.72,0.6308021899547825,4.972375690607724,7.1881338742393535,7.7070063694267565,2.4822292943949646,3.62236881257759,3.1529428391006427,2.4216867469879366,264.85054085412384,-77.21718315545789,-68.37119879066671,298.5052910884615,-46.78727890345517,53.859086110455586,0.13359517926529563,0.07535319510006516,0.058241984165230465,16.54316103447885,16.516398587960207,16.426940202767934,16.099823030985327,2.2174659652807214,2.3830946555547072,2.940655966779928,5.032210400421336,16.39105,17.8286772778435,14.9534227221565,17.541612988106316,3.166057086031708,-5.152806703081566,13.084477809514727
LSE:URNU,1D,1738828800,2025-02-06,17.12,17.12,16.672,16.696,5372.0,89690.91200000001,-1.2655233589591877,7.073686910793314,3.650360069530674,6.8886043533931005,2.1084908484822513,3.6240540221231643,3.162307366699996,2.616822429906544,-64.62102397841039,-83.7293548855855,-67.01168704937977,-66.7069297508884,-80.93415960282206,51.716034073392464,0.12759662053230514,0.08580188018651316,0.041794740345791975,16.557717126433246,16.52344178058922,16.43226811954481,16.10575514012975,0.8351566372999341,1.0443237050860246,1.6049633473391671,3.664807112331988,16.43435,17.853827407358093,15.014872592641904,17.27451840027862,1.5920921727966306,-6.485037526916589,11.196414734694056
LSE:URNU,1D,1738915200,2025-02-07,16.568,17.438,16.5619,17.045,58121.0,990672.4450000001,2.090321034978439,4.679727322974885,5.922197365150404,8.823341633148193,1.682431990770048,3.6495485281100697,3.1790845308213456,5.287904394012538,1004.5404968119847,-53.454588053685384,202.83358911210127,1248.8849304884209,97.73839708123194,54.869853452249515,0.14928325832802614,0.09849815581481576,0.050785102513210376,16.60412501915389,16.543895044095525,16.44440142410828,16.11510086012846,2.6552135709501963,3.0289418215532034,3.652298191962264,5.770358795409539,16.508599999999998,17.892270827906714,15.124929172093282,16.763030516297157,3.2492155603746173,-4.735401314098248,12.694742607121798
LSE:URNU,1D,1739174400,2025-02-10,17.09,17.344,17.032,17.232,34866.0,600810.912,1.0970959225579207,3.031390134529135,3.7759710930442574,11.138342470170903,1.4852459136162557,3.5777914003605757,3.1719062657159443,1.8256290228203698,-39.35322264868284,-39.36649818670471,-48.59413792330746,191.06508289378644,16.855639062171367,56.50905949033067,0.17949035907022193,0.114696596465897,0.06479376260432493,16.66392263637733,16.57087955217021,16.459997435512076,16.12621428440579,3.4090254498815176,3.9896521228603343,4.690174269543599,6.8570694652340975,16.602999999999998,17.911549731573086,15.29445026842691,15.762810715811455,3.78847196289828,-3.793919240696571,12.668318884091367
LSE:URNU,1D,1739260800,2025-02-11,17.102,17.132,16.888,16.922,12853.0,217498.46600000001,-1.7989786443825366,-0.6225041108761928,-1.7476630087673368,11.402238314680718,1.5446097601451279,3.485445777753319,3.1662218759430503,1.426733715354928,-63.79918179648508,35.85396241894366,-48.87091431441299,-56.24857246131355,-56.916251226708205,53.067909878555994,0.17638207208396395,0.1270336915895104,0.04934838049445356,16.688501432912823,16.58464898149687,16.4691460011455,16.1341325502326,1.3991583847467308,2.034116120754238,2.7497114836616463,4.883234021503326,16.669099999999997,17.89953730437603,15.438662695623966,14.763092241045186,1.5171784919402005,-5.461243426314951,9.607939065839432
LSE:URNU,1D,1739347200,2025-02-12,16.72,16.95,16.452,16.928,15499.0,262367.072,0.0354568017964793,1.6941006848492133,-4.909560723514205,10.691165892892183,1.2693837484051407,3.3548281316259496,3.166521442570824,2.9784688995215167,20.629389634407797,-67.76511644072156,-36.61046372704288,670.710862611831,-48.8002300498707,53.127404638569224,0.1724153848772474,0.13611003024705778,0.03630535463018961,16.711310820254457,16.59811372732052,16.478232218944598,16.14203172883725,1.296661776423377,1.9874925434236999,2.7294662138473607,4.869078963329275,16.721899999999998,17.900524944585893,15.543275055414103,14.096782597502616,1.2325154438192003,-5.432940919869712,8.90883639161725
LSE:URNU,1D,1739433600,2025-02-13,17.114,17.156,16.808,16.808,124609.0,2094428.072,-0.708884688090743,0.023803856224716355,-6.158226788007378,6.037473976405267,1.2712030413836939,3.3463988254716774,3.1132189591108816,2.0334229285964645,698.2816044842701,2914.236076111319,155.3116638975828,475.06304542481104,267.37135024905075,51.71537700769712,0.1577700842466072,0.14044204104696767,0.017328043199639542,16.720519313563557,16.606344561543246,16.484762274015,16.14865827879907,0.5231935970163281,1.214327678854413,1.9608273423179414,4.082950483053784,16.7735,17.869421438790198,15.677578561209799,13.06729589877127,0.20568158106537882,-5.939875795229209,7.210433896897461
LSE:URNU,1D,1739520000,2025-02-14,17.148,17.148,16.562,16.642,17270.0,287407.33999999997,-0.9876249405045239,-1.584861028976941,3.308709417096019,3.1230635766513677,1.2846417831546078,2.0321578119729407,3.106829376121961,3.4173081408910573,-86.27752636424746,13.369093518514413,-74.1713270653592,-12.390037978710692,-49.46747338618784,49.745714609480224,0.13125573094058396,0.13860477902569093,-0.007349048085106974,16.71304128370036,16.607742814031745,16.487875892351337,16.15356715164684,-0.42506496869390425,0.20627237760034867,0.9347723664038519,3.023684142133055,16.800199999999997,17.855222577957527,15.745177422042465,12.559643075172094,-0.9416554564826447,-6.794777117229914,5.695855651026374
LSE:URNU,1D,1739779200,2025-02-17,16.552,16.5847,16.458,16.458,2129.0,35039.081999999995,-1.1056363417858495,-1.42549113560136,5.547360995318402,-4.180251513740103,1.267146804409967,1.8400393089267562,2.885699639511519,0.765466408893204,-87.80856397056526,-60.933520221089964,-93.64363171647905,-91.76820900140234,-93.69501947957431,47.58243250511291,0.09430852272714318,0.1297455277659814,-0.035437005038838204,16.688751637633658,16.601870546814816,16.4872842905226,16.156596334217518,-1.3826776420670506,-0.8665923903521807,-0.1776174293266345,1.865514614264067,16.818499999999993,17.8357727264608,15.801227273539189,12.097068424185341,-2.1434729613223227,-7.724771713516873,4.156466552193985
LSE:URNU,1D,1739865600,2025-02-18,16.598,16.636,16.386,16.526,47259.0,781002.2339999999,0.4131729250212748,-3.0448811968319265,1.4923539888226895,-0.4697663213683414,0.924169694772691,1.465680132559368,2.8235650617120216,1.5062055669357755,2128.946049442734,-21.164433517680013,-63.305660820593424,83.35864473622787,37.604107625369565,48.47421284131285,0.06971104024963637,0.11773863026271239,-0.04802759001307602,16.673251481668547,16.59889523125345,16.488050938235023,16.160271992583514,-0.8831599633127561,-0.4391571260489628,0.23016099299508086,2.2631302714727246,16.814549999999997,17.835714134701302,15.79338586529869,12.146196415619876,-1.7160732817708308,-7.3432110697104775,4.638740172308543
LSE:URNU,1D,1739952000,2025-02-19,16.462,16.4699,15.91,15.992,27491.0,439636.07200000004,-3.231271935132512,-7.195914577530167,-4.382660687593426,1.5365079365079422,1.1187486991491633,1.5120688870866736,2.726071791457747,3.4011663224395514,-43.70873054378484,-26.826217164311416,-55.632173057466005,89.20491694452247,-23.472491672420272,42.37703793349036,0.007046789986635105,0.09560026220749693,-0.08855347222086182,16.608370388176304,16.57509541826312,16.478228147378886,16.158597644398604,-3.71120328948772,-3.5179008237903826,-2.950730764437357,-1.031015488255285,16.752999999999997,17.81581418884041,15.690185811159585,12.688046186837132,-4.542470005372147,-10.237052146529582,1.9235858164646549
LSE:URNU,1D,1740038400,2025-02-20,15.86,16.096,15.75,15.867,41514.0,658702.638,-0.781640820410205,-6.2344876492140395,-6.818181818181805,0.23373341756159705,1.0779742500218066,1.3953839444833624,2.7292934229737393,2.181588902900379,49.82906998586776,202.853923576638,311.43905552010216,1202.787479366516,10.752397272079943,41.07463594546159,-0.05210094785459418,0.0660600201950787,-0.11816096804967288,16.537763684540465,16.547326970488097,16.466124619708015,16.15569617530011,-4.0559515623475475,-4.111401023872005,-3.638528394173166,-1.786962147391011,16.656249999999996,17.670671386801533,15.641828613198461,12.180669560093495,-4.738461538461513,-10.207146900760767,1.4395464390368127
LSE:URNU,1D,1740124800,2025-02-21,15.838,15.86,15.413,15.413,20929.0,322578.677,-2.86128442679776,-8.949669187145561,-7.407184909287519,-0.9447300771208242,1.1863537943132536,1.4583905187754007,2.7617088700311707,2.8223260512690946,-51.02817897018957,22.94937567470359,-60.367411914399504,186.70000611477505,-46.39365282084667,36.66686737150906,-0.13406454932160372,0.026035106291742216,-0.16009965561334594,16.43064333363185,16.50284355988072,16.44527066684251,16.148306163605582,-6.193569618475236,-6.603974375241529,-6.27700624547219,-4.553456914650194,16.531349999999996,17.511607777322112,15.551092222677878,11.859379631090226,-6.765025239922911,-11.984095372669616,-0.8879905070365466
LSE:URNU,1D,1740384000,2025-02-24,15.262,15.278,14.714,14.918,139070.0,2074646.26,-3.2115746447803866,-11.244645406949076,-11.223518209950008,-2.7763295099061533,1.3172098457820942,1.5464395475234838,2.811375765837374,3.6954527584851267,543.1442646161017,-0.9444970808240731,2885.766704363302,2166.325151702539,210.64177702374036,32.56375367224646,-0.23624042455277205,-0.026419999877160642,-0.2098204246756114,16.28658206376215,16.44069283204226,16.41502768334068,16.136064311231397,-8.403126318365247,-9.261731531621296,-9.119860850798236,-7.548707589022019,16.471799999999995,17.66830501043703,15.27529498956296,14.527920572579022,-9.433091708252867,-15.566320644863046,-2.3390382300773065
LSE:URNU,1D,1740470400,2025-02-25,14.82,14.902,14.406,14.412,192087.0,2768357.844,-3.39187558653974,-13.399831750991458,-14.772324068598458,-7.615384615384609,1.4023769242496198,1.6194439783065524,2.8544942134408284,3.3468286099864955,33.43758390888286,863.2175169917375,991.9909676250752,264.6614255997167,276.7337378578689,28.992245861840942,-0.3539652222461065,-0.09192904435094981,-0.26203617789515665,16.108050438641946,16.361136250393542,16.37536376881908,16.118909442462925,-10.529209882365738,-11.913208352791868,-11.98974139773061,-10.58948465810174,16.41275,17.865944395117275,14.959555604882722,17.708115886944924,-12.190217970784898,-19.332559862109665,-3.660239778138874
LSE:URNU,1D,1740556800,2025-02-26,14.66,15.024,14.506,14.963,55179.0,825643.377,3.823202886483475,-9.08372827804107,-10.37973167225684,-5.727066532258069,2.4970123825999244,2.0581084264393787,2.925745705005605,3.5334242837653407,-70.17569896935623,2256.349909509616,820.5429609189389,631.5266763910184,8.839116492486125,37.08435220209742,-0.39821154269249703,-0.15318554401925927,-0.24502599867323777,15.998998015914141,16.30630737782909,16.347396169436525,16.107407855970756,-6.475393114516541,-8.23796183098769,-8.468603532254424,-7.104854277012319,16.346749999999997,17.931470148796095,14.762029851203899,19.388809993376032,-8.464985394650299,-16.554527454601352,1.3613991491807664
LSE:URNU,1D,1740643200,2025-02-27,14.95,15.052,14.704,14.748,12204.0,179984.592,-1.4368776314910103,-10.758804308362583,-13.476092695805233,-6.516227180527387,2.3954015595141556,1.904071645161653,2.9338339837184635,2.327759197324408,-78.20068603299653,-76.95466361495708,-81.83207851309521,-77.54490594821887,-75.60762789355493,35.3896119317111,-0.4454904371426025,-0.21164652264392791,-0.2338439144986746,15.879855347731842,16.24519728458089,16.315724958160555,16.093881409642687,-7.1276174936537355,-9.216245628496942,-9.608674834742382,-8.36268998997532,16.247899999999998,17.966864327727645,14.528935672272349,21.159218455648404,-9.231346820204449,-17.915559827321026,1.507779596999129
LSE:URNU,1D,1740729600,2025-02-28,14.182,14.366,13.946,14.204,36382.0,516769.928,-3.688635747219953,-11.180590295147574,-17.571959145775295,-11.820213558480257,2.445150010044094,1.9244951092540885,2.9675521784555774,2.961500493583415,187.11898182928903,17.544933392089803,-13.987925705317416,90.06795368892536,-30.731161035831533,31.470712241023577,-0.5208515033112882,-0.27348751877739996,-0.2473639845338882,15.720250076519287,16.165150332244384,16.273908622355396,16.07507661949699,-9.645203283273775,-12.131964701451034,-12.719185478969516,-11.639612449670162,16.106699999999996,18.00113470196274,14.21226529803725,23.52356102693594,-11.813096413293824,-21.093863052692573,-0.058156091685054555
LSE:URNU,1D,1740988800,2025-03-03,14.504,14.616,13.958,14.04,21693.0,304569.72,-1.1546043368065437,-11.514463981849131,-17.031083796241585,-12.751677852348992,2.4296662775084084,1.920964537222762,2.97034790243242,4.536679536679533,-41.06280116206762,-53.762183050495096,40.033042807759365,-6.897641185056165,-59.13368528863624,30.378555190994163,-0.5870420650866262,-0.3361984280392452,-0.25084363704738094,15.560226259707926,16.081811103528917,16.22967280805133,16.05482710089503,-9.769949577432833,-12.696400239901292,-13.491786519350299,-12.549665519491683,15.976399999999998,18.054151515460923,13.898648484539075,26.010259075397762,-12.120377556896418,-22.233952739475736,1.0170162632587194
LSE:URNU,1D,1741075200,2025-03-04,13.632,13.632,13.272,13.389,14810.0,198291.09,-4.636752136752135,-13.131771880879784,-20.906190926276,-19.367660343270103,2.622364536734995,2.059713835422151,2.9865848519004277,2.640845070422531,-34.894680272221414,-38.52938704934921,-24.422265153761366,-83.03405577364575,-72.18661764108079,26.453990133684826,-0.68414245320022,-0.40578723307144016,-0.2783552201287799,15.353442806402409,15.97621066809641,16.173421861357244,16.028301458100053,-12.79480329703794,-16.194144668253056,-17.216034338472276,-16.4665074774112,15.80565,18.12995043453938,13.481349565460617,29.411007260560396,-15.289785614637807,-26.149825680203705,-0.6850172159115151
LSE:URNU,1D,1741161600,2025-03-05,14.186,14.246,13.89,13.893,12319.0,171147.867,3.7642841138247918,-6.870894221745533,-17.34293193717277,-19.334610695000862,3.2147239677772257,2.482857779388822,2.988677460519493,2.5095164246440143,-13.688574206738183,-91.75050367381667,-91.82841992580015,-59.7669164400063,-75.70507529150574,33.60539611383487,-0.7122166324550268,-0.46707311294815745,-0.2451435195068693,15.214353015316465,15.89451613209263,16.128264992815517,16.007054677422442,-8.684910978378399,-12.592494892319284,-13.859302248637626,-13.207018530424985,15.654799999999998,18.062927455098716,13.246672544901282,30.76535573879855,-11.254056263893487,-23.08555723021325,4.879168356490355
LSE:URNU,1D,1741248000,2025-03-06,14.05,14.132,13.89,14.03,25174.0,353191.22,0.9861081119988389,-2.6505689703025355,-15.69522893882947,-21.188630490956072,3.104787489027758,2.552807536192017,2.9113262453379294,1.7224199288256163,106.36612432920359,-87.24185094909282,22.888726502252872,-14.666777805562509,-49.71907709735627,35.44299371103247,-0.7151668682534638,-0.5166918640092187,-0.19847500424424502,15.101557490048231,15.821397852402722,16.086715190977586,15.987382491577442,-7.095675335172394,-11.322626920292453,-12.785178120957335,-12.2432955651661,15.521499999999998,17.978973865578286,13.064026134421711,31.665417202954455,-9.609251683149171,-21.96440072221702,7.394151356089948
LSE:URNU,1D,1741334400,2025-03-07,13.86,13.972,13.528,13.528,85397.0,1155250.6160000002,-3.5780470420527366,-9.590322796230694,-17.80289221047514,-24.47099547763944,2.74857855660122,2.626055906070179,2.9430990071899474,3.203463203463197,227.0892792861613,39.92125997517693,3197.034482809796,40.82553654278347,61.890622743221535,31.95319952540028,-0.7493738408220025,-0.5632282593717755,-0.18614558145022708,14.9516948719484,15.731460681720263,16.036047563433474,15.962911023999556,-9.521963122852794,-14.006713847498297,-15.640060641579165,-15.253552565310743,15.345649999999996,17.844866459212884,12.846433540787107,32.572311491698166,-11.844724726551144,-24.191083015833875,5.305491652986309
LSE:URNU,1D,1741593600,2025-03-10,13.68,13.68,13.2183,13.248,28532.0,377991.936,-2.0697811945594404,-10.170870626525632,-19.835410867723592,-17.760258240735006,2.758955371596346,2.5840843473331407,2.414977281954478,3.375000000000003,-67.28052504236882,110.01349715535649,-51.601683126555564,-66.03068631832548,-45.14762440175055,30.168899495177158,-0.7899704849617741,-0.6085767044897752,-0.18139378047199894,14.789438217477123,15.63407006675084,15.980838700791226,15.93589698395976,-10.42256098447039,-15.261989082582689,-17.10072138238853,-16.86693247744546,15.146449999999996,17.647594575989253,12.64530542401074,33.02614904468383,-12.533960102862368,-24.93027906463354,4.766152779867784
LSE:URNU,1D,1741680000,2025-03-11,13.05,13.382,12.712,13.333,16605.0,221394.465,0.6416062801932432,-6.132075471698116,-16.627063531765888,-14.493683062912844,2.6792545136469315,2.5948029938711157,2.3762247499922418,5.134099616858237,-41.428786195057874,-57.15802081269713,-49.64142410043188,-59.83728239589466,-67.35137658431948,31.420861459144717,-0.8059938331059069,-0.6480601302130016,-0.15793370289290531,14.650729815812635,15.543832024917474,15.928406251270609,15.909997511482548,-8.994294703260449,-14.223210990529292,-16.294199245850933,-16.197347043094627,14.966999999999999,17.44774980600625,12.486250193993747,33.14959318509055,-10.91735150664795,-23.583269199503192,6.781457946546389
LSE:URNU,1D,1741766400,2025-03-12,13.536,13.89,13.536,13.703,23592.0,323281.176,2.775069376734413,-2.4002849002848983,-13.638368941828963,-15.844746054166933,2.9568382404652356,2.7952636883026867,2.2788719412839082,2.615248226950362,46.02044183895925,6.143570674064384,-50.92153008805774,-84.8110688983491,-47.68422780730263,36.737713950881194,-0.7798469539241761,-0.6744174949552365,-0.10542945896893963,14.56046983335429,15.471642533744241,15.884338800750399,15.88803733723894,-5.889025856775911,-11.431511100949786,-13.732638343418802,-13.752720306853591,14.805749999999998,17.172297770487692,12.439202229512302,31.96795529422954,-7.448119818313822,-20.202874518342135,10.159797607352237
LSE:URNU,1D,1741852800,2025-03-13,13.582,13.644,13.412,13.436,16290.0,218872.44,-1.9484784353791103,0.35103443124953765,-12.826834490365277,-19.665171898355762,2.5097341198719727,2.7615964619230833,2.209047335066944,1.708143130614043,-32.296571452709635,10.379361977383859,-32.14912962148456,-77.91151554913776,-63.04130158131775,34.650049635051175,-0.7717735077969046,-0.6938886975235701,-0.07788481027333449,14.45337746827293,15.391813414773878,15.835856844299895,15.863638955773876,-7.039029254623753,-12.70684202094462,-15.154575264828326,-15.303165702030114,14.637149999999997,16.88665805955442,12.387641940445572,30.736968051217957,-8.206174016116504,-20.43422711222632,8.46293479093503
LSE:URNU,1D,1741939200,2025-03-14,13.622,13.844,13.556,13.796,65345.0,901499.62,2.679368859779692,-0.6981933347729166,-7.521115431022925,-18.98050270143293,2.3024618343339274,2.8309826053886287,2.2471322679824772,2.114226985758334,311.8835701744815,426.7372803425006,-56.546827409507394,463.09498521323815,46.12871598956392,39.63127791439762,-0.7279350698590488,-0.7006979719906659,-0.02723709786838291,14.390770090342174,15.329232496547451,15.795463639462273,15.843065433825878,-4.132996959914833,-10.002017367097645,-12.658467551828961,-12.920892376391208,14.494849999999994,16.57256781289001,12.417132187109978,28.6683589397616,-4.821367589178192,-16.753998802348658,11.104559346814408
LSE:URNU,1D,1742198400,2025-03-17,13.836,14.168,13.738,14.055,16472.0,231513.96,1.8773557552913913,0.17818959372772886,-2.477102414654462,-15.565300973206783,2.3808407758191095,2.7734114802340954,2.2727903432165957,3.1078346342873644,-74.31901746114991,-34.45081675586386,-91.63713750006085,-71.55578447379463,-61.25341097838366,42.99767761608337,-0.6646321903366932,-0.6934848156598713,0.028852625323178116,14.358791986500062,15.279262594722061,15.760999012938267,15.825273737966914,-2.115721063343514,-8.012576439028937,-10.824180697795908,-11.18637040520692,14.374699999999995,16.252749317776363,12.496650682223626,26.129927132759214,-2.2240464148816725,-13.522323360839547,12.470135858027238
LSE:URNU,1D,1742284800,2025-03-18,14.164,14.234,13.838,14.062,11304.0,158956.848,0.04980434009249145,3.947368421052624,-6.021519748713492,-16.317543442037607,1.8749409314423016,2.5494262042887263,2.2588851644385546,2.7958203897204235,-31.340275117751,-86.24048792543557,-80.74751733883284,128.76577725059417,-73.52882718513636,43.09004632821433,-0.6069033566330049,-0.676168523854498,0.06926516722149312,14.330526083023866,15.231526806693745,15.727355468127609,15.807728725648834,-1.8738047819609784,-7.678329438252887,-10.588909696245807,-11.043513941482956,14.251499999999997,15.851591934858826,12.651408065141167,22.45506697342497,-1.329684594604057,-11.289666944575966,11.149683320590075
LSE:URNU,1D,1742371200,2025-03-19,14.092,14.278,14.056,14.264,9879.0,140914.05599999998,1.4364955198407052,7.6690821256038655,-3.281800922158937,-15.647545830869314,1.5408226040140158,2.574035149255266,2.277671492560822,1.5753619074652379,-11.350748474831368,-62.720353907232564,-21.707711513438895,-44.41582879290008,-76.3859039033057,45.818528658834005,-0.5386439757354378,-0.648663614230686,0.1100196384952482,14.324190265593021,15.193584578980264,15.698378132125082,15.792368240816508,-0.42020012633872883,-6.118270340669371,-9.137110343837232,-9.677891355562057,14.165099999999995,15.552398655661563,12.777801344338428,19.587558939387193,0.6981948591962218,-8.284244020407396,11.631098462178505
LSE:URNU,1D,1742457600,2025-03-20,14.548,14.682,14.25,14.482,30798.0,446016.636,1.528323051037577,8.617715442886066,1.9571951562939924,-13.260661236224259,1.536590783323947,2.4154416011906292,2.3030617457883777,2.969480340940338,216.51678239962098,101.45789823607379,-13.691449166523483,397.28186061927875,-26.716074719689846,48.67825287878494,-0.461635697530955,-0.6112580308907398,0.1496223333597848,14.339219764107971,15.165679301373196,15.674291436439438,15.779329750858135,0.9957322521091163,-4.508069093293379,-7.606668800782988,-8.221703781731177,14.095849999999995,15.256111914397128,12.935588085602863,16.462461141359093,2.7394587768740752,-5.0741100926678575,11.954709010240304
LSE:URNU,1D,1742544000,2025-03-21,14.524,14.566,14.15,14.26,24918.0,355330.68,-1.5329374395801654,4.0648033277384545,1.5669515669515715,-16.339102376063373,1.64151802666793,2.432145265745916,2.261491104570744,2.8642247314789344,-20.332415582812477,9.91381694305641,16.666449967514836,-64.13237475278724,-39.51164388032926,46.01475916196563,-0.41375017247011137,-0.5717564592066141,0.15800628673650274,14.331675024669117,15.130162466025228,15.646285665420836,15.764212041894373,-0.5001161730624166,-5.751177279022464,-8.86015821943354,-9.541942457363781,14.038199999999994,15.033853473855489,13.0425465261445,14.184916497207546,1.5799746406234803,-5.147405987435311,9.334476755862418
LSE:URNU,1D,1742803200,2025-03-24,14.412,14.656,14.4,14.582,20333.0,296495.80600000004,2.258064516129039,8.52932420363204,8.910299499589227,-15.378365831012065,1.3480639954988252,2.088670547380375,2.2992585053440915,1.7762975298362491,-16.557780487741717,35.465116576577685,49.525531379145704,-50.6507288602641,-48.640295171742004,50.2654765873807,-0.3458313118387366,-0.5265714297330386,0.180740117894302,14.355515498510155,15.10866589873012,15.625210701749136,15.752448737994927,1.5776828182404963,-3.4858531008643543,-6.676458459740036,-7.430265335012976,14.021399999999995,14.967196468591654,13.075603531408335,13.490756537744586,3.998174219407523,-2.5736046787384654,11.520664915949896
LSE:URNU,1D,1742889600,2025-03-25,14.606,14.606,14.118,14.163,7561.0,107086.443,-2.8734055685091238,2.6601913598144455,1.9434247462750995,-16.304219359413782,1.795074013411831,2.077489277579523,2.3269691581781653,3.341092701629464,-63.88264493697425,-88.12129915262749,-37.430454216528446,-50.76450654139326,-81.33121436327797,45.27037713622796,-0.3221019331464774,-0.48567753041572637,0.16357559726924897,14.337180689128235,15.071580961525017,15.596256034387768,15.736633327666619,-1.2148880097487709,-6.028438316089449,-9.189744200323588,-9.999809329610605,14.008949999999995,14.940297083530348,13.077602916469642,13.2964581004337,1.0996541496686416,-5.202688267740087,8.299663863959603
LSE:URNU,1D,1742976000,2025-03-26,14.222,14.222,13.9,13.961,29368.0,410006.648,-1.4262515003883356,-0.6688011383849123,-0.491803278688518,-17.52717391304348,1.7766900011401823,2.101664702126757,2.32920159013373,2.264097876529315,282.8744671255912,77.09802380815395,16.086308147750678,56.27214378487252,-29.130017077568837,43.04930575287618,-0.3159538223973115,-0.4517327888120434,0.13577896641473186,14.301353956830308,15.028028766955408,15.56387472677613,15.718965334356502,-2.3798722684417943,-7.100257681843539,-10.298686894585057,-11.18372168245811,13.958849999999995,14.78091137848734,13.136788621512649,11.778353925822634,0.015402414955427188,-5.547096234408579,6.274070491913321
LSE:URNU,1D,1743062400,2025-03-27,13.864,13.864,13.544,13.562,12465.0,169050.33,-2.8579614640785107,-3.5556819798037265,0.25133057362506595,-19.312232270347458,2.0209197953926834,2.021053737011208,2.3638367147203234,2.308136180034624,-58.768880742636156,6.349825205391585,-85.36678295958599,-91.92856836384114,-67.13348689497846,38.98105085114512,-0.33936537297961955,-0.4292593056455586,0.08989393266593904,14.230939294275041,14.97053744276108,15.524233643077592,15.697502992721114,-4.700598326240833,-9.408729968089226,-12.639810042749335,-13.604093553677558,13.899549999999996,14.653649058479928,13.145450941520064,10.8506974467509,-2.4284958865574553,-7.449673826112287,3.1687696400300744
LSE:URNU,1D,1743148800,2025-03-28,13.4,13.424,13.168,13.204,15282.0,201783.52800000002,-2.639728653590907,-7.4312955692652745,-0.33212560386472456,-20.658574690541993,1.9669132164862833,2.06829692679657,2.389358532230351,1.9104477611940316,19.36298970844957,43.19616774071143,-46.616975447857165,-29.79179724498336,-60.550644794546585,35.71937588324671,-0.38239874881499425,-0.4198871942794457,0.03748844546445146,14.133135551963132,14.901261464613587,15.47828842242259,15.672692017669164,-6.574164300250216,-11.390052235806458,-14.6934102812553,-15.751550626312286,13.849549999999994,14.647600994611723,13.051499005388264,11.524576532980928,-4.661162276030581,-9.8555455950962,1.1684557808170337
LSE:URNU,1D,1743404400,2025-03-31,13.058,13.086,12.67,12.902,37725.0,486727.94999999995,-2.2871857013026458,-10.910095290705705,-3.2325808145203703,-21.60651354964151,1.676433559526535,2.1394778628329796,2.4047526940048276,3.1857864910399782,141.21292497175483,9.127756839993733,119.84648532202465,1289.1001767683297,-7.56396311345122,33.19600245423692,-0.4358477042550728,-0.42307929627457114,-0.012768407980501661,14.015884547014263,14.822859054236583,15.42727281009739,15.645122942866486,-7.947301101674309,-12.958762187565798,-16.368886718879832,-17.53340611565622,13.792649999999995,14.684978924780872,12.900321075219118,12.939194785351289,-6.45742478783987,-12.141515040052928,0.013014596854541913
LSE:URNU,1D,1743490800,2025-04-01,13.006,13.106,12.732,13.102,37866.0,496120.332,1.5501472639900875,-8.120617110799436,-4.385900897613655,-20.71886723950139,2.0133283906852824,2.038200644620835,2.4320501512796247,2.8755958788251617,1.9296985102252793,39.622149148505834,53.464033427049905,-36.476451615373996,-4.049834825381775,36.40035359356124,-0.4568023251354205,-0.42982390204674104,-0.026978423088679482,13.928847923489094,14.755374385442991,15.381227803956849,15.619818236967317,-5.936226226540446,-11.205235070647463,-14.818243595420341,-16.119382433070918,13.778299999999996,14.70471245673863,12.851887543261363,13.44741305877552,-4.908442986435163,-10.899311778137935,1.9461145757517875
LSE:URNU,1D,1743577200,2025-04-02,13.044,13.044,12.752,13.007,21223.0,276047.561,-0.7250801404365794,-10.800987518858873,-3.1929145579041402,-18.665582791395703,1.4868895898403278,1.991295199585545,2.3877247530956343,2.238577123581722,-44.358748635200065,-6.8966388684769635,26.12257669352979,-37.2099837612961,-46.0430946385383,35.52859943047949,-0.475592386222468,-0.4389775988818864,-0.0366147873405816,13.841052883156799,14.68681068405307,15.334213391997308,15.593820045554708,-6.02593523915915,-11.437545701307416,-15.176607580091753,-16.588751428436076,13.733999999999998,14.717229169624417,12.75077083037558,14.318176345193232,-5.293432357652531,-11.620592095924144,2.0095190560088927
LSE:URNU,1D,1743663600,2025-04-03,12.68,12.808,12.4,12.642,81731.0,1033243.3019999999,-2.8061812869993097,-10.739250158864651,-8.364743403885184,-20.325203252032527,1.4788843618832521,1.9223851276372703,2.418682135692767,3.2176656151419523,274.2990150889252,864.8684493143543,14.613836664734247,56.86035585605167,97.14916073208008,32.325384570812076,-0.5140108969177621,-0.45398425848906154,-0.060026638428700596,13.726857370475198,14.606622029776478,15.280902235720133,15.564448701817845,-7.90317361939372,-13.450214743501121,-17.26928289320196,-18.77643569525543,13.664599999999997,14.745545771072903,12.58365422892709,15.821111061764077,-7.483570686298884,-14.265635221176677,0.46366317773405874
LSE:URNU,1D,1743750000,2025-04-04,12.578,12.66,11.376,11.63,38264.0,445010.32,-8.005062490112314,-16.69651171119547,-17.253646389185338,-24.5442159216246,2.676243320292299,2.5827886776761817,2.7267319403223644,10.208300206710135,-56.930732661066884,8.5373425457238,92.21748874236354,37.954040898989724,-15.74538342247668,25.469036833250726,-0.6189825403751268,-0.48698391486627457,-0.13199862550885222,13.52715666852518,14.489891754098968,15.208607141943496,15.525299958516175,-14.02480000057558,-19.73715057802242,-23.53014387539889,-25.090014163491027,13.569699999999997,14.96848777518259,12.170912224817405,20.616340452369506,-14.29434696419226,-22.30344057011374,-4.444303063121626
LSE:URNU,1D,1744009200,2025-04-07,11.402,13.04,10.839,11.48,73172.0,840014.56,-1.289767841788481,-15.351718035687945,-18.361541743706436,-23.04598471644992,2.7056185294209043,2.5553313907842177,2.6939729406459287,19.30363094194,88.7629392504875,396.9020527791931,428.4544645726745,-59.51046806408337,72.48092087469973,24.63497789221934,-0.7061371608573896,-0.5308145640644976,-0.17532259679289208,13.332189366760877,14.371856783349989,15.134773337152536,15.485048217635418,-13.892612202003814,-20.121664353768452,-24.14818679960586,-25.863969949245615,13.4813,15.148039343748746,11.814560656251253,24.726685760998517,-14.845007528947496,-24.21461458153964,-2.831765530563605
LSE:URNU,1D,1744095600,2025-04-08,11.962,12.288,11.832,11.85,20104.0,238232.4,3.2229965156794353,-10.254468342926392,-16.923724060572066,-17.776852622814328,3.3143142065261455,2.732509044369107,2.74569039533887,3.812071559939805,-71.63949158214591,18.063353516150222,69.0621977412956,-91.39445066625571,-40.83847648903655,30.66644339237608,-0.7368578787753179,-0.5720232270066616,-0.1648346517686563,13.191028474688412,14.27296043890489,15.069728320575258,15.448878583629096,-10.166216207186903,-16.97587861520616,-21.365536604792297,-23.295403379263817,13.407149999999998,15.219291415563449,11.595008584436547,27.032462761488475,-11.614325192154922,-22.138293587820833,2.199148139534074
LSE:URNU,1D,1744182000,2025-04-09,11.688,11.688,11.176,11.414,22801.0,260250.614,-3.6793248945147674,-11.533095644086186,-21.18491921005386,-23.718505647263246,3.3976729275136557,2.6791817289771274,2.6709780293817422,4.380561259411365,9.24232556109077,-46.530579556814025,-41.650020875006106,-68.47905266973396,-32.197248857275234,27.83910532964586,-0.7873102033118666,-0.6150806222677027,-0.17222958104416397,13.02178766757523,14.160844343261562,14.997337660761886,15.408730538020846,-12.346904346925315,-19.397461596763108,-23.893158517975568,-25.925111274831497,13.292699999999996,15.294820186202704,11.290579813797288,30.123604477686378,-14.133321296651523,-25.373427990369912,1.0931253154234797
LSE:URNU,1D,1744268400,2025-04-10,12.718,12.728,12.236,12.236,62707.0,767282.8520000001,7.201682144734544,-6.609677911769193,-14.193548387096769,-17.032818009221582,4.545831508906883,3.519038573327161,3.0344269785805027,3.8685327881742344,194.8246077913192,54.65660294688347,115.93487283451012,326.30474279709455,90.19855856522531,39.21710069786825,-0.7522935321845257,-0.6425232042510672,-0.10977032793345842,12.94695074685378,14.085360251368952,14.942657707083432,15.377161079931087,-5.491260148854327,-13.129662418035865,-18.113629851805847,-20.427444725350846,13.232699999999998,15.285332758191338,11.180067241808658,31.0236423132292,-7.532098513530854,-19.949403826731963,9.444780029968042
LSE:URNU,1D,1744354800,2025-04-11,12.57,12.63,12.274,12.522,28469.0,356488.818,2.3373651520104572,-3.728761436149761,-14.127005897682077,-11.841734722613351,4.6838686423563,3.5243790974075306,3.021038710085722,2.832140015910912,-53.53880031714823,29.14036143213743,20.234017070717005,-31.015951454512653,-10.445424471997248,42.60784672607046,-0.6934708578575854,-0.6527127349723709,-0.04075812288521452,12.90647924715342,14.024052006217229,14.894723891101583,15.348751516946697,-2.978963044768532,-10.710542185320831,-15.929962236621902,-18.41681724943983,13.168999999999997,15.226821177848102,11.111178822151892,31.252504789249073,-4.913053382944771,-17.763531509669665,12.69731322328656
LSE:URNU,1D,1744614000,2025-04-14,12.854,13.126,12.854,12.933,34792.0,449964.936,3.28222328701485,2.3018509729473213,-8.684600720186404,-7.884615384615381,4.72718042862023,3.6475330157412076,3.0870553983281614,2.1160728177999086,26.22133241778146,-56.45121191407443,320.18851629986443,47.73790907382389,11.677301812004227,47.168888692729176,-0.6066955904178712,-0.6435093060614709,0.0368137156435997,12.90900503313881,13.981265653032239,14.855877873456008,15.324714188419865,0.18587774038039817,-7.4976449131763125,-12.943549279519473,-15.606908938159291,13.112899999999996,15.131854967303664,11.093945032696329,30.793416670662747,-1.3719314568096794,-14.531298192157314,16.57710545602638
LSE:URNU,1D,1744700400,2025-04-15,13.05,13.14,12.888,13.021,6698.0,87214.65800000001,0.6804299079873267,11.960447119518486,-6.7330420456987286,-2.7485249085069725,3.260369881010333,3.6529746652400368,2.9794658282295363,1.9310344827586257,-80.6174546009514,-80.40165495487835,-78.72847710508343,-56.0168548168251,-78.15333868169621,48.11958224225336,-0.524775416891968,-0.6197625282275704,0.09498711133560234,12.919671220458923,13.943608176442739,14.819543658140047,15.301791659181855,0.7842984377235431,-6.616710429381212,-12.13629582414399,-14.905389577783614,13.060849999999997,15.03236548561003,11.089334514389963,30.189696468607092,-0.3051103105846553,-13.380232722091817,17.419129011785444
LSE:URNU,1D,1744786800,2025-04-16,12.622,13.216,12.622,13.191,22798.0,300728.418,1.305583288533906,14.90418118466899,-2.735584722017392,-5.052904340315266,3.0418919112847753,3.6124334694401106,2.906385953385749,4.7060687688163485,244.81407700985307,-64.19961839709065,77.89283108764118,75.71262982786692,-25.475962186040125,49.991744303252034,-0.44105134456378714,-0.5840202914948137,0.14296894693102657,12.945512056605693,13.91409413030773,14.787295268869947,15.280788757100444,1.8963169809033738,-5.196846618513831,-10.79504561074431,-13.675922037266513,13.007199999999997,14.901727339470224,11.112672660529771,29.1304406708627,1.4130635340427098,-11.480060670141356,18.702317641840356
LSE:URNU,1D,1744873200,2025-04-17,13.086,13.108,12.916,12.946,11509.0,148995.514,-1.8573269653551736,9.248945147679326,-1.95395334747047,-7.726300784034209,3.2727733254237683,3.5791082214968823,2.914787532847761,1.4672168729940407,-50.45512659199372,-37.45791336526854,-26.16071516006005,-57.81449097177443,-62.44368368884401,47.34035596863906,-0.38997349479596544,-0.545210932155044,0.15523743735907858,12.94555852740515,13.876129654609388,14.750833976417077,15.257557028174071,0.003410224394060473,-6.703091407771739,-12.235470748993304,-15.150243409909145,12.930399999999997,14.699971405736457,11.160828594263537,27.370714065094052,0.12064591969314735,-11.93180147991305,15.994971974159775
LSE:URNU,1D,1745305200,2025-04-22,13.004,13.004,12.734,12.913,5660.0,73087.58,-0.2549049899582842,13.132994568074299,0.08525809951946217,-4.546126552335897,2.6928260938996713,3.5273368097484172,2.847627391213303,2.076284220239923,-50.946456012091744,-71.91646202994164,-84.98389500746772,-93.6734437543031,-79.73468047838706,46.97893713777683,-0.3481435726725053,-0.5057974602585362,0.15765388758603094,12.942457715271328,13.83835986423255,14.714441224408818,15.234228102520598,-0.22760526570288886,-6.686918632780242,-12.24267504919266,-15.236926261702333,12.863049999999998,14.524294169289998,11.201805830709997,25.829708650592213,0.38832158780384596,-11.093786386514395,15.27605633547697
LSE:URNU,1D,1745391600,2025-04-23,13.114,13.52,13.114,13.474,29709.0,400299.066,4.344459072252768,10.11768551814318,2.839261181499007,1.7059178743961418,1.9627472672489796,3.6812146811346698,2.9323127897834023,3.0959280158609026,447.6977976285437,-47.82900921653857,-19.314117930566894,5.901483041162022,10.764342258005524,53.48089581686348,-0.2666512567903361,-0.4579682195648962,0.19131696277456012,12.993080790007392,13.824071242105783,14.689878031846266,15.216713395032832,3.7013485697900803,-2.5323310041945137,-8.276978401116452,-11.452626791286631,12.807649999999999,14.301353354083384,11.313946645916614,23.32517447124781,5.202749918993737,-5.785140284273544,19.09195280554893
LSE:URNU,1D,1745478000,2025-04-24,13.56,13.926,13.53,13.829,27837.0,384957.873,2.6347038741279536,10.437629771601983,6.31967402168064,3.720093002325062,1.985541823436375,3.717959508783127,2.9662231762710825,2.920353982300891,-3.832432874075197,7.985960165516325,39.45345925371173,73.87872501690592,4.936281884264073,57.068633355464925,-0.17144615167706512,-0.40066380598733,0.22921765431026486,13.07269214334002,13.824264526729085,14.672830942106737,15.202905301549919,5.785402489152065,0.03425479353176405,-5.750975700845759,-9.037123328064473,12.790949999999999,14.230140949804758,11.35175905019524,22.50326910518389,8.115503539612007,-2.8189527512042045,21.822529344138562
LSE:URNU,1D,1745564400,2025-04-25,14.002,14.032,13.784,13.851,42799.0,592808.949,0.15908597874033004,7.098121085594998,9.563360227812066,1.0800554623075347,1.8708053677851566,3.6058775557752414,2.9264265648936014,1.7711755463505163,53.99320044559784,31.74558761618706,-42.62639323646928,83.37255398996695,57.73183338709651,57.28847673582974,-0.09314646930425141,-0.33916033865071427,0.24601386934646285,13.146816701117162,13.825312976661278,14.65655706206502,15.189453507504647,5.356302707278184,0.18579704764792798,-5.4962230123608595,-8.811729183300484,12.785449999999997,14.207451191982669,11.363448808017326,22.244053857825445,8.334082883277505,-2.508903160503658,21.890811794986195
LSE:URNU,1D,1745823600,2025-04-28,13.9,14.13,13.89,13.89,13444.0,186737.16,0.2815681178254256,6.673834574917439,19.432502149613068,3.3789818398332887,1.8857379045142613,2.6884812200924593,2.902209428304861,1.7266187050359725,-68.49960508946366,114.11212780310389,-58.03756640969585,-14.682195711803642,-50.1718325786629,57.701986020653734,-0.027627954974505542,-0.2768538619154725,0.24922590694096697,13.217596062915527,13.82784972267456,14.641377714301356,15.176523621857834,5.08718782056769,0.44945728057434275,-5.131878495064213,-8.477064009605803,12.801849999999998,14.266230998920697,11.337469001079299,22.877646573279637,8.499943367560176,-2.6372137038097896,22.514116675227132
LSE:URNU,1D,1745910000,2025-04-29,14.358,14.478,14.256,14.331,24057.0,344760.86699999997,3.1749460043196467,8.642256083693416,24.834494773519154,3.877935633516963,2.043681990700102,2.6249909298417746,2.9179094601772784,1.5461763476807322,84.62359982340952,14.641931511773512,-58.95775104183909,-61.75695925418139,-3.2126008001795054,62.16283444158021,0.059198550041386966,-0.20964337952410061,0.2688419295654876,13.323634533114049,13.847581106099089,14.635231620948854,15.16811045149109,7.560740760205355,3.4909988264159133,-2.078761913910388,-5.518884202275829,12.858199999999997,14.460393945813106,11.256006054186887,24.920967877511778,11.45416932385562,-0.8948161875670848,27.318694846199993
LSE:URNU,1D,1745996400,2025-04-30,14.414,14.414,13.914,14.149,42621.0,603044.529,-1.2699741818435588,9.292445543024868,19.400843881856535,0.6688011383849123,1.9245349549702646,2.6847058735295026,2.911197158428686,3.468849729429721,74.91675730122816,304.7400574758244,153.13287739199203,160.47868949241766,63.60909200722074,59.37958500542405,0.11203186821575883,-0.14530832997612872,0.2573401981918876,13.402240768055568,13.859401454879517,14.625603272019173,15.157970048988691,5.571898347956425,2.0895458296903735,-3.258691372621757,-6.656366556523236,12.920549999999997,14.61887994144254,11.222220058557454,26.288818068000868,9.507722194488645,-3.2141993321286857,26.08022232829717
LSE:URNU,1D,1746082800,2025-05-01,14.46,14.53,14.306,14.456,35711.0,516238.21599999996,2.169764647678284,11.949198482149766,26.65148063781321,2.8018774000853375,1.8301681221309238,2.303859133160264,2.935603754826873,1.5491009681881063,-14.39467714663572,606.3282379851678,98.36195890780874,224.76626360885058,35.67435013447648,62.43491008210521,0.17663880560917633,-0.0809189028590677,0.25755770846824405,13.502598790145514,13.88279747625679,14.62224479138513,15.150985272381838,7.060871945260626,4.128869017383096,-1.1369307090459577,-4.587063216599526,12.988249999999997,14.813332998112699,11.163167001887295,28.103601302911514,11.300598617981658,-2.4122390157449765,29.497301236790623
LSE:URNU,1D,1746169200,2025-05-02,14.398,14.828,14.398,14.741,11456.0,168872.896,1.9714997232982856,9.403295235267919,20.472376593658048,3.34408300616938,1.4855421499010464,1.7413280745343784,2.945063254779956,2.9865259063758836,-67.28779645403083,-57.8133175059669,-77.99078976418986,19.84105829726456,-55.72637070107358,65.06215381620163,0.2479788413947972,-0.01513935400829472,0.2631181954030919,13.620541762512609,13.916452477187896,14.624596379674534,15.146905816935252,8.226238405370871,5.924983570085244,0.7959441567033265,-2.6797936280915056,13.074949999999998,15.05364062513572,11.096259374864275,30.266893948133237,12.742304941892721,-2.0768439537057324,32.846570199971616
LSE:URNU,1D,1746514800,2025-05-06,14.652,14.652,14.384,14.556,11904.0,173274.62399999998,-1.2550030527101317,5.2570684792826565,16.243411595591752,0.5109791465267218,1.6061066603381549,1.839467731508571,2.9441246245523445,1.8291018291018215,2.6065331407592924,-54.98867898202462,-51.39409281555643,-61.15063654262438,-53.463156158936975,62.029480514068425,0.2862882273647873,0.045146162266321684,0.24114206509846564,13.709633023225694,13.941532772200135,14.623238035522563,15.14102615706525,6.173520292924419,4.407458188708857,-0.4598026467136106,-3.863847476363154,13.170649999999998,15.239416615643227,11.10188338435677,31.414799051576487,10.518463401578517,-4.484532662107961,31.112888651940718
LSE:URNU,1D,1746601200,2025-05-07,15.182,15.182,14.91,15.047,34924.0,525501.4280000001,3.3731794449024557,8.634755613313114,16.345782107786288,5.518934081346429,1.8177617104752526,1.847315909254926,2.987020545801164,1.791595310235807,203.27662289430225,-11.353998807464013,16.787195169358725,47.890812017695765,39.01751865156651,66.4934512227656,0.35220825081860063,0.10655857997677748,0.24564967084182315,13.837001306728009,13.984884428192286,14.63162936155182,15.14009057341286,8.744659817901802,7.594739715307076,2.838854294243323,-0.6148614036453172,13.3415,15.43731816959389,11.24568183040611,31.418029001145154,12.783420155154973,-2.5284065878921886,33.80246948936325
LSE:URNU,1D,1746687600,2025-05-08,15.136,15.47,15.124,15.254,35037.0,534454.3979999999,1.3756895062138563,9.820014398848084,17.14922048997772,4.608421341379775,1.7781115491249744,1.8446010260643355,2.9711490561539775,2.2859408033826645,1.70370041316041,186.20677212826834,512.8034097204163,80.25698414094931,38.48017637241507,68.19128236372057,0.4163540441135414,0.16851767280413027,0.2478363713094111,13.971953563230104,14.034653666302393,14.6439535326102,15.14122400054308,9.175856697261356,8.688111318523605,4.16585907645299,0.7448274951409144,13.530199999999999,15.601073690015868,11.45932630998413,30.611131986457984,12.740388168689309,-2.224678229921978,33.11428252732184
LSE:URNU,1D,1746774000,2025-05-09,15.082,15.266,15.05,15.21,5760.0,87609.6,-0.28844893142781375,6.133556625497183,15.305890379804413,7.3925015886464776,1.684442474392138,1.8805642290223767,2.9179314459000723,1.4321707996286916,-83.60765664426248,-74.58829919928237,-70.86753537206451,-18.18796334471581,-77.2616037758296,67.40938067827074,0.4583559728305051,0.22648533280940525,0.23187064002109986,14.08986274768438,14.080745679388574,14.655162373548611,15.141908338846134,7.9499514819596895,8.01984743083906,3.7859534565978383,0.44969008945312033,13.6982,15.741568062782566,11.654831937217434,29.834110507695407,11.036486545677542,-3.376843149694466,30.503812340955605
LSE:URNU,1D,1747033200,2025-05-12,15.636,15.912,15.456,15.456,57286.0,885412.416,1.6173570019723775,9.23740193653262,19.38822802410011,10.708401976935743,1.4471888814687137,1.7026897501756015,2.9097163125138,2.91634689178819,910.6340127109357,46.82372087318945,494.254412250291,115.9507462425341,120.72375261676751,69.51407841430475,0.5056639685736481,0.2823210599622538,0.22334290861139433,14.219971057428724,14.134677221373336,14.671020544369432,15.14503362900687,8.69220434823287,9.348093047562944,5.350544314600077,2.0532563915707964,13.900299999999998,15.794088171892513,12.006511828107483,27.248162584872492,11.191844780328495,-2.140599496552021,28.730144285680016
LSE:URNU,1D,1747119600,2025-05-13,15.406,15.844,15.37,15.776,2715.0,42831.84,2.0703933747412027,9.131156613171004,22.17145512274452,16.325025807403044,1.4388603704987402,1.6568658724533558,2.860856273129881,3.076723354537194,-95.16249837634986,-91.70308615819329,-41.3965546540192,-74.6632615269074,-89.2093088545531,72.04327704348015,0.5624931507818243,0.3383554781261679,0.22413767265565637,14.36816429005456,14.199042820535166,14.692901325669046,15.15131190135506,9.798299083480856,11.106080877396765,7.371577949950154,4.122996759040193,14.0773,15.977507578134512,12.177092421865487,26.996761852550033,12.066944655580265,-1.2611953219179108,29.554736495817558
LSE:URNU,1D,1747206000,2025-05-14,15.886,16.154,15.726,16.136,31864.0,514157.50399999996,2.2819472616632823,9.463401397462857,19.75656820543268,22.205392305362,1.4644671548445534,1.4750472459732387,2.8141737975776784,2.694196147551297,1100.4095644735319,204.46419536738443,28.443343407651113,154.80647954574363,26.221412521266718,74.59663692642235,0.6293252091981234,0.396549424340559,0.2327757848575644,14.53652959576365,14.275001925612218,14.721477537041936,15.161109792883865,11.003110430858818,13.036762335203456,9.608563130968783,6.430203464219461,14.258,16.218621432097528,12.29737856790247,27.50205403419174,13.171552812456166,-0.5094232727697598,31.214956999996403
LSE:URNU,1D,1747292400,2025-05-15,15.988,16.14,15.7345,15.84,17476.0,276819.84,-1.8344075359444685,8.821104699093162,14.541904693036367,22.77166330801427,1.6157083634507137,1.6287348479582275,2.799230685567917,2.536277207905929,-46.16049793177772,59.757865063957695,-28.090874504598062,-43.12637275093817,-30.855328800336117,69.0152191291689,0.6509021756587785,0.4474199746042029,0.2034822010545756,14.66066963426235,14.33637439911762,14.743626496704472,15.167864919322831,8.044178029777887,10.488185918016521,7.436253919892718,4.4313097740006535,14.403349999999998,16.38045639824978,12.426243601750215,27.45342435266494,9.97441567413138,-3.2993976792217294,27.472150938429717
LSE:URNU,1D,1747378800,2025-05-16,16.14,16.14,15.816,15.816,8659.0,136950.744,-0.15151515151514605,5.110653286369376,14.186701321204243,20.7143947488933,1.4040649239850784,1.641932461419211,2.7991896358073776,2.007434944237917,-50.527121177441614,-73.93903485263222,-76.89799652467796,-72.39565984971566,-64.73762912251242,68.56725190237364,0.6584749878355449,0.48963097725047133,0.1688440105850736,14.770701097665935,14.394398932485556,14.764861615581612,15.1743140246032,7.076840127102998,9.876071061961108,7.119188867365368,4.2287643076081665,14.543099999999999,16.504672624197255,12.581527375802745,26.975990321145492,8.75260432782558,-4.172591846430214,25.70810782813152
LSE:URNU,1D,1747638000,2025-05-19,15.774,15.87,15.494,15.741,13281.0,209056.221,-0.474203338391509,3.1926052183033966,13.326133909287249,21.019451064811257,1.4304595713864163,1.675610210065542,2.795384711085125,2.3836693292760205,52.65066467985014,-60.88417986972949,11.95212618634662,-24.268042708770754,-45.86047089776774,67.10147411147918,0.6509212083405842,0.5218890234684939,0.12903218487209034,14.863110516935846,14.447206817486123,14.784191088540393,15.17995269102506,5.906499060636319,8.955317099412872,6.471838098746263,3.6959753458695017,14.670599999999999,16.595203896909712,12.745996103090286,26.237562157099415,7.296225103267768,-5.1472937736473305,23.497605622079
LSE:URNU,1D,1747724400,2025-05-20,15.808,16.046,15.808,15.932,44717.0,712431.2440000001,1.21339177942952,4.746877054569358,11.171586072151287,26.024363233665564,1.41462896684875,1.5584001074339155,2.7205362427096413,1.5055668016194304,240.78452226494616,713.188559244649,106.64504362091655,-31.049033405686654,89.75412735048367,68.92344347809419,0.6528215667608777,0.5480755321269706,0.10474603463390708,14.964909515322908,14.505434001114118,14.806919977876227,15.187435748825806,6.4623877858189935,9.8347005596407,7.598339315703825,4.9025014063467545,14.819899999999999,16.64700567838869,12.992794321611306,24.657462984078062,7.504099217943453,-4.29510082595165,22.621813334640606
LSE:URNU,1D,1747810800,2025-05-21,16.08,16.388,15.974,16.388,47628.0,780527.6640000001,2.8621641978408316,6.030020703933761,15.824439889744877,40.91143594153053,1.5893950816712379,1.5349496337254065,2.1953075241035322,2.5746268656716516,9.558314654712143,-11.845864153773045,29.43118235303651,75.39540745931467,101.87787673499902,72.79690393039874,0.6832469579248013,0.5751098172865368,0.10813714063826452,15.100441942435012,14.579260118717485,14.838228493165806,15.199381661772813,8.52662499861488,12.406252900038307,10.444451017505155,7.820175614226607,14.993649999999997,16.720523738870398,13.266776261129598,23.03473455590067,9.29960349881453,-1.9887160477956456,23.52661775125653
LSE:URNU,1D,1747897200,2025-05-22,16.026,16.246,15.894,16.219,31354.0,508530.526,-1.0312423724676623,2.8080628803245524,12.195628112894312,41.28048780487805,1.6201583517524412,1.5909744630133273,2.1861093053263425,2.196430799950072,-34.84785364378835,1087.2721928359838,-1.4930490926692541,-39.46170099718272,35.397240770494946,69.34704950599132,0.6858167435042315,0.5972512025300757,0.08856554097415581,15.206971281250725,14.643563643473662,14.865570503202127,15.209527117874575,6.655031432834006,10.75855846898633,9.10445715155256,6.637108927200443,15.130899999999997,16.78775604685514,13.474043953144855,21.90029736308009,7.191244407140385,-3.387921800076934,20.372176730316145
LSE:URNU,1D,1747983600,2025-05-23,17.69,18.11,17.226,17.99,366393.0,6591410.069999999,10.919292188174346,11.489836390679223,22.04056712570381,51.814345991561176,4.0473499352620195,3.0480341840197465,2.7811561395634055,4.9971735443753555,1196.168023942775,1181.9826645961002,3803.178204511871,2666.798332216776,1022.2158605980522,80.02825727583311,0.8212908861262438,0.6420591392493094,0.17923174687693444,15.472021635417322,14.774796441768812,14.927440394227828,15.237193514711644,16.27439790297811,21.761406804507338,20.516307718478025,18.06636164744181,15.338949999999997,17.305656533776794,13.3722434662232,25.643300666301116,17.283125637674036,3.9544496037322707,34.532399484355324
LSE:URNU,1D,1748329200,2025-05-27,18.814,19.062,18.726,18.984,164145.0,3116128.68,5.525291828793794,19.84848484848486,30.420445177246513,66.32206062729983,3.9623950310297333,3.113423483061379,2.7063330437297664,1.7859041139577023,-52.72439968220638,1025.6883466156185,1698.375669826876,1097.35689845481,356.54042016457936,83.50288702915896,0.9973656031534457,0.7131204320301366,0.28424517112330905,15.806495765377576,14.939863247973957,15.007768307213416,15.274475171281678,20.102521658104674,27.0694362117035,26.494490129324745,24.285776022555535,15.5956,18.007847201262777,13.18335279873722,30.9349714183844,21.72664084741852,5.420707915984389,43.999787381995894
LSE:URNU,1D,1748415600,2025-05-28,18.914,19.314,18.84,19.158,38016.0,728310.528,0.9165613147914006,21.130500758725344,27.32106067654682,56.570774762994446,3.869326304737503,3.09809767389821,2.512154521956319,2.506080152268162,-76.6277133330707,431.8047253543946,38.59344412666371,-5.079264302390538,6.907408711456771,84.02676834395153,1.1378302321274276,0.7980623920495948,0.3397678400778328,16.125686644865425,15.10528037550439,15.08995111301117,15.313117209378378,18.80424332876451,26.829820590869257,26.958661804286393,25.10842657344032,15.859,18.597200650062003,13.120799349937998,34.53181978765373,20.80206822624378,3.015504109948549,46.0124455000566
LSE:URNU,1D,1748502000,2025-05-29,19.366,19.426,18.4653,18.717,29533.0,552769.161,-2.3019104290635894,18.906041547550974,22.702242034876093,49.47292764734067,4.137056425328973,3.27272957813032,2.599342938020382,4.960755964060721,-24.10254421037287,164.4117253989777,3.426814910408883,55.05932671358009,-19.631842951123243,77.32458104345118,1.1997346538919125,0.8783968444180583,0.32133780947385415,16.37247839297348,15.2469164392101,15.161773863248571,15.346986689882076,14.319894341914102,22.759248236357973,23.44861603146007,21.95879476679091,16.0783,18.98897841576497,13.167621584235029,36.20629563778472,16.4115609237295,-1.4322961973518744,42.1441213226311
LSE:URNU,1D,1748588400,2025-05-30,18.2606,18.728,18.23,18.419,17059.0,314209.721,-1.5921354917988901,15.610092894802913,21.097961867192634,42.41861903657311,4.379436183463463,3.3407916508807363,2.627634295366893,2.7271831155602833,-43.15715434783453,-55.896134027496416,258.6475922729929,-30.17017641570186,-54.01389912070541,73.08253977548087,1.2107909996744368,0.944875675469334,0.2659153242051028,16.567385212690294,15.371311872966567,15.226273390708997,15.377553986500166,11.176264471060925,19.82711789481927,20.968535946814086,19.778477228367375,16.291800000000002,19.231367219847083,13.352232780152923,36.08646337233553,13.056875237849704,-4.224178190558947,37.94696589905504
LSE:URNU,1D,1748847600,2025-06-02,18.186,18.672,18.186,18.404,41316.0,760379.664,-0.08143764590911867,12.301684159140823,19.073498964803314,41.34091083634129,4.435234424352019,3.362565857912919,2.6363826276797395,2.6723853513691886,141.99749822507877,-2.5813306727332233,-14.121413901654615,771.8484729940693,7.746776135494186,72.86584870273016,1.204458609621721,0.9967922622998114,0.20766634732190947,16.74230090671979,15.490240819124741,15.289198670100898,15.407667877181757,9.925153672356107,18.81028974887104,20.37256102891981,19.44701915113131,16.4892,19.439358273720185,13.539041726279816,35.782915771780125,11.612449360793729,-5.326092863465931,35.932810992650296
LSE:URNU,1D,1748934000,2025-06-03,18.228,19.26,18.202,18.916,109115.0,2064019.34,2.7820039121930042,16.62864541587027,19.903651115618665,43.40080357819725,4.290151929146659,3.3790333082561523,2.651751524066127,5.804257186745664,171.44588916833524,305.87914283832,4718.890199440417,586.3399720341694,169.9877607126984,75.53257829669646,1.226614616165925,1.042756733073034,0.18385788309289097,16.949319867984574,15.624584316413967,15.361016518217712,15.442576654523231,11.603298228681563,21.06562079944955,23.142892122836944,22.49251160077215,16.69795,19.713867537002674,13.682032462997324,36.12320718414746,13.283367119915928,-4.047240022816865,38.25431310119894
LSE:URNU,1D,1749020400,2025-06-04,19.116,19.264,18.73,18.835,43126.0,812278.2100000001,-0.4282089236625054,4.697053918843816,16.726574119980178,45.48895411710181,2.5017999607467374,3.398222124612258,2.608111031742857,2.7934714375392287,-60.64580431693047,-87.67671558325607,57.982369931529796,445.169574702766,3.265022320864244,74.28867930121945,1.223533258145963,1.0789120380876198,0.14462122005834321,17.128908451986042,15.750482970672243,15.429808270332213,15.476332110697129,9.960305134424036,19.583634578515458,22.0689179671477,21.701963134930303,16.9119,19.896605472906835,13.927194527093164,35.297104085369895,11.371282942779946,-5.335611013408392,35.23901000563663
LSE:URNU,1D,1749106800,2025-06-05,19.296,19.37,19.172,19.214,14831.0,284962.834,2.0122113087337286,1.2115465655288498,21.30050505050504,48.79578719120265,1.7074726446263142,3.2985681198310726,2.595055091068656,1.0261194029850766,-64.9180748059215,-90.8552289310466,2.9416222478851033,289.8922826559587,-64.0950176992971,76.25879796735691,1.2374093080374884,1.1106114920775936,0.1267978159598948,17.327488599415943,15.886307167900782,15.504742760028606,15.513522835963824,10.887390805426032,20.94692490160971,23.923371689428468,23.853235678086207,17.120250000000002,20.13673642463374,14.103763575366266,35.23881280511367,12.229669543376973,-4.582353392205776,36.233140163802155
LSE:URNU,1D,1749193200,2025-06-06,19.226,19.3,19.03,19.13,67978.0,1300419.14,-0.43718122202560444,-0.14615304311515942,20.953464845725836,41.97714116075403,1.6904369070652812,3.309220902457419,2.553732476673034,1.4043482783730343,356.3469283857557,78.55284113097426,849.5524463890462,224.86189712968252,57.88258171212792,74.88914162574383,1.2274784718210228,1.1339848880262795,0.09349358379474326,17.49915635185252,16.013510808375262,15.576530032107247,15.54950768336717,9.319555842329693,19.46162355599607,22.812975422434484,23.02640308324856,17.31405,20.324066244142152,14.304033755857851,34.76963788532608,10.488302852307791,-5.875134580838662,33.73849870960907
LSE:URNU,1D,1749452400,2025-06-09,19.47,20.40793,19.47,20.4075,146733.0,2994453.6975,6.677992681651855,9.031896137201475,29.645511720983414,47.57032323378406,2.615878320204505,3.5225106191423823,2.726407342779536,4.8173086800205525,130.26835005673632,441.7186610198756,1332.367658410892,677.8652957956258,228.8276346778074,80.59683404617707,1.3076183753913604,1.1687115854992958,0.13890678989206462,17.7761414611999,16.185824110007605,15.672192803748688,15.597845915373465,14.80275426781219,26.082551381379186,30.214707383632085,30.835373747897254,17.573925,20.707379806998183,14.440470193001813,35.66027289860615,16.12374583367119,-1.4481784262093764,41.32157559447023
LSE:URNU,1D,1749538800,2025-06-10,20.215,20.355,19.556,19.611,31045.0,608823.495,-3.9029768467475106,6.4715782615777195,23.091890534772787,41.58544509421702,3.064387658130116,3.830010245111369,2.878388547886117,3.95251051199604,-79.66829490439966,93.76341796885399,-14.54284183527471,2.7014683275302533,-33.18290307056329,69.92495800973325,1.2919659536827481,1.1933624591359862,0.09860349454676198,17.950889893466574,16.320144733144563,15.750188985852674,15.637777796812536,9.248065786073607,20.164375504415986,24.51279167262838,25.40784409916178,17.781675,20.876624503222956,14.686725496777044,34.81055078582818,10.287697868732842,-6.062400092637424,33.52874338329244
LSE:URNU,1D,1749625200,2025-06-11,19.588,20.93,19.5667,20.815,15428.0,321133.82,6.13941155473969,13.100412953705723,27.013668537954594,49.85601151907847,3.507544057358483,3.9985377363410413,3.004968704480084,6.959873391872569,-47.253379240891476,-57.76664800441059,-58.85683047359613,71.97103136836824,-64.92867040097549,75.25808060630216,1.3610249856354564,1.2268949644358802,0.13413002119957618,18.223662284564995,16.496413567138895,15.850482273261532,15.68929244560047,14.219632009038094,26.178941351614732,31.320925389842586,32.670100147421635,18.033625,21.252392293157435,14.814857706842567,35.69739631557642,15.423271804753622,-2.0580849775592522,40.50084322029052
LSE:URNU,1D,1749711600,2025-06-12,20.815,21.075,20.655,21.06,17246.0,363200.75999999995,1.1770357914965046,11.334320152252053,29.84770947653984,46.95415532761147,3.4905457490554674,3.926656347550215,2.987004749508876,2.0177756425654487,13.09950474851884,-82.40322883796235,-28.578376040300885,5.348603848359618,-60.361108686418795,76.1835798924442,1.4191649680982827,1.2653489651683607,0.15381600292992204,18.493789686034994,16.675377740976586,15.953641040127641,15.74273232176365,13.876065195565616,26.293990619768888,32.0074831007449,33.77601530380755,18.279825,21.630884254549244,14.928765745450754,36.66401898868556,15.20898039231776,-2.6392090486508017,41.06993410635851
LSE:URNU,1D,1749798000,2025-06-13,20.655,20.795,20.255,20.7725,115545.0,2400158.5125,-1.365147198480522,10.286700292009558,15.466926070038925,46.81249558272671,3.582709964465699,3.114592953816907,2.989818491125168,2.614379084967333,560.8352120463626,195.48478377870066,-63.58656968674988,298.00684643969305,145.87314965442823,72.74482476850997,1.425608943325873,1.2974009607998631,0.12820798252600984,18.710809715936424,16.836049202114758,16.049063989828085,15.792779761348092,11.018712259724325,23.38108395044836,29.43122423317419,31.531625932247113,18.52645,21.84886464751164,15.204035352488361,35.866716478457974,12.123477514580507,-4.926409975422799,36.624912521005676
LSE:URNU,1D,1750057200,2025-06-16,21.81,22.745,20.785,22.5275,156756.0,3531320.79,8.448670116740878,17.24523784740294,18.665718499789286,55.834947426674056,4.347731215163409,3.481945885594143,3.2496626787666836,8.986703347088495,47.128648862519654,1139.2215294995278,13.323971909914833,584.0486970069649,227.9822942583333,78.98163753544861,1.5544113861016093,1.3488030458602123,0.20560834024139707,19.074304028704383,17.059243351051435,16.17734985141565,15.85979190302622,18.103915959916545,32.05450872832254,39.25334005203987,42.04158628147894,18.862025,22.372063339890328,15.35198666010967,37.21804355460592,19.433093742585967,0.6947801718070484,46.7399659650243
LSE:URNU,1D,1750143600,2025-06-17,22.235,22.325,21.755,21.78,48645.0,1059488.1,-3.3181666851625735,13.852587558808166,13.686188537425616,47.75117020554916,4.716691931782364,3.6794888939482693,3.363030783009832,2.563525972565776,-69.99739862206062,-18.52718347409127,45.47202865643596,527.3878905943558,-4.23723458415448,71.47904705959327,1.5779812613691924,1.3946386889620084,0.183342572407184,19.331989359303964,17.24437106277491,16.28829341871435,15.91869944627969,12.663004283715246,26.302083855154716,33.71566584732557,36.82022249053855,19.163975,22.586025576408815,15.741924423591186,35.713369240033074,13.650743126099885,-3.568691506533627,38.35665458639876
LSE:URNU,1D,1750230000,2025-06-18,21.875,22.02,21.725,21.86,48424.0,1058548.64,0.3673094582185413,7.117481318142843,16.7922209755837,50.178620500137406,4.31881157814783,3.5717353064641366,3.3333897621581516,1.34857142857142,-0.08867112334722735,-64.64969083062604,91.49922149871887,510.908057719981,-6.80777984735977,71.78792269104633,1.5848467618054016,1.432680303530687,0.15216645827471464,19.57275227746549,17.42537611913668,16.398624242106145,15.97781686472467,11.685876825651468,25.44922904701714,33.30386547836666,36.81468616818254,19.460375,22.735065212447573,16.185684787552425,33.65495487571616,12.330826101758062,-3.8489672418818066,35.05761595463293
LSE:URNU,1D,1750316400,2025-06-19,21.725,21.895,21.56,21.855,10038.0,219380.49,-0.022872827081422714,11.442557748202537,18.65465008958141,45.244899315478165,3.869585247226868,3.5071099041817586,3.322732276051577,1.5420023014959763,-79.2753510126847,-63.966487528540604,-30.180234621066997,-58.25311249201782,-80.5111635235949,71.7356326181189,1.5717659229812853,1.4604974274208067,0.11126849556047858,19.790109203421157,17.599086859562693,16.506671286816914,16.036296298906514,10.433953523722254,24.182579325840432,32.401013022259306,36.284585870929895,19.733725,22.84558348770472,16.62186651229528,31.538480319399596,10.749491036284335,-4.335995568849626,31.483428674112762
LSE:URNU,1D,1750402800,2025-06-20,22.05,22.05,21.44,21.5075,49140.0,1056878.55,-1.5900251658659355,3.326927696372803,16.863181916974572,40.99580437917924,3.5122353458993474,3.5701758145008324,3.3630385217975833,2.7664399092970493,381.7559437486898,229.10845391494425,38.99353178914055,97.74906034172072,-7.541700442948505,68.02696068995535,1.5158847424440864,1.4715748904254626,0.04430985201862381,19.95367023166676,17.752357963109255,16.605697597969055,16.09073613672834,7.787187771938271,21.152919768146944,29.518798431150863,33.66386607327109,19.99815,22.74816420178151,17.248135798218488,27.502686016271618,7.54744813895286,-5.453909118892097,24.69463512817107
LSE:URNU,1D,1750662000,2025-06-23,21.54,21.78,21.16,21.6775,15138.0,328153.995,0.7904219458328403,2.9320987654320976,14.598752378938453,42.5213675213675,3.504628236921315,3.5431414767015705,3.352613753918198,2.878365831012075,-68.95064290972695,-9.649419511126563,-84.10121510780031,274.563969017094,-71.4922590781629,68.87472566165735,1.4683894045024743,1.470937793240865,-0.0025483887383905834,20.117844495317545,17.90628510181085,16.706129328702342,16.146325826910147,7.752597476560997,21.060844707581282,29.757764790893127,34.256549956841354,20.182525,22.862844299542484,17.502205700457512,26.560792562303142,7.407274362350599,-5.184588076673409,23.855817780917423
LSE:URNU,1D,1750748400,2025-06-24,21.835,22.23,21.725,22.13,22193.0,491131.08999999997,2.087417829546768,6.535082440726914,17.49402707724979,43.18064182194617,3.4538261653644304,3.527924148511564,3.3554270891765405,2.3128005495763637,49.66482123735839,-79.53755606381019,-39.53659177931168,-44.53081060024349,-56.84117572252364,71.07331707422466,1.4505410411065967,1.4668584428140112,-0.01631740170741458,20.30947835290635,18.07192098017121,16.813532708331998,16.205864873408554,8.963901560933627,22.455161375934388,31.62016801521675,36.555501189646975,20.339824999999998,23.088711634166664,17.59093836583333,27.029599656503112,8.80132941163457,-4.1522959329959495,25.803408208073954
LSE:URNU,1D,1750834800,2025-06-25,22.365,22.4,21.8595,21.885,2131.0,46636.935000000005,-1.1070944419340147,-2.8520696925979285,13.901321952742807,38.72337728194727,1.6373834896152748,3.569045121578386,3.3781843633136113,2.4167225575676192,-90.50417781533643,-98.679334510417,-83.63402892041704,8.883799995517373,-95.90217153083441,68.26179667812458,1.4004827388322596,1.453583302017661,-0.05310056318540135,20.459528033581936,18.221453490752733,16.913957803216512,16.26237368063832,6.967276879888525,20.105676592191145,29.390177358951146,34.57445038331567,20.476175,23.247489404303415,17.704860595696587,27.068672779983704,6.880313339771711,-5.860802345612423,23.610123229772594
LSE:URNU,1D,1750921200,2025-06-26,21.86,22.1065,21.75,22.09,38169.0,843153.21,0.936714644733828,1.423324150596872,15.473078933612133,36.898859692612795,1.161495124131931,3.5471083351301766,3.3718114124695275,1.6308325709057663,1707.908710124282,-20.418812632251377,-35.162965226734514,63.98733917924109,-26.622065377752218,69.3541880126378,1.3616566303400326,1.4351979676821354,-0.07354133734210277,20.614811078002703,18.373161196997724,17.016453688301333,16.320360012174255,7.155966243956592,20.229718572379518,29.815532687558083,35.352406341047946,20.644825,23.377654875330613,17.91199512466939,26.474720665644895,7.000180432626574,-5.508058366835663,23.32517872102607
LSE:URNU,1D,1751007600,2025-06-27,22.19,22.8,20.5,22.145,178531.0,3953568.995,0.2489814395654129,1.3037511436413547,8.514026705867945,39.80429292929293,1.159925781076134,3.192971523203316,3.331726164011586,10.36502929247409,368.9027982233502,273.4895918434131,32.02972543207943,1328.2101293751198,210.90956305228815,69.65594892278551,1.3201073244804213,1.4121798390417926,-0.09207251456137122,20.76054335628816,18.521076444174284,17.118009060810216,16.37831662896854,6.668691757976082,19.56648452237021,29.366679976227623,35.2092556376145,20.831125,23.43665258333121,18.22559741666879,25.015716465924996,6.307268570468468,-5.511250289428571,21.504933384222547
LSE:URNU,1D,1751266800,2025-06-30,21.86,22.285,21.81,22.12,171917.0,3802804.04,-0.11289230074508277,1.212537176847406,12.793840191729133,39.858371269600404,1.1627316555522547,2.9480159145464344,3.331220100207624,2.1729185727355964,-3.813388742947689,1633.4285469049685,524.6151916328392,2676.767711462743,172.83538926093954,69.3218125450486,1.2705161894111505,1.383847109115664,-0.11333091970451359,20.89001541759405,18.66221070126549,17.217058386338728,16.43544780678975,5.887906532467323,18.528294177388304,28.477231729385466,34.58714517569683,21.016924999999997,23.42622780942442,18.607622190575572,22.927262760127135,5.248508047680639,-5.575920374593653,18.876016362818163
LSE:URNU,1D,1751353200,2025-07-01,22.385,22.385,21.395,21.525,18902.0,406865.55,-2.6898734177215298,0.08136696501219712,3.411001681479689,36.74480655612731,1.4338735829399822,2.694428521316224,3.391055675249889,4.422604422604431,-89.3009067593186,-61.50309323620958,26.696574655388204,94.62015913891413,-70.94652956891821,61.73189906727735,1.1697195315715625,1.3410215936068437,-0.1713020620352812,20.95049013972795,18.774476948274685,17.302364160866674,16.48609011716995,2.7422263462114325,14.650331187937981,24.404964546312115,30.564614453866888,21.147375,23.362216323323135,18.932533676676865,20.94672575979889,1.785682620183348,-7.864049788328489,13.693182157213393
LSE:URNU,1D,1751439600,2025-07-02,21.55,21.745,21.26,21.47,24613.0,528441.11,-0.2555168408826932,-0.9572137008418848,1.9468186134852807,34.760230981672095,1.4001079839462607,2.6854172619225656,3.3997182098555023,2.2505800464037096,29.881015976899494,61.03448931042269,45.49559587925974,-25.82566886973869,-62.09907190000094,61.06632088374604,1.0730301895995602,1.287423312805387,-0.2143931232058267,20.99996726927767,18.880183734616853,17.38489160322575,16.535681260282686,2.238254587234402,13.717113677419954,23.49803777905789,29.840432105867514,21.279125,23.2252728842832,19.3329771157168,18.291615696446158,0.897005868427383,-7.557598539438534,11.053770309105154
LSE:URNU,1D,1751526000,2025-07-03,21.575,21.73,21.45,21.73,18290.0,397441.7,1.210992081974856,-1.8075011296881998,4.60945962209652,32.59702221137417,1.2246366356829186,2.661894019550476,3.383344782436318,1.2977983777520332,-24.78978404991996,-19.07624907231997,-83.4410228353616,-49.08038262689944,-71.23114824352818,63.092153186780536,1.005788908116088,1.231096431867527,-0.22530752375143903,21.069494196013128,18.991941235220114,17.470933353656925,16.587366023861964,3.134891601298414,14.416950488990665,24.378014386115154,31.00331884363096,21.404925,23.111353559155013,19.698496440844984,15.944261044175716,1.5186925438888565,-5.9769478910845635,10.3129879240056
LSE:URNU,1D,1751612400,2025-07-04,21.4,21.575,21.305,21.305,3100.0,66045.5,-1.9558214450069062,-2.650217043637203,-5.426700699145489,31.35828349466674,1.3398253012738102,1.4960733864353657,3.4058445892391664,1.2616822429906522,-83.38234261779778,41.6162961824142,-98.1297224486932,-87.0124807414216,-95.16769901595782,57.79806008711489,0.9077418766619054,1.1664255208264027,-0.2586836441644973,21.091923320202355,19.082649422074226,17.546855465465697,16.634307655465328,1.01022878076536,11.645922580095332,21.41776651623295,28.07866994692791,21.513675,22.867016208823536,20.160333791176463,12.581218307179379,-0.9699644528422015,-6.830870256788517,5.677813773720954
LSE:URNU,1D,1751871600,2025-07-07,21.485,21.595,20.935,21.535,33522.0,721896.27,1.0795587890166647,-2.5124490719782693,-1.1248852157943112,19.705391884380223,1.3605589385145476,1.295822086260416,2.862259126968098,3.0719106353269727,993.0286999114248,-14.381364924175518,-31.863673598599178,-89.04792354999087,-38.35742310171164,59.765659574636075,0.8389273434523652,1.1009258853515953,-0.2619985418992301,21.1341210992307,19.178820032973277,17.625828624565386,16.683070763371145,1.896832609631881,12.285322887309277,22.17865303641011,29.082950647680565,21.570050000000002,22.824715768242356,20.315384231757648,11.633406211319437,-0.16249382824797254,-5.650522798784768,6.003409801798436
LSE:URNU,1D,1751958000,2025-07-08,21.815,21.995,21.105,21.125,38914.0,822058.25,-1.9038774088692831,-4.6060058703996365,-3.3623055809698053,11.277918246944784,1.4311020749205672,1.370635307831873,2.748094944565018,4.079761631904654,13.874843819320464,-79.20718593656414,-22.341003621713586,-73.61924572383191,-24.900884637774244,54.8558158562825,0.7427458448585362,1.0292898772529835,-0.28654403239444726,21.13325242311349,19.255140815993933,17.69511914685122,16.727269064233123,-0.03904947022950443,9.710960838327926,19.38320293118295,26.290788525487823,21.64575,22.553110319828793,20.738389680171206,8.383727242796331,-2.4057840453668717,-6.332210056956942,1.864225360749428
LSE:URNU,1D,1752044400,2025-07-09,21.11,21.135,20.85,20.96,14653.0,307126.88,-0.7810650887573923,-5.244122965641954,-4.095172729352549,9.40599227476772,1.413531754978494,1.3761687552489386,2.7542167819763472,1.3500710563713887,-62.639280124005815,-91.92367324822764,39.99735345654484,-57.83022925078464,-71.57789531801984,52.96986828313607,0.6457632366171246,0.9525845491258117,-0.30682131250868705,21.116752192340776,19.321998038896133,17.759770252854164,16.769385789962147,-0.7423120322339657,8.477394303666157,18.019544744006637,24.98967023912277,21.653,22.53567434538423,20.770325654615768,8.152905790276002,-3.2004803029603193,-6.991911230324287,0.9131987073206154
LSE:URNU,1D,1752130800,2025-07-10,20.905,21.23,20.62,21.13,14221.0,300489.73,0.8110687022900674,-1.8350754936120772,-1.7552016738347147,12.89202329433136,1.250999836223892,1.352724825399345,2.711141527360596,2.9179622099976052,-2.16104497268361,-26.14520202066752,-71.56818728131061,-45.63920146044472,-71.97400760836081,54.69798900882643,0.5759818399992973,0.8772640073005088,-0.3012821673012115,21.118013888308322,19.392900076586482,17.826507475569922,16.812774986081926,0.056757760247106194,8.957401505465187,18.531350175895643,25.67824179822777,21.6565,22.530251108725693,20.78274889127431,8.06918115785738,-2.4311407660517728,-6.2149822563823705,1.6708622643825717
LSE:URNU,1D,1752217200,2025-07-11,21.1,21.515,20.9,21.4225,19491.0,417545.9475,1.384287742546145,-0.2212389380530947,-1.1763349094683382,16.306531299201904,1.37646844106654,1.3893373226045618,2.6893022240254956,2.914691943127971,38.955147485406584,-20.985339785543932,27.24085455671506,32.88766056349988,-61.181152107430904,57.585812644483056,0.5380792433329162,0.8094270545069903,-0.271347811174074,21.147012565612293,19.472492230445837,17.897715248330915,16.858642896668176,1.3027250706593119,10.014166376224123,19.694048669132755,27.071319627001483,21.689,22.47250239310398,20.90549760689602,7.224882595822582,-1.2287334593572807,-4.672387501563642,2.4730451426013302
LSE:URNU,1D,1752476400,2025-07-14,21.64,21.975,21.455,21.815,9071.0,197883.86500000002,1.8321857859727009,0.39116428900138445,-1.423407139629452,18.534014344707682,1.4699571972156573,1.3622558343969082,2.6964893395845384,2.402957486136798,-52.60788275283165,-50.21059315114644,-59.708544413264484,-73.97565001159737,-81.2765469913266,61.16341972189467,0.5335620608355178,0.7542540557726958,-0.22069199493717795,21.210630416506362,19.564355280232274,17.97528524341347,16.90795988277098,2.8493711484563504,11.503802131633583,21.361078306078536,29.022070972792157,21.653375,22.33993030549213,20.966819694507873,6.341323747380054,0.7464194380783632,-2.3497401214500493,4.04534554047939
LSE:URNU,1D,1752562800,2025-07-15,22.755,22.78,22.25,22.455,22096.0,496165.67999999993,2.9337611735044558,5.397793945083308,2.6045236463330896,18.709029393106352,1.5042901105097441,1.5340690453496333,2.700709821791246,2.3291584267194074,150.73579394661607,651.2482758098582,963.8899833361687,-75.9611903636523,-50.611370053446926,66.17368956822804,0.574996609467636,0.7184025665116838,-0.1434059570440478,21.32914180541052,19.677713896693753,18.063992466316172,16.963154311798135,5.278497395070465,14.113865654754157,24.30806778662975,32.37514431135134,21.687125,22.456615537628142,20.91763446237186,7.096289043643549,3.540695228159548,-0.007194038769719964,7.3496147013834685
LSE:URNU,1D,1752649200,2025-07-16,22.58,22.9598,22.45,22.7425,39821.0,905629.0925,1.2803384546871586,5.607151149291848,2.9538252602987773,20.745951685691523,1.5119068359139083,1.5484120231541167,2.696249878019182,2.2577502214349074,82.52554116600732,25.45141596312722,7.409790030924518,11.49247651245008,-10.13149471196097,68.16081222098212,0.6238413799404654,0.6994903291974401,-0.07564894925697474,21.463747347752374,19.79790158701949,18.156636179854466,17.020660239043924,5.957732503693178,14.873285434003469,25.257232533159073,33.617025900268374,21.73125,22.626299579632203,20.836200420367796,8.237442205415737,4.653436870865691,0.5135635191200165,9.148978898133265
LSE:URNU,1D,1752735600,2025-07-17,23.37,23.635,22.7425,23.3275,14828.0,345900.17,2.572276574694958,10.426035502958582,5.339805825242723,21.4088685333611,1.1354134050355404,1.6628767258784225,2.707423171370191,3.8189987163029606,-61.80553685116957,-57.92266910526109,-91.25093882420029,21.384310067606926,-65.7442551315681,71.79197282445666,0.7016674379469201,0.6999257509473361,0.0017416869995839912,21.641247600347388,19.93631721105794,18.259029522827646,17.08341486353105,7.7918446791650995,17.010076399973695,27.758706840556314,36.550567824695044,21.804875,22.938881696408636,20.670868303591362,10.401405157412155,6.982956792919022,1.6941466839344987,12.852056611221668
LSE:URNU,1D,1752822000,2025-07-18,23.755,24.08,23.625,23.9025,22384.0,535033.5599999999,2.464901939770654,14.038645038167932,8.05831826401446,24.94772608468375,0.7250593845532511,1.7384310939433227,2.717443382647726,1.915386234476945,54.67860567978327,74.20603497811716,-85.93055139386041,-58.856837496255245,-45.64022094705887,74.83044757869536,0.8005150054682488,0.7200436018515186,0.08047140361673022,21.856604971742875,20.09185379101645,18.370781413464723,17.151266456928752,9.36053440551331,18.966125518429664,30.11150403477582,39.36288646687015,21.924625,23.370630078656234,20.478619921343764,13.190693830852156,9.021248938123234,2.2758048009561733,16.71929110363394
LSE:URNU,1D,1753081200,2025-07-21,24.485,24.525,23.785,23.8225,52913.0,1260519.9425000001,-0.33469302374227927,12.742546142924766,10.673635307781664,16.734043856425348,1.0207551394020633,1.5143222058082657,2.492453171705254,3.022258525627929,135.59642548403886,319.4885271120581,209.81240424508786,-57.904844427804,36.05951308266756,73.64190496107202,0.8624552363699394,0.7485259287552027,0.11392930761473663,22.043833069672125,20.23815364234914,18.478736236960472,17.217646890193144,8.068773360359746,17.71083677391635,28.91844818019067,38.36095113304281,22.031875,23.691119462850413,20.372630537149586,15.062217472188937,8.127429009106136,0.5545560536115828,16.93384394597233
LSE:URNU,1D,1753167600,2025-07-22,23.455,23.56,22.945,23.275,37026.0,861780.1499999999,-2.2982474551369627,8.64745011086474,8.407079646017698,18.683391973892192,1.7520524344474717,1.6911522009491455,2.412297293416863,2.622042208484325,-31.63296184820179,106.39169297649569,63.07969491624146,41.548438435346505,-7.819107925503474,65.92464649962668,0.8574801439268747,0.7703167717895372,0.08716337213733749,22.161087063036685,20.357245656374662,18.57371175702066,17.277919060439977,5.026436355738391,14.33275597728847,25.311517183431587,34.70950939509325,22.089125,23.834727528498266,20.343522471501732,15.805085339489612,5.368592010774529,-2.348369738353515,14.409881733140528
LSE:URNU,1D,1753254000,2025-07-23,23.455,23.975,23.4107,23.875,18890.0,450998.75,2.5778732545649903,9.443043777217504,9.871145881270131,14.700936824405469,1.8085704726679697,1.7620104274100727,2.216502977194862,2.405883606906855,-47.66661195433661,127.91082537224545,13.475448097167456,40.43950587328361,-51.98096163146981,69.67514175969907,0.8916736738483877,0.7945881522013073,0.0970855216470804,22.324316866557,20.495196807105067,18.678687761832133,17.34356165685351,6.94616163492108,16.49070865093258,27.819471605419547,37.659152556853954,22.188624999999995,24.095733724614455,20.281516275385535,17.18996760380114,7.600178019142717,-0.9160697372289152,17.718023030534763
LSE:URNU,1D,1753340400,2025-07-24,24.1,24.64,23.9992,24.625,10900.0,268412.5,3.1413612565445024,9.663771988421296,15.583196432762264,16.927825261158603,1.8363808457838577,1.703288224530925,2.2645526297868863,2.6589211618257353,-40.48486830617601,-45.90264687392324,306.40543261842214,-26.09803459662363,-71.32493974695419,73.58839333146902,0.9681310129738065,0.8292967243558071,0.1388342886179994,22.543429545932526,20.657149873493104,18.796436519023576,17.416013779670887,9.233601523788774,19.208119952687046,31.00887487411471,41.39286010868867,22.315374999999996,24.496668352004757,20.134081647995234,19.549690309974732,10.349926900175348,0.5238738842000127,22.30505682116338
LSE:URNU,1D,1753426800,2025-07-25,24.53,24.69,24.085,24.32,7715.0,187628.8,-1.2385786802030445,6.936352643728705,12.932435570002324,17.077867372728363,2.0480752927989982,1.8025642446845855,2.2611001459537694,2.4663677130044857,-30.096847203464822,-79.28193765484626,-74.00889742788115,-92.18264964489508,-78.24083031762913,69.65202271490719,0.9926701702603999,0.8619714135367257,0.13069875672367426,22.712626732034188,20.800791054924748,18.905814013696375,17.48471015997267,7.077002968127644,16.918630333734605,28.637677184284694,39.092954801591134,22.424124999999997,24.771172759953004,20.07707724004699,20.933238286470555,8.454621975216442,-1.8213621305907817,21.13316948091335
LSE:URNU,1D,1753686000,2025-07-28,24.385,24.385,23.68,23.7925,12873.0,306280.8525,-2.1689967105263155,1.993355481727574,12.627218934911244,5.6153590056597515,2.1897639509120217,1.8329391338164156,1.7763763182707595,2.891121591142103,63.237654613790625,-11.45397456728628,-62.74219588453738,-91.32673379979165,-59.42205051091016,63.341275652024024,0.9585037530888094,0.8812778814471425,0.07722587164166694,22.81547180517379,20.918112974339465,19.0025800728311,17.547474237982893,4.2823054599495665,13.741139218373021,25.206681981134118,35.58931432136971,22.507749999999994,24.923666441022014,20.091833558977974,21.467418476053986,5.7080338994346675,-4.5385234299245,18.41875919466989
LSE:URNU,1D,1753772400,2025-07-29,24.06,24.125,23.43,23.4725,36895.0,866017.8875,-1.3449616475780195,-1.7989750026147882,11.987118320610683,7.770890725436175,2.0549057634757277,1.874497351117913,1.6788158037351602,2.888611803823775,182.75286568885332,61.86234887770405,181.97398010229514,-18.260725391818948,15.724065679603902,59.80153402452159,0.8952850074063505,0.884079306638984,0.011205700767366489,22.878045918966762,21.018285014561446,19.091093338715634,17.60642971820197,2.5983603806844924,11.676571060570721,22.950003876410403,33.317772970936524,22.605124999999994,25.011722948869053,20.198527051130934,21.292498483145394,3.837072345319951,-6.154006071535554,16.20896880540481
LSE:URNU,1D,1753858800,2025-07-30,23.54,23.765,23.39,23.5625,45070.0,1061961.875,0.3834274150601762,-1.0914051841746313,11.512068149550407,7.7881976212259865,2.0654181601203594,1.8780293060616378,1.678851412253096,1.59303313508921,22.6258591569796,-15.752076647529922,253.41037279377238,0.32244479573466767,41.88605823464486,60.47062007271316,0.8427314601348392,0.875809737338155,-0.0330782772033158,22.94323202192231,21.11805815124531,19.179636044879683,17.66569409911538,2.6991313930224767,11.575126042592807,22.85165341440561,33.3799842100736,22.709749999999993,25.091669341623685,20.3278306583763,20.97706352226417,3.754995101223077,-6.0943308346846425,15.912516175408124
LSE:URNU,1D,1753945200,2025-07-31,23.585,23.64,23.05,23.115,36609.0,846217.0349999999,-1.8992042440318369,-0.6874328678839964,7.9005718286847895,5.765271105010286,2.009692598401063,1.991859650296848,1.7227637396740287,2.5015899936400245,-20.315686003322867,-1.8059263722888015,102.66441096281982,285.73030582619265,9.990365730496052,55.52211825391661,0.7562552454903795,0.8518988389686,-0.09564359347822049,22.959590876977327,21.196369596294513,19.257564043990975,17.719916048377915,0.6768810640197768,9.051693475098183,20.03075751012588,30.446441940767272,22.77899999999999,25.12318877226257,20.43481122773741,20.58201652629686,1.475042802581366,-7.993367364574857,13.115799027419477
LSE:URNU,1D,1754031600,2025-08-01,22.955,22.955,21.1,22.12,30697.0,679017.64,-4.304564135842516,-7.3507853403141326,1.3981205592482222,2.8478437754271795,2.1483989901780696,2.313847813628334,1.878728593392039,8.081028098453483,-19.758452983636747,50.5586523244244,243.13946718192508,-35.752538453921694,-10.273081219618224,46.42513820847936,0.6005117127006727,0.8016214137150145,-0.20110970101434178,22.879629841074724,21.232590396439825,19.314245944109967,17.7636979782448,-3.3201142079274173,4.179469329889077,14.526863041969657,24.52362130391073,22.819749999999992,25.08710523242424,20.552394767575745,19.871867416814364,-3.06642272592816,-11.827212446134896,7.627360461649807
LSE:URNU,1D,1754290800,2025-08-04,22.12,22.935,22.12,22.68,18069.0,409804.92,2.531645569620247,-7.898477157360408,1.0020040080160384,4.624610771537315,1.9821595425623808,2.2810802853978513,1.9251346331037609,3.6844484629294656,-39.64738235666455,52.677285893913286,-17.405629506659945,24.881892722348233,-46.04151812994674,51.26488702296329,0.5163193526779573,0.7445610015076031,-0.22824164882964582,22.860617475258085,21.289351557363755,19.380894539276106,17.812616406321965,-0.7900813503990711,6.5321315160265385,17.02246227096553,27.32548370575435,22.876999999999992,25.06825055618961,20.685749443810373,19.156799896748872,-0.8611268960090578,-9.526993321039418,9.640697629093395
LSE:URNU,1D,1754377200,2025-08-05,23.005,23.735,22.955,23.3,58286.0,1358063.8,2.7336860670194048,-4.1940789473684195,2.451357590414427,5.286940804338011,2.399815144818594,2.3641153866960773,1.949933116962097,3.3905672679852255,231.39275145842566,623.8034885902377,49.95805802252317,176.5175790439168,72.26012044891115,56.003667436976755,0.4939313856780778,0.694435078341698,-0.20050369266362023,22.90246342999541,21.36820051589851,19.45850058800331,17.867217238099855,1.7357808308251035,9.040534239952395,19.74201143928365,30.406429213360326,22.985749999999992,25.0293149610427,20.942185038957284,17.78114667602936,1.3671513872725862,-6.909158176060039,11.258686506000393
LSE:URNU,1D,1754463600,2025-08-06,23.915,24.3696,23.8,24.045,22159.0,532813.155,3.197424892703867,1.0612588000420353,3.075768942235564,9.869773817683344,2.617455103022399,2.4138603397188834,2.0066867733510403,2.381768764373814,-60.76670661569803,73.96228025713755,54.03668491981372,1042.470351021138,-33.777937335745406,60.920876653436906,0.5301923074225812,0.6615865241578747,-0.1313942167352935,23.011276436662516,21.473173044686806,19.5493223585379,17.928687713342644,4.4922478167726245,11.976930237376134,22.996590669541423,34.11466798044321,23.139999999999993,25.006723064624623,21.273276935375364,16.13416650496655,3.910976663785689,-3.8458580204181496,13.02913074015191
LSE:URNU,1D,1754550000,2025-08-07,24.25,24.34,23.465,23.5775,24930.0,587787.0750000001,-1.944271158244962,0.44733198423687476,-1.3596904089530353,6.733816206428251,2.6752735895888917,2.391314558721486,2.0441516687249024,3.608247422680412,10.317673181323768,-32.127605736088206,9.859851595103706,-30.287038224049446,-26.16420716459792,56.64272317223793,0.5152663366249932,0.6323224866512984,-0.1170561500263052,23.065202490313705,21.55569567038536,19.62908825242824,17.98489480077207,2.2210839462668317,9.379443653921722,20.115105178577604,31.0961240595516,23.262374999999995,24.891796273796814,21.632953726203176,14.009070645596754,1.35465531786847,-5.28003788613822,8.988815389742498
LSE:URNU,1D,1754636400,2025-08-08,23.99,24.195,23.62,23.74,29850.0,708639.0,0.6892164139539725,0.7533156498673673,-0.3463112603631152,7.202528787536686,2.682037347313891,2.3977238572648862,2.0457546923948184,2.3968320133388885,20.560493780847413,-33.270768312657175,-43.78200803435524,-82.07596728686912,3.0134763492310537,57.75327715987914,0.5106631818790248,0.6079906256968437,-0.09732744381781888,23.12946891980764,21.641354663703584,19.71049244544946,18.0421595291226,2.6396242918898674,9.697384331565052,20.44346464555646,31.58070108891498,23.378249999999994,24.78178224045687,21.97471775954312,12.007162558847444,1.5473784393613907,-4.203822914544607,8.03324192726097
LSE:URNU,1D,1754895600,2025-08-11,23.48,23.685,22.86,23.24,44014.0,1022885.36,-2.1061499578770007,0.5407743889249406,-0.15037593984962466,5.063291139240494,2.705428486114288,2.3850258251542606,2.088482982250907,3.513628620102212,44.34505580415416,20.877424785002123,18.69446749266621,-73.1018125246338,71.84272740087502,53.23496747651095,0.46135115828170825,0.5786627322138166,-0.11731157393210834,23.139995689349767,21.704046637675994,19.78038368415343,18.09387933480297,0.4321708266188583,7.0768064037318625,17.49013755793905,28.44122352081036,23.449499999999993,24.659735101127776,22.23926489887221,10.322054637649272,-0.893409241135184,-5.757300698103801,4.499856922782266
LSE:URNU,1D,1754982000,2025-08-12,23.04,23.465,22.95,23.465,39068.0,916730.62,0.9681583476764263,6.080470162748639,-1.7172774869109952,9.01277584204414,2.0167565213806946,2.295970057493625,2.022733168853531,2.235243055555558,-10.377970411073239,35.0083659093157,103.26677623829335,125.31537015114698,49.733726258381274,54.94323757959513,0.435407536850402,0.5500116931411336,-0.11460415629073162,23.170948480840266,21.773103632276936,19.853346383477124,18.14732332152135,1.2690525785031226,7.770579685364466,18.191661731790777,29.302815540693487,23.499999999999993,24.621030775671173,22.378969224328813,9.540687452520682,-0.14893617021273636,-4.695298040947513,4.852907945780326
LSE:URNU,1D,1755068400,2025-08-13,23.585,23.725,22.655,22.8475,39245.0,896650.1375,-2.63157894736842,0.7385361552028238,-7.218274111675127,6.415929203539829,2.208192312134936,2.193402088544021,2.0887112220883104,4.536781852872589,-2.190445269516583,118.79926124361806,234.05677362268892,69.67834646702637,43.575619347087994,49.58942126723732,0.3608601692121951,0.5121813883553459,-0.15132121914315078,23.140143863617382,21.815236823168036,19.91263655410134,18.19409124867039,-1.2646587909831366,4.731844926550094,14.738698403522942,25.576483528242598,23.505249999999997,24.612945693771955,22.397554306228038,9.425091788191649,-2.7983110156241544,-7.172833823863198,2.008905470749754
LSE:URNU,1D,1755154800,2025-08-14,22.845,23.035,22.63,22.65,17469.0,395672.85,-0.8644271802166608,-2.78969957081546,-6.86677631578948,4.233778186838463,1.945301886793883,2.186626393987314,2.089422071517367,1.772816808929749,-55.872102902566056,-70.8649291734306,110.88065904594603,-0.4450589860097808,-36.637116217727836,47.97908705089518,0.28258675959009594,0.46626246260229587,-0.18367570301219993,23.093463495653822,21.84797263402419,19.966841770851808,18.23842864918113,-1.9202987708503876,3.6709464050078355,13.438070276417701,24.18833023214935,23.471374999999995,24.638581574476678,22.30416842552331,9.945787790248193,-3.4994754248525974,-8.071006719545368,1.5505244036847479
LSE:URNU,1D,1755241200,2025-08-15,22.87,22.985,22.15,22.56,9430.0,212740.8,-0.3973509933774828,-6.175920149719288,-5.180203845749718,5.890636000938742,1.299075775101236,2.136065980784655,2.0552617395203168,3.651071272409273,-46.23315701342662,-60.07215700220465,-30.540613863545385,222.1124830609201,-66.19647875808116,47.22647254921439,0.2108615895489656,0.4151822879916298,-0.2043206984426642,23.042657448448697,21.875895275827165,20.018191438755732,18.281429359139526,-2.094625802290839,3.1272078950239264,12.697493522433101,23.403917477171802,23.404249999999994,24.61804374277598,22.190456257224007,10.372421613817897,-3.6072508198297126,-8.359899609732,1.6653273753922417
LSE:URNU,1D,1755500400,2025-08-18,22.785,22.785,22.365,22.56,10701.0,241414.56,0.0,-4.315555084296477,-3.887527958249021,4.7596935221732,1.252717200539562,2.1196246869963513,2.049200598330445,1.843317972350238,13.478260869565222,-58.92822924015469,-72.12360581870774,-66.55827574784394,-60.6386542315131,47.226472549214385,0.1522636746785757,0.362598565329019,-0.2103348906504433,22.996690072405965,21.902722912069237,20.068524281552648,18.324002201337144,-1.8989257629294938,3.000892129117778,12.414842683463082,23.11720852311262,23.341124999999995,24.59209310011331,22.09015689988668,10.719004333452784,-3.346561059074899,-8.26319700336507,2.126934191742792
LSE:URNU,1D,1755586800,2025-08-19,22.275,22.705,21.565,21.645,41638.0,901254.51,-4.055851063829784,-8.82476832350463,-8.137931034482762,2.4615384615384595,1.5971721943052366,2.322000740067303,2.1556555307171976,5.117845117845104,273.32235056576536,27.181048460499635,-15.133063510401442,9.633898814348012,46.314936180724615,39.85504133154562,0.031626975852162786,0.2964042474336478,-0.264777271581485,22.867957684557776,21.892616131203777,20.099741622512003,18.357046955552697,-5.347909513509433,-1.1310486134676594,7.687951449869808,17.911121829171726,23.259624999999993,24.71318810062623,21.806061899373756,12.498594458218802,-6.941749920731713,-12.415185317787804,-0.7386106676069811
LSE:URNU,1D,1755673200,2025-08-20,21.175,21.31,20.555,21.065,27334.0,575790.7100000001,-2.679602679602672,-9.358864027538715,-8.868699978369014,0.5009541984732845,1.650335804347451,2.3620851775527822,2.20795498138126,3.565525383707197,-36.112307499021554,-43.70916502314589,-31.957088290003504,87.47649505637543,-7.862336391350926,36.01735313825106,-0.10951718392183452,0.21521996116255132,-0.32473714508438584,22.696247428885606,21.860160596646764,20.118855649788994,18.38399176196511,-7.187300164914087,-3.637487442652808,4.702774186964905,14.583384679173248,23.11912499999999,24.828342127079686,21.409907872920293,14.786174884038195,-8.884959962801315,-15.1574442941766,-1.6109731763794206
LSE:URNU,1D,1755759600,2025-08-21,21.505,21.62,21.305,21.455,23986.0,514619.62999999995,1.8514122952765106,-8.5659492861709,-3.0063291139240627,1.5380974917179333,1.8470885242398112,2.2054927264053314,2.227855831854562,1.4647756335735935,-10.62383934607075,-43.863593211275095,-24.21115451433634,71.26030563507112,-18.580834435111854,40.18793379260119,-0.18774104489665433,0.1346277599507102,-0.3223688048473645,22.57803338803936,21.84427194579787,20.14531395375357,18.414549057865955,-4.974008890580716,-1.7820321353065562,6.501194517260939,16.51113438933377,22.96062499999999,24.669795760193985,21.251454239805994,14.887841774289646,-6.557421672972717,-13.031302696803143,0.9577968542630051
LSE:URNU,1D,1755846000,2025-08-22,21.62,22.75,21.53,22.75,65992.0,1501318.0,6.035889070146827,-0.42674253200569057,0.30864197530864323,6.196755747461784,3.0329918868315926,2.6538363673361043,2.4629906262592742,5.642923219241438,191.73352753761068,67.4363207243695,266.3494327984155,259.5575550400953,124.6850481743164,51.49417111653998,-0.14358320326841678,0.0789855673068848,-0.22256877057530158,22.594411160607038,21.879790693021484,20.1968918952634,18.45768787321057,0.688616482576136,3.9772286635999126,12.641094075150047,23.25487437144973,22.882124999999988,24.474578511881145,21.28967148811883,13.91875546419887,-0.5774157775992742,-7.046407402047601,6.859328537296301
LSE:URNU,1D,1756191600,2025-08-26,22.905,23.965,22.75,23.615,33112.0,781939.88,3.8021978021977954,4.260485651214128,1.3519313304720932,8.251203300481306,3.276284252089833,2.7435690011624403,2.5301556193358894,5.3045186640471504,-47.916438755813225,97.62282906193843,-42.42244878333404,295.15090328360014,13.71085848838412,57.30028194790501,-0.03834747887856338,0.05551895806979516,-0.09386643694835854,22.69161009769208,21.947838116824563,20.264577204268083,18.50900441178559,4.069300936921324,7.596018679841812,16.53339599419946,27.586549090469564,22.873249999999988,24.447180668740685,21.29931933125929,13.762195304477483,3.24287103931453,-3.4039944319827127,10.872087660295183
LSE:URNU,1D,1756278000,2025-08-27,23.64,23.705,23.165,23.405,37202.0,870712.81,-0.8892652974804037,3.7455673758865355,-2.661676024121441,4.230683589401037,3.3031810514768725,2.6164804301812095,2.4900760083361306,2.2842639593908594,11.352909893788771,309.28341437091524,63.418039106035216,75.48831874062716,24.362458171947925,55.56146854908586,0.027787034291591794,0.049972573314154486,-0.022185539022562692,22.759551993149977,22.004981720086345,20.326763794282577,18.557720785797674,2.8359433746511677,6.362278768155971,15.143759414291303,26.120013713709806,22.869874999999986,24.438933216734856,21.300816783265116,13.7216160275023,2.3398684951273903,-4.2306806420947085,9.878415640793767
LSE:URNU,1D,1756364400,2025-08-28,23.165,23.72,23.08,23.6775,12642.0,299330.95499999996,1.1642811365092813,4.9534574468085095,0.4241331778178257,4.111245465538084,3.2990643621684823,2.5872667986002336,2.488436150196896,2.762788689833804,-65.62230949605531,23.99043164587917,-49.074934150261825,-66.94773197118776,-55.97629192413757,57.36927061204799,0.10102305419081148,0.060182669489485884,0.040840384701325595,22.846975612849977,22.07057067223982,20.393115006276982,18.608663862555908,3.6351611750436827,7.280868952706146,16.10536199453632,27.239119234366587,22.87562499999999,24.455598793296076,21.2956512067039,13.813601099826458,3.5053687057731104,-3.1816795813209655,11.18467226090878
LSE:URNU,1D,1756450800,2025-08-29,23.86,24.39,23.46,23.595,219752.0,5185048.4399999995,-0.34843205574912717,9.009009009009006,-0.6107834877843284,1.1467152502411244,2.7348476769674086,2.5831354789490524,2.4491827540967606,3.897736797988264,1632.21257387162,475.3145623648529,631.691092361555,1399.001414194159,516.3605890809297,56.61830479916336,0.15066924580198204,0.07827998475198511,0.07238926104999693,22.91821603067379,22.130352214504928,20.45651866951902,18.6582791475056,2.953039487979343,6.61827598268,15.342206468187733,26.45860753538133,22.89962499999999,24.507746011460984,21.291503988538995,14.044954984730056,3.0366217787409595,-3.7243164305446204,10.818850620890627
LSE:URNU,1D,1756710000,2025-09-01,23.685,23.805,23.565,23.805,5633.0,134093.565,0.8900190718372574,13.007358177070962,2.431153184165238,-0.4079071226859121,2.2371234026911644,2.5241095486253906,2.4138647621178078,1.0132995566814373,-97.4138416149493,-76.71140526042875,-86.89065556671962,-74.93735439698399,-83.80261206394307,58.12105435074316,0.20460094298108444,0.10354417639780497,0.10105676658327947,23.002671646800096,22.196024676681205,20.522825230518645,18.709490300266737,3.487978985743233,7.248934648235272,15.992801832179362,27.23489319033249,22.98387499999999,24.59633854610021,21.37141145389977,14.031259272861691,3.572613408313478,-3.217302220072418,11.387121301509342
LSE:URNU,1D,1756796400,2025-09-02,23.805,23.805,23.175,23.175,18267.0,423337.72500000003,-2.6465028355387483,8.0167793055232,-1.2358832303430605,-2.718018679819502,2.7200563234400383,2.6158652881613342,2.460264630326338,2.6465028355387483,215.70323676605958,-17.737742534228616,-53.82092451542635,-66.41562654214016,-47.08050000004598,52.27115828303546,0.19426707674840316,0.12168875646792461,0.07257832028047854,23.019083870914372,22.23441586583096,20.575343542785603,18.75392323260239,0.6773342065217274,4.230307375038779,12.634814343724157,23.574143460883306,23.008624999999988,24.61686198113885,21.400388018861126,13.979427116038993,0.7230984033162038,-5.857212760276218,8.292428995094994
LSE:URNU,1D,1756882800,2025-09-03,23.415,24.065,23.415,24.065,3673.0,88390.74500000001,3.8403451995685027,5.780219780219785,5.328810591968491,3.3941997851772405,2.21817590452393,2.6904712833202176,2.5202840913758413,2.775998291693368,-79.12051306081923,-94.1124568545771,-90.1421143762441,-89.74323729781894,-88.58274812530513,58.609168788991944,0.25495402398207645,0.14834180997075497,0.10661221401132148,23.11869493082729,22.30620347893563,20.644445650849256,18.80676976760137,4.093246059105507,7.884786502217883,16.5688844689808,27.95924179099083,23.04687499999999,24.71624005519389,21.37750994480609,14.486693360326733,4.417627118644122,-2.634867009462615,12.571576680972932
LSE:URNU,1D,1756969200,2025-09-04,24.05,24.225,23.385,23.385,19408.0,453856.08,-2.825680448784541,-0.9739572305737746,3.245033112582795,-2.052356020942402,2.16140287182483,2.801799999061832,2.532884551487133,3.492723492723492,413.46561226517554,-41.95767582541,14.704883087126156,0.6335560797008897,-41.38354905592176,52.83610395162362,0.24535030430495652,0.16774350883759528,0.07760679546736124,23.144057318367548,22.348509224859722,20.698714053802735,18.85232429727698,1.041056364137318,4.637851969058064,12.978033027630264,24.043060321096426,23.01387499999999,24.62819798116019,21.399552018839792,14.029127916617263,1.6126141295197356,-5.047864168183144,9.27798852710681
LSE:URNU,1D,1757055600,2025-09-05,23.675,23.825,23.0269,23.2675,14155.0,329351.46249999997,-0.5024588411374953,-0.587481307412958,3.1360815602836865,-5.512690355329957,2.145827552804129,2.8037109690929403,2.4639783005005866,3.3710665258711634,-27.432620821120217,-62.174501314618325,54.81349252235583,22.703474130303157,-57.57487857482221,51.88506807361036,0.2256567882695535,0.17932616472398694,0.04633062354556655,23.155813764237305,22.384548078786793,20.749581102242285,18.89625639382149,0.48232481440659153,3.944470614753908,12.134793880179185,23.132855074975463,22.99837499999999,24.596626603316032,21.400123396683945,13.898822010825066,1.1701913722165578,-5.403694680378837,8.726008578087978
LSE:URNU,1D,1757314800,2025-09-08,23.865,24.1,23.73,24.015,34157.0,820280.355,3.212635650585591,1.4254038644282638,6.449468085106391,-1.254111842105262,2.4156883121460386,2.902782511486036,2.5276784420864367,1.5503875968992291,149.05927205348303,174.03793069113084,239.78081313736834,337.1825407400143,2.8692733520546607,57.167106347735505,0.26728543766324364,0.19691801931183828,0.07036741835140536,23.237641024786132,22.44848736981476,20.81424286259392,18.94718916602227,3.3452576979939934,6.978254723263196,15.37772552446903,26.747032446721786,23.01212499999999,24.640116304492206,21.384133695507774,14.148987149098282,4.358028647941077,-2.536986014056432,12.302889338205455
LSE:URNU,1D,1757401200,2025-09-09,24.265,24.6,24.125,24.215,29763.0,720711.045,0.8328128253175069,2.627675354948087,11.873411873411875,1.7757696753178498,2.410541304842468,2.614785219604778,2.4995015955026516,1.9575520296723734,-12.138448689289888,-86.10020613423623,-20.03246175156449,135.3105129221227,-11.156602480477936,58.48044826660276,0.3128089044228197,0.22009619633403457,0.09271270808878515,23.33072283194936,22.517762374920064,20.88158458808711,18.999605194221054,3.790183332167067,7.537328073815597,15.963421731004997,27.450016737007076,23.06087499999999,24.76963059618771,21.352119403812267,14.81952090879225,5.004688677251023,-2.2391557033275795,13.407945797064933
LSE:URNU,1D,1757487600,2025-09-10,24.565,24.92,24.37,24.7,55873.0,1380063.0999999999,2.002890770183768,3.7597143457256865,17.25611203417991,5.22952391095963,2.4734824319909823,2.4368152759196464,2.5076767125175348,2.2389578668837804,91.48632584089228,929.1792152740513,139.68137658907344,59.357343528311354,66.60387758251844,61.558639304449805,0.3836001230586952,0.2527969816789667,0.13080314137972848,23.461130181287515,22.60334032100163,20.957196774461625,19.056325540547213,5.280520627691672,9.275884224289985,17.859274147291217,29.615753821188783,23.12262499999999,24.969047537639494,21.276202462360484,15.97070001904633,6.8217816964986095,-1.07752423168693,16.09214587845985
LSE:URNU,1D,1757574000,2025-09-11,24.605,24.975,24.24,24.975,61364.0,1532565.9000000001,1.1133603238866483,7.76699029126214,16.406432067117237,5.9946949602122075,2.098919602388278,2.429538036902562,2.512861022481698,2.9871977240398415,11.050422259677859,262.019685346965,197.8055656368958,44.31458756464305,81.57573570505438,63.22354051414583,0.45662913910608083,0.2935634131643895,0.16306572594169133,23.605308259260134,22.696346582923137,21.036757234373276,19.11521782372585,5.802473433925822,10.039736610258393,18.720769183911024,30.655063574535767,23.22899999999999,25.237764172321558,21.22023582767842,17.29531337829068,7.516466485858253,-1.0411547176977436,17.6942622259838
LSE:URNU,1D,1757660400,2025-09-12,24.985,24.99,24.46,24.485,53904.0,1319839.44,-1.9619619619619697,1.745273218366915,7.626373626373624,5.926887302617353,1.9946917353337104,2.128096280465061,2.5146545790211876,2.1212727636581854,-13.88041192877906,1393.1873693337461,-12.087949388470667,55.96937728865268,53.5010910973385,58.372384713951426,0.4695535347089468,0.32876143747330094,0.14079209723564584,23.689088425044883,22.766489854181053,21.10503926933618,19.168648492146488,3.359823563804392,7.54841943938645,16.01494641886126,27.734618379755116,23.32074999999999,25.382283470502607,21.259216529497373,17.67982136511577,4.9923351521713935,-3.5350778094703856,15.173576439314312
LSE:URNU,1D,1757919600,2025-09-15,24.75,25.49,24.71,25.32,37109.0,939599.88,3.410251174188282,8.274534958306601,7.219987296210044,14.466546112115727,1.7971019803285593,2.0873000975905924,2.431537386000085,3.151515151515142,-28.809531559384222,107.02595413065745,20.162675422054186,38.376357939684745,8.18524199353199,63.51055762831447,0.5409381348569617,0.3711967769500331,0.16974135790692862,23.84441333694537,22.866627506958267,21.188503838260218,19.229855969836574,6.1883957562852085,10.729052599886788,19.498763071130647,31.67025296349728,23.458749999999988,25.662700146896043,21.254799853103933,18.790004982329037,7.934139713326642,-1.3354017501447248,19.126033531209227
LSE:URNU,1D,1758006000,2025-09-16,26.885,27.05,25.795,25.9,90240.0,2337216.0,2.2906793048973078,11.314064682497047,10.660115359965808,14.197530864197528,1.6910322013458319,2.0944979956285126,2.4251389021994934,4.668030500278962,148.7458810658852,609.6419072376217,168.4255902930841,470.3240458899322,150.57065945966968,66.59492328064458,0.6369695095044712,0.42435132346092075,0.21261818604355043,24.040183495331522,22.98558329099912,21.281800791958034,19.29622556217651,7.736282483158428,12.679324566638817,21.700227594401174,34.223140771985356,23.62574999999999,26.029128923516463,21.222371076483515,20.3454190746662,9.626149434409532,-0.49609391038745454,22.041028811807735
LSE:URNU,1D,1758092400,2025-09-17,26.075,26.33,25.8,25.81,430608.0,11113992.479999999,-0.34749034749034696,7.4744951072246435,9.006440713757788,10.772532188841193,1.6515852867132852,2.1091724868198902,2.3922326353013323,2.032598274209003,375.5226936663106,1254.9017006508707,3612.944583362586,718.370424128822,783.4969119309642,65.66735191325515,0.6977693670259733,0.4790349321739312,0.21873443485204203,24.20873744815709,23.096344730567782,21.371468103008368,19.361039238174754,6.614399265025714,11.749284577661852,20.76849318726418,33.30895972314147,23.83399999999999,26.23655561850353,21.431444381496448,20.160741952702377,8.290677183855042,-1.6258064690576224,20.430520409925908
LSE:URNU,1D,1758178800,2025-09-18,26.345,26.655,25.99,26.585,34035.0,904820.475,3.0027121270825345,9.787321907908325,12.672176308539953,10.563526720731957,1.7805808908320746,2.1726144881688394,2.384805334051519,2.524198140064539,-91.85872694598044,25.545526362788006,-82.54943062788436,69.81946982896845,-28.77420958972327,69.59469988301251,0.7992761571977951,0.543083177178704,0.2561929800190911,24.435048167380227,23.233154741133752,21.47470635839434,19.43291944476008,8.7986396339086,14.426991496475017,23.796803347711794,36.80394279187122,24.109999999999992,26.44403031257147,21.775969687428514,19.361512339871247,10.265450020738323,0.5330869983215583,22.084115571430964
LSE:URNU,1D,1758265200,2025-09-19,26.885,28.845,26.75,28.525,6262.0,178623.55,7.2973481286439625,15.485829959514167,19.827767275782392,20.983988972537368,2.752714591596091,2.730006115195843,2.6490495332138946,7.7924493211828105,-80.25867507032267,-87.05685631330915,33.208144626477775,-69.61084079638873,-85.78648618194873,76.76099035168154,1.0244535437176197,0.6393572504864872,0.3850962932311325,24.82456738953449,23.440678084618703,21.61431613347564,19.523387907996298,14.906332716297536,21.6901656898634,31.972715786373122,46.10681370684062,24.46349999999999,27.19049257424797,21.73650742575201,22.294377944676608,16.602285036891743,4.907992829140349,31.23083410449566
LSE:URNU,1D,1758524400,2025-09-22,29.295,29.525,28.5,29.335,110964.0,3255128.94,2.8396143733567127,17.457457457457455,26.58036677454153,23.56781802864365,2.729159725986637,2.5153821758768196,2.6774976895607097,3.4988905956647844,1722.3403017127364,112.39732268609133,668.9201192735658,359.34939228577593,142.63048279160463,78.98780703135564,1.2538152733987644,0.7622488550689426,0.49156641832982184,25.254132400055013,23.671827963653264,21.767200962515727,19.62101588901126,16.159207274671996,23.923678581317056,34.76698290476771,49.50805894015433,24.79274999999999,28.13370080029663,21.451799199703352,26.951030444760182,18.32088009599585,4.269965079356729,36.74843646870264
LSE:URNU,1D,1758610800,2025-09-23,29.9,30.32,29.51,30.105,53493.0,1610406.7650000001,2.6248508607465473,22.95282826220135,25.09869104508622,29.539586919105005,2.0876786232319504,2.4614040867697597,2.6441442666449766,2.709030100334444,-50.52709755331535,22.015354003968863,1721.9178546351202,57.437658996312166,18.3093173386848,80.86490862935189,1.4806506425404145,0.905929212563237,0.5747214299771775,25.716119790525966,23.924109219980586,21.93230589395106,19.725334138871844,17.066650199268924,25.83540613022009,37.263268830766094,52.6209887652722,25.11724999999999,29.130644105990992,21.10385589400899,31.95727323644907,19.857866605619687,3.3447797805769177,42.6516564138702
LSE:URNU,1D,1758697200,2025-09-24,30.41,30.59,29.695,30.3375,62694.0,1901979.2249999999,0.7722969606377617,19.81635071090047,29.730596536241165,29.288301725974854,2.2167532642063437,2.149582644425553,2.644212092165814,2.943110818809601,18.105516341394637,102.424379300687,319.0710026403083,107.47416782042252,36.43795658742206,81.40507524495749,1.6600441580497964,1.0567522016605488,0.6032919563892476,26.1562512390473,24.17561474076566,22.098745381199553,19.830927829032323,15.98565758808254,25.488018920337858,37.28154914083739,52.9807392853608,25.463874999999987,29.99052703958772,20.937222960412253,35.55352073938265,19.13936900805558,1.156941856854566,44.897439633525565
LSE:URNU,1D,1758783600,2025-09-25,29.03,29.095,27.435,28.815,116383.0,3353576.145,-5.018541409147086,11.254826254826265,23.842269259697016,26.11883138198928,3.490745306582584,2.742775715831441,2.781464331396221,5.7182225284188775,76.3203352023995,43.485931338823626,918.2362997704922,274.0116690719852,127.21898118337495,67.88990741439237,1.6602237595679732,1.1774465132420338,0.48277724632593944,26.409465406757082,24.35755141759838,22.2317405221659,19.920321581977277,9.108607676047251,18.300068450973715,29.611984141639013,44.651279254799285,25.72074999999999,30.393481561945777,21.0480184380542,36.334333656256455,12.030170193326455,-5.193487158516636,36.90124837549233
LSE:URNU,1D,1758870000,2025-09-26,28.9,29.39,28.34,28.585,32146.0,918893.41,-0.7981953843484311,10.75164664858583,19.0297730585051,26.20309050772628,3.5299324428943515,2.7662882205691512,2.7801565291563097,3.6332179930795876,-72.59959606493443,-91.73210336741204,12.021872082990463,132.23564871837937,-38.46819058802481,66.10442446368586,1.6230969657765968,1.2665766037489463,0.3565203620276505,26.61665917754212,24.523333714947462,22.357547640538854,20.006537287629243,7.39514605994832,16.562455709587606,27.853915194927232,42.87829817344318,25.970249999999986,30.69491318905429,21.24558681094568,36.385196053594456,10.068251172014195,-6.873820349512107,34.54558941753056
LSE:URNU,1D,1759129200,2025-09-29,28.715,29.265,28.6997,29.13,51440.0,1498447.2,1.9065943676753478,9.573067519277782,20.297336361759236,29.122340425531917,3.4852223355160703,2.767433337021194,2.7773692038626487,1.968657496082189,63.07083973972563,65.60712775647566,107.91234023616217,604.353466753909,-2.4588208051053253,68.23617617065935,1.6189879738799178,1.3370588777751407,0.2819290961047771,26.856024970157158,24.703987294753443,22.491655608052938,20.09731801113542,8.467280740056351,17.91618758720192,29.51469872929346,44.94471343818013,26.23649999999999,31.042540834200647,21.43045916579933,36.636295498261276,11.028528957749744,-6.161031870476064,35.928025501610776
LSE:URNU,1D,1759215600,2025-09-30,28.91,29.06,28.335,28.55,47558.0,1357780.9000000001,-1.9910744936491531,0.08764241893076996,15.58704453441296,26.551418439716322,2.644562170595457,2.8902850701981437,2.8213776809345044,2.5077827741265923,-9.387471243564658,660.1354356690371,-1.6145783479030575,462.42709636071663,-13.705795239911309,63.648448764127025,1.551050866566225,1.3798572755333576,0.17119359103286746,27.017355925380286,24.85481132241017,22.611622823735058,20.181424299581835,5.672812983079288,14.867096071085795,26.26249881557163,41.46672492580994,26.50524999999999,31.19620110292187,21.81429889707811,35.3963920575877,7.714509389649265,-8.482446610058627,30.877458563768446
LSE:URNU,1D,1759302000,2025-10-01,28.21,28.645,28.0,28.545,33546.0,957570.5700000001,-0.017513134851134867,-2.693028805181521,14.294294294294293,31.878031878031887,2.390475303907577,2.9040347030373166,2.677862631040024,2.286423254165188,-29.475324774416844,-70.58271461283498,-37.518473430734694,6.248630034594784,-39.21381403148008,63.60874547852976,1.4797491344365064,1.3998356473139872,0.07991348712251911,27.16284583724883,24.999524603884282,22.72911544108684,20.264643958292464,5.088399687693259,14.182171270428254,25.58781741413454,40.86109807184224,26.729249999999986,31.36017542047533,22.098324579524643,34.6506199798,6.793119896742395,-8.97691222300139,29.172688622958187
LSE:URNU,1D,1759388400,2025-10-02,28.545,29.29,28.485,29.255,65122.0,1905144.1099999999,2.4873007531966973,-2.823451253944532,19.481315090871963,38.87965820080701,2.366299918343569,2.804162873519971,2.60321997986704,2.82010860045542,98.95600070499239,18.302043397091648,44.34665704489024,230.87440921024927,17.628986388861463,66.7778688106019,1.4636608926318964,1.412600696377569,0.05106019625432734,27.362098614653704,25.166405991967252,22.858340877897003,20.35410023731443,6.9179685813008405,16.24623718356036,27.983916926745454,43.73025414490135,27.022749999999984,31.510509156862657,22.53499084313731,33.2146739829416,8.26063224505284,-7.157958462792506,29.820332316261684
LSE:URNU,1D,1759474800,2025-10-03,29.875,30.135,29.36,30.02,82469.0,2475719.38,2.614937617501284,-1.0465595385249247,18.562401263823062,39.92076439058496,2.5732688218468756,2.769047544032743,2.613816897525974,2.594142259414233,29.949192137491377,30.165427017216768,163.48655770368978,381.07752516164226,46.927726148867166,69.82682315680043,1.4954018895925927,1.4291609350205738,0.06624095457201884,27.61523207992478,25.356743011890106,23.000155910017856,20.450278344405827,8.70812134808526,18.390599241879098,30.520854369185418,46.7950679909057,27.360374999999987,31.68013664707083,23.040613352929142,31.57677222677574,9.720718374656832,-5.24030772204491,30.291670365552882
LSE:URNU,1D,1759734000,2025-10-06,30.005,31.375,29.74,30.81,134056.0,4130265.36,2.631578947368418,6.9234773555439775,18.95752895752896,35.42857142857142,1.7531792464663243,2.7794683829820412,2.4695797115528624,5.449091818030333,66.83091764624794,23.160029217109066,76.71731495933624,175.1092946331157,133.00305135497007,72.62121872802916,1.5662485180992078,1.4565784516363007,0.10967006646290711,27.919495691360517,25.5705962271101,23.154806288037303,20.553360151924178,10.352996130707073,20.489955440831878,33.06092746678548,49.90249658577412,27.700124999999986,31.98268220189524,23.41756779810473,30.920851092875985,11.226934896503229,-3.666616184635542,31.567890677756743
LSE:URNU,1D,1759820400,2025-10-07,30.865,31.775,30.52,30.52,77250.0,2357670.0,-0.9412528399870146,6.769284589819831,18.248740798140258,29.239889900486986,1.7744493881714676,2.8084495027966767,2.4397423928063517,4.0660942815486765,-42.91722699386075,156.57709309287569,-78.78647116018203,201.5155078162787,29.176978134243765,70.05632265248973,1.5807722467798975,1.48141721066502,0.09935503611487739,28.1671627683738,25.764690492713626,23.300651708076167,20.652530697676177,8.35312115378541,18.456691760497556,30.983460816340845,47.77849962684772,28.015374999999988,32.151059427939856,23.87969057206012,29.524391002725253,8.940180168925144,-5.073112541114076,27.807351221331235
LSE:URNU,1D,1759906800,2025-10-08,30.76,31.18,30.525,30.635,41879.0,1282963.165,0.37680209698558975,5.166495022313774,15.23415459845778,30.890835291604358,1.737715536288486,2.7721558295515805,2.419497127355492,2.129388816644997,-45.58342919068402,-14.38048901556224,41.792012940467565,47.346306413018084,-30.23160998418653,70.50125532759166,1.5833105271219772,1.5017958739564115,0.08151465316556572,28.402194885671534,25.95568302241113,23.445886327718224,20.751858750435616,7.861382274561052,18.028101874832466,30.66258008673639,47.625330185696846,28.312124999999988,32.30283774179238,24.321412258207594,28.19083867277638,8.204523680225398,-5.16313072902132,25.958968479150712
LSE:URNU,1D,1759993200,2025-10-09,30.62,31.445,30.55,30.915,66527.0,2056682.2049999998,0.9139872694630246,8.283712784588436,8.378615249780896,30.566993981628134,1.3373437545636289,2.167021858285925,2.419107788048149,2.9229261920313507,60.307190503010254,51.47379116910539,1051.4059624276865,587.0930555778972,8.390919566843044,71.60746686070944,1.5895919658273456,1.5193550923305983,0.07023687349674734,28.64150965846472,26.150166041140103,23.593789568753508,20.85298453401337,7.93774618951823,18.221046670846135,31.03024382713981,48.25216001850691,28.609124999999988,32.443269387931174,24.7749806120688,26.803646654213924,8.05992843192517,-4.710589952132531,24.783145077175853
LSE:URNU,1D,1760079600,2025-10-10,30.94,33.21,30.875,32.085,65293.0,2094925.905,3.784570596797677,12.40147136100893,9.374467359809103,35.982199618563264,1.5125647810737188,2.248895299206231,2.4601684885692676,7.546864899806079,1.8594851410211035,118.7750929939294,-35.64230653794009,-59.59679202148398,16.743878654305615,75.70695081115534,1.669731646114144,1.5494304030873074,0.12030124302683665,28.96946111956332,26.38290462776206,23.76193234957027,20.964745881933634,10.754562770699009,21.612841545270083,35.026897341454024,53.042637295447705,28.989124999999984,32.61372472790147,25.364525272098497,25.006616984137935,10.679435822916417,-1.6211724735909674,26.49556676424047
LSE:URNU,1D,1760338800,2025-10-13,32.045,34.545,32.01,33.885,128279.0,4346733.915,5.6100981767180835,15.82635446932148,12.556053811659185,42.34404536862003,2.0465820324162163,2.5462346537340768,2.5916939827439,7.910750507099403,107.48867082246518,128.15774891695727,169.9152791375662,3141.5678671828878,124.6508193441438,80.39649039168994,1.8570806076366893,1.6109604439971839,0.2461201636395054,29.43760767960491,26.677104446281195,23.962389134727292,21.093305624401957,15.107859201059842,27.019032624897893,41.409104949775,60.643384225182174,29.417374999999986,33.225990718013996,25.608759281985975,25.893647669202384,15.18702807439486,1.983414994541335,32.318007393024295
LSE:URNU,1D,1760425200,2025-10-14,33.895,34.355,31.975,34.355,102287.0,3514069.885,1.3870444149328578,14.44037308461025,13.242686444169752,48.24163969795036,2.0511054573233167,2.5492833049966306,2.49041450213932,7.021684614249875,-19.15608468985386,41.94136513969527,84.7585840481512,730.0866370933512,72.43508043681791,81.4058249156252,2.0201935477738786,1.6928070647525228,0.32738648302135576,29.905930757737774,26.978198389564284,24.16818340928715,21.225262782368105,14.876879366515228,27.34356647510313,42.14969912384206,61.85900901325381,29.84012499999999,33.864093959559966,25.816156040440013,26.970188359197405,15.130214769542716,1.4496358326499563,33.0755823840862
LSE:URNU,1D,1760511600,2025-10-15,35.29,36.855,34.965,35.515,106286.0,3774747.29,3.3765099694367744,15.271015903927305,23.251778587541207,47.579472262622055,2.1015751658434203,2.0113673644782675,2.4763157098522135,5.355624822895986,7.418105317504244,-8.607632658256122,12.5588663202994,4170.523220502328,74.69313110263158,83.6441321850787,2.217502050185935,1.7977460618392054,0.41975598834672967,30.440127828429414,27.31297492330686,24.39287284672701,21.367449222344543,16.671651972600895,30.029775590992625,45.59580670615982,66.2107611930626,30.325374999999987,34.61989659006128,26.030853409938693,28.322957853357433,17.11314369566746,2.5855172837104528,36.43425146576339
LSE:URNU,1D,1760598000,2025-10-16,35.64,36.195,34.735,34.785,167626.0,5830870.409999999,-2.055469519921171,13.974442988204446,21.68969739373796,48.74919820397688,2.35118456390754,2.1371952584817615,2.4367098739512283,4.096520763187432,54.47048403603196,147.3149512018221,534.5535125776992,1184.739957653536,149.18022986497985,77.33501602717959,2.2885841868314394,1.8959136868376523,0.3926704999937871,30.853925178102802,27.60599551454973,24.598657542831425,21.500957190281415,12.740922910797423,26.005236730791236,41.41015597876434,61.783494995855634,30.735374999999987,35.08854461391379,26.382205386086184,28.326770790425073,13.175778724027317,-0.865081801635704,31.85023575908251
LSE:URNU,1D,1760684400,2025-10-17,32.27,33.345,31.3,31.75,101503.0,3222720.25,-8.725025154520617,3.6396278766117134,8.994164092001377,36.4564306436016,4.434862197474156,3.368632128987548,3.0229237946797665,6.337155252556547,-44.73003130933928,151.19351341626398,115.07065781163328,878.5049155505117,32.2702245106236,57.81117177509548,2.0760863259487827,1.9319482146598783,0.1441381112889044,30.939265637331108,27.768505494371308,24.740268284557537,21.602937715751253,2.62040596623168,14.338166331766553,28.333289012139858,46.970751930883296,30.896624999999982,35.14807424555187,26.645175754448097,27.52047672230794,2.76203306995511,-9.66788172180417,19.158530957333667
LSE:URNU,1D,1760943600,2025-10-20,32.465,33.345,31.475,32.285,37317.0,1204779.345,1.6850393700787294,4.431505741549401,13.082311733800337,34.43681032687902,4.450515295167771,3.29299253533076,2.9994769742879797,5.760049283844131,-62.616074262108235,-41.42121995945406,-11.26850105197386,46.87409465023699,-50.81094840239836,59.74063220087969,1.928618357155262,1.9312822431589551,-0.002663886003693161,31.067430814728144,27.94562292596459,24.8896689125861,21.70922689270895,3.9191177169843048,15.527931102239428,29.71245263802709,48.71556762273704,31.044124999999987,35.273259448974414,26.81499055102556,27.245956837079028,3.9971331129481347,-8.47174175467729,20.399072819234064
LSE:URNU,1D,1761030000,2025-10-21,32.47,32.57,30.075,30.56,62798.0,1919106.88,-5.343038562800055,-4.752999844163946,7.059029602382193,26.202766880033035,4.693094192966273,3.667650631145195,3.2108956844428436,7.6840160147828795,59.291150530141266,-8.39261305520971,100.41414597777371,166.27965442100307,-22.903595628106157,51.55374784218871,1.6534953803836387,1.8757248706038918,-0.22222949022025307,31.01910407046832,28.04814751710323,25.001952696495284,21.79729428681135,-1.4800687648016568,8.955502253277464,22.230452840924816,40.200887311461415,31.066874999999982,35.28042364544179,26.85332635455817,27.125667743806314,-1.6315609471502475,-13.37972495138014,13.80340594122577
LSE:URNU,1D,1761116400,2025-10-22,30.285,30.375,28.5,28.5,107887.0,3074779.5,-6.740837696335075,-15.89198760513501,-2.5807554264228303,15.384615384615389,4.342567085282636,4.068867677659331,3.477095849278623,6.191183754333829,60.21929430006525,-29.262302222150165,61.39353888562269,122.79992124997764,20.78228383251623,43.82916790557739,1.2547694540767154,1.7515337872984564,-0.4967643332217411,30.779189397090384,28.065867222314868,25.071220959931022,21.863987875997307,-7.404968882337884,1.5468354291220974,13.6761550047717,30.351334631354383,30.974999999999984,35.32604585128723,26.623954148712734,28.093919943743355,-7.990314769975739,-19.322983047757386,7.046458391598352
LSE:URNU,1D,1761202800,2025-10-23,29.37,29.82,29.0,29.82,205090.0,6115783.8,4.631578947368422,-13.200407509823888,-0.6662225183211169,19.399399399399396,4.858668001124763,4.196199479955747,3.55297539172153,2.7919645897173995,98.901540744629,74.03705675022454,147.03057420021491,299.055192341158,126.63687829443558,49.09279678442012,1.033377124872409,1.607902454813247,-0.5745253299408379,30.68783802593892,28.134656743008403,25.16525618844724,21.94315217573863,-2.827954270370492,5.990274814390309,18.496707431453206,35.89661030091375,31.025249999999982,35.29785865865396,26.75264134134601,27.542783111523526,-3.8847390431986284,-15.518954596162034,11.465629204670009
LSE:URNU,1D,1761289200,2025-10-24,30.13,30.82,29.985,30.675,57649.0,1768383.075,2.867203219315897,-13.628044488244404,-0.4381694255111912,25.280784153563413,4.782601389863689,4.20700970174476,3.5400556765116256,2.7713242615333584,-71.0849315013392,-53.1522791026363,-57.184758826246465,33.984712185900435,-34.8288827316208,52.21622633719933,0.916350347007242,1.469592033252046,-0.553241686244804,30.68661535680188,28.234278047204153,25.27436002629977,22.03003623369148,-0.03785154102798409,8.64453466355778,21.368058253821182,39.24171378841133,31.129749999999984,35.258318123454465,27.001181876545502,26.524903820008088,-1.4608212401319738,-12.99925341704135,13.606138206289964
LSE:URNU,1D,1761552000,2025-10-27,31.4,31.575,29.57,29.935,39220.0,1174050.7,-2.412387938060316,-13.942791433088969,-1.9167758846657958,18.22669826224328,4.785309322139956,4.248848140702728,3.552194034111851,6.3853503184713345,-33.60880249320414,-79.86491522798222,-50.20292492163874,24.952197737615712,-56.856373277253056,49.39163164485519,0.7551886225031126,1.3267113511022592,-0.5715227285991467,30.615032941868368,28.300973025745165,25.36664992676908,22.108692589575146,-2.2212386416817225,5.773748389387081,18.009276299469086,35.399232128792505,31.16999999999998,35.23500676506263,27.104993234937332,26.082815303578126,-3.962143086300874,-15.041878096977882,10.440905631420312
LSE:URNU,1D,1761638400,2025-10-28,30.16,33.16,30.055,33.145,143540.0,4757633.300000001,10.723233672958091,4.393700787401585,8.193243022686476,27.972972972972993,5.645778011856481,5.077183812978921,3.9807644780251117,10.295092838196277,305.2323549570731,47.627871206009914,270.8316364640134,103.55984641556452,69.7977321282893,59.60063208962789,0.8763845520511211,1.2366459912920316,-0.3602614392409105,30.85598218549995,28.490934867872806,25.520676660892466,22.218506593658976,7.418392325802298,16.335248926405903,29.87508301764955,49.17744295856221,31.399749999999983,35.36464404019874,27.434855959801226,25.25430323616436,5.558165272016564,-6.276449545697911,20.813464625312903
LSE:URNU,1D,1761724800,2025-10-29,33.05,33.865,32.4639,33.865,57985.0,1963662.0250000001,2.172273344395833,4.893913582158914,9.542293385088154,31.20883378535453,5.659580131291836,5.091416923523757,3.980039565373012,4.239334341906202,-58.72607447488649,62.989350136974686,-4.5228270937463435,-82.33162359490817,-21.356963890442497,61.47772167136427,1.0187872370012592,1.193074240433877,-0.17428700343261783,31.142555310690433,28.70168252011309,25.68591078641935,22.33439210018973,8.741879598990465,17.98959861070392,31.842706616831745,51.62714009893431,31.665749999999985,35.54169282078614,27.789807179213827,24.48034750976154,6.945201045293474,-4.717537876545776,21.861226965728235
LSE:URNU,1D,1761811200,2025-10-30,33.845,33.875,32.605,33.46,71327.0,2386601.42,-1.195924996308877,9.489528795811527,4.285491662770765,25.860447620838816,5.1775982034173405,5.04302500991402,3.980580017024932,3.7524006500221687,21.538298832254483,24.36000542085494,13.922951370444764,163.76518723230703,-6.27264685062109,59.79473534593426,1.0864384888909555,1.1717470901252927,-0.08530860123433714,31.363264328719914,28.88828320559885,25.839853147084312,22.445094666356997,6.685323470491135,15.825505315992974,29.48989999881451,49.074889179029704,31.875999999999983,35.66118638907036,28.090813610929608,23.74944402729563,4.969255866482677,-6.172499044353135,19.11367347146308
LSE:URNU,1D,1761897600,2025-10-31,33.365,33.78,32.665,32.9,38143.0,1254904.7,-1.6736401673640235,15.438596491228065,-2.906890954699718,15.337423312883436,4.256150390705932,4.853647386979182,3.8185799738450688,3.3418252659973087,-47.41875666863552,-59.18716447797314,-71.1299397538577,602.5415741653326,-51.4017106485374,57.45271291171903,1.0823881763955185,1.1538753073793377,-0.0714871309838192,31.509620106937064,29.045605432830268,25.97965803526086,22.549123575149466,4.412556826595422,13.270147100508037,26.63754063023659,45.90367510450758,32.01999999999999,35.73018328388265,28.309816716117325,23.174161673220894,2.7482823235478135,-7.920987310354233,16.214104562780136
LSE:URNU,1D,1762156800,2025-11-03,32.74,32.875,31.08,31.085,100715.0,3130725.775,-5.516717325227956,4.2421193829644555,-9.51826517246397,5.965570138060337,4.853455590764257,5.025867622126617,3.9440993541559757,5.482590103848508,149.47916562907128,-48.80908355524275,-10.908835696077794,-3.8217584400819473,21.437624324115756,50.54296639118146,0.9220936218603981,1.10751897027555,-0.1854253484151518,31.46918009675258,29.125581690366335,26.080753915750744,22.634057668929074,-1.220813810755193,6.727482151135092,19.187505470181527,37.33728372828159,32.03374999999998,35.727897905810536,28.339602094189427,23.064098994407814,-2.961720060873245,-12.995161142843076,9.687496305297358
LSE:URNU,1D,1762243200,2025-11-04,30.56,30.56,29.63,30.3,33932.0,1028139.6,-2.5253337622647583,-1.2224938875305622,-14.683936364916232,0.6477329347284513,4.877685138026368,4.922250370665582,3.9499977648174442,3.043193717277486,-67.15970436599481,-41.85990498693277,-72.76269055881619,-36.156527509371216,-59.81700692330922,47.86183188107592,0.7233774481151016,1.0306906658434603,-0.3073132177283586,31.357829611347572,29.17163731035197,26.16430334316162,22.710335702074058,-3.373414628685816,3.8680128840338237,15.806637778946628,33.41942804144812,32.02274999999999,35.73612242274505,28.309377577254924,23.192089516016352,-5.379769070426455,-15.21184184013514,7.031671456967797
LSE:URNU,1D,1762329600,2025-11-05,29.49,29.935,28.82,29.54,54257.0,1602751.78,-2.5082508250825133,-1.3195256388842478,-15.078338364237453,-2.628759785743715,4.884397077659488,4.930508445997355,3.97518840536022,3.780942692438109,55.888536926308454,36.514699067084585,-72.51264961657756,-15.732424469568002,-37.1141749494854,45.35343265941416,0.4988177399315745,0.9243160806610831,-0.42549834072950854,31.184702981695423,29.186082906024442,26.231148821514857,22.778292560759887,-5.274069734320768,1.2126227939361585,12.614206114263718,29.684873970266278,31.967999999999982,35.79223639436732,28.14376360563264,23.92540286766356,-7.595095095095046,-17.468135618793706,4.961086278055292
LSE:URNU,1D,1762416000,2025-11-06,29.27,29.605,27.605,27.685,23654.0,654860.99,-6.279620853080569,-16.473072861668438,-12.803149606299217,-3.9215686274509896,2.6076903211514986,4.692747444612407,4.034161623713765,6.832934745473181,-59.141459197131574,-86.23557242211164,-79.67986858307046,-80.4727561956104,-73.36569190578697,39.86204703239411,0.1692189059993936,0.7732966457287451,-0.6040777397293515,30.85139793581967,29.12721690970976,26.259937953762087,22.827115520354315,-10.263385608674023,-4.951440826565847,5.426753287639633,21.281201627573314,31.806499999999982,36.04531009246749,27.567689907532476,26.653734881030662,-12.958043167277083,-23.193891441135285,0.4255347214837538
LSE:URNU,1D,1762502400,2025-11-07,27.44,27.445,25.98,26.39,72377.0,1910029.03,-4.677623261694052,-22.072936660268716,-18.25925352330803,-7.6788525450411065,1.842202586391731,4.731672762907311,4.117332769069973,5.338921282798833,191.66938620057365,-2.7312742374798487,58.53766400684767,107.86187050791887,-23.345882732382165,36.536175974666534,-0.19424706253435886,0.5797879040761243,-0.7740349666104832,30.426502894313035,29.019875070113297,26.262513439826204,22.86256710721646,-13.266404319727096,-9.062323885817573,0.48543167989575375,15.428857469247726,31.521749999999987,36.36895153800138,26.67454846199859,30.754647429164933,-16.280028868955526,-27.438106175743126,-1.0667414385812994
LSE:URNU,1D,1762761600,2025-11-10,28.945,29.305,28.15,28.26,45783.0,1293827.58,7.086017430845021,-15.540944411237295,-7.526178010471194,-2.98661174047373,4.147659151987654,5.048921094666676,4.305546282864188,3.9903264812575614,-32.26136568196558,-45.78786515596726,-32.5817861691997,-13.655444115748615,-47.93302516624943,43.82482096303036,-0.32762641608605136,0.39830504004368916,-0.7259314561297405,30.22016928533084,28.990076047755913,26.302067629136577,22.916272907144656,-6.48629485435187,-2.5183654108159055,7.444024547691798,23.31848252334838,31.240499999999987,36.158809567321185,26.322190432678788,31.486753203829647,-9.540500312094833,-21.844772164346352,7.361885676943658
LSE:URNU,1D,1762848000,2025-11-11,28.45,28.465,27.48,27.5975,44349.0,1223921.5275,-2.3443029016277475,-16.117021276595743,-3.166666666666666,-3.3362521891418586,4.139838531109508,4.7761200903712835,4.3114307980343565,3.4622144112478015,-5.40304238220057,-2.468966169303523,-60.19481957974547,-9.858687252118516,-50.65762592642346,41.985129403542565,-0.48124127808711137,0.22239577641752906,-0.7036370545046404,29.970391258156475,28.93546522235372,26.32771975529229,22.962852281202917,-7.91745171998944,-4.623963057349057,4.822978429236983,20.1832405750001,30.902624999999983,35.84705607824388,25.958193921756084,32.00007169775319,-10.69528883064136,-23.013203818571483,6.315177716851789
LSE:URNU,1D,1762934400,2025-11-12,27.885,28.42,27.49,27.775,19262.0,535002.0499999999,0.6431742005616394,-10.648222615409368,-6.8578135479543985,-2.697495183044327,4.036159404749145,4.600017986763826,4.313075837276401,3.335126412049501,-56.28787973908729,-82.91124523673749,-91.25210982768881,-44.129230078572704,-78.30822287478522,42.67940628414259,-0.581951027198059,0.06152641569441142,-0.6434774428924704,29.761306376427285,28.889956782261418,26.356378770038976,23.01073434805662,-6.674123613070153,-3.8593231227885,5.382458805659836,20.704535456712826,30.515624999999982,35.157815182177416,25.873434817822545,30.42500477822386,-8.981054787506352,-20.999072735099862,7.349488753876572
LSE:URNU,1D,1763020800,2025-11-13,28.135,28.18,26.89,26.9375,33900.0,913181.25,-3.0153015301530104,-11.0973597359736,-12.184189079054606,-7.92172278243035,4.057264780241166,4.5505147773941585,4.320470012179614,4.585036431491022,70.68743007620253,-11.181200490672666,-48.360665575811396,-52.06760238205812,-62.47174231666385,40.23290255183001,-0.7210318730576581,-0.0949852420560025,-0.6260466310016557,29.492372435815163,28.813389849623714,26.367886121127313,23.049806643100833,-8.662824401039227,-6.510479535431032,2.160256139821094,16.866490105949822,30.123249999999977,34.578491884567605,25.66800811543235,29.580087703469115,-10.575718091507323,-22.09752787968692,4.945813788349219
LSE:URNU,1D,1763107200,2025-11-14,26.215,26.76,25.13,26.76,48090.0,1286888.4000000001,-0.6589327146171635,-9.410968178740681,-10.606313679639209,-10.859427048634238,4.048754701459106,4.529130617954656,4.289689961286683,6.217814228495146,40.923655626963445,-19.707566944645656,9.610973359157333,-48.019617635339586,-46.23827242097374,39.713311290447756,-0.8359410044512714,-0.2431763945350563,-0.5927646099162152,29.232146489547052,28.732864757481607,26.37565075239212,23.08672398993565,-8.45694478997993,-6.866230618260581,1.4572123782501354,15.910771972955837,29.87374999999998,34.492538396322594,25.254961603677366,30.92205294830825,-10.423030252311746,-22.418003301105244,5.959377091682008
LSE:URNU,1D,1763366400,2025-11-17,26.5,26.53,25.7,26.09,17779.0,463854.11,-2.503736920777286,-5.761242550117388,-21.285261728767544,-15.319701395650759,3.5761241689622207,3.2459183703083423,4.272082838261403,3.13207547169812,-63.95537406351631,-29.16754592451751,-90.25031815713918,-88.7693872047001,-79.57916723996722,37.73243898492517,-0.9698904264325776,-0.3885192009145606,-0.581371225518017,28.932894442923523,28.62922300228625,26.3699943018497,23.116607333319372,-9.825821085863897,-8.869339562877672,-1.0617912868872375,12.862582401505328,29.563999999999982,34.32319672844102,24.804803271558942,32.19589181735246,-11.750777973210608,-23.9872666686049,5.181241368338759
LSE:URNU,1D,1763452800,2025-11-18,25.035,25.565,24.855,25.525,28404.0,725012.1,-2.165580682253742,-3.2777567260325955,-24.62719622028644,-16.366317169069468,3.281010717512991,3.0691907165014256,4.282301959963365,2.8360295586179385,56.30175185900585,-62.041828233364605,-63.07856999984507,-69.24878799832037,-67.2983876069857,36.09730448641529,-1.1088548974842283,-0.5325863402284942,-0.5762685572557341,28.608333067406996,28.507488766902476,26.353261741417032,23.1405714394555,-10.777744582818032,-10.462123799431893,-3.1429192695161903,10.304104057166729,29.312249999999977,34.35811387549294,24.266386124507015,34.428362718610586,-12.920366058559074,-25.708960356503884,5.1866556026729045
LSE:URNU,1D,1763539200,2025-11-19,25.555,26.655,25.525,26.145,38215.0,999131.1749999999,2.4289911851126385,-7.484076433121026,-21.86192468619247,-14.656438713889347,1.8519707323681722,3.2685288382974202,4.312094021883198,4.421835257288212,37.80889656876071,-22.777100253188305,-58.135817458786235,-22.123159708953928,-54.74113081516545,39.210422967936374,-1.1556349828097723,-0.6571960687447498,-0.4984389140650225,28.373729918130138,28.414842148592577,26.349137746537487,23.170466251003205,-7.8549063678301705,-7.988227197331114,-0.7747416575873065,12.837608517558454,29.194499999999977,34.41749018762284,23.971509812377114,35.78064489970964,-10.44546061758201,-24.03571597616894,9.066972437842258
LSE:URNU,1D,1763625600,2025-11-20,27.32,27.45,25.83,25.83,126453.0,3266280.9899999998,-1.2048192771084387,-6.404565630944839,-21.48936170212766,-16.448326055312958,1.7831885083745336,3.270962834614253,4.306779144980238,5.92972181551977,226.91212842998317,166.87013150849245,160.28119824557194,58.813110847137416,45.302887754485596,38.19240138490568,-1.204244622505744,-0.7666057794969486,-0.4376388430087953,28.131469925927266,28.313475789824242,26.338857791160507,23.196929273381283,-8.18112218091429,-8.771356114168066,-1.9319660525722742,11.350945185836263,28.994999999999983,34.408515262747805,23.581484737252165,37.34102612690342,-10.915675116399333,-24.931372938475178,9.53508775126363
LSE:URNU,1D,1763712000,2025-11-21,24.365,24.675,23.245,23.765,201212.0,4781803.18,-7.99457994579945,-14.43744374437443,-23.548335209908316,-25.931120461274737,2.9060640578905854,3.531512486253714,4.432900510160366,5.8690744920993225,46.39901449507563,793.7915621070986,52.73784814321528,128.25643468282948,104.5713486753913,32.27632556230397,-1.3933348573387079,-0.8919515950653005,-0.5013832622734073,27.715615647267526,28.13510419022329,26.28789031014743,23.202581718422266,-14.254114711166505,-15.532568000021357,-9.59715778018734,2.4239469917745775,28.649499999999982,34.45766378040458,22.841336219595384,40.54635355175205,-17.049163161660708,-31.03130800900465,4.043825507949984
LSE:URNU,1D,1763971200,2025-11-24,24.395,24.865,24.21,24.865,72799.0,1810147.1349999998,4.62865558594571,-7.693735498839913,-17.937293729372943,-26.61944813339236,3.705409486516812,3.8939447818170554,4.388148194591056,2.684976429596219,-62.14509324492942,98.22429939291895,76.06044305656545,-58.35615497987068,-19.65334694934472,37.80322946278734,-1.437854729560101,-1.0011322219642607,-0.4367225075958403,27.44412844276586,28.006864810214534,26.259714264401936,23.21912319386085,-9.397742209757462,-11.218195365689947,-5.311231685002121,7.088453738745486,28.39599999999998,34.3969752124137,22.395024787586255,42.26634182570592,-12.434849978870206,-27.711666951964016,11.029124708907984
LSE:URNU,1D,1764057600,2025-11-25,25.3,25.76,24.615,25.08,38318.0,961015.44,0.8646692137542726,-6.278026905829607,-15.09817197020989,-26.99752583321205,3.767228168968393,3.917624144384982,4.379946678275667,4.525691699604755,-46.90954003581593,-25.322550113902665,-40.03965854275951,-72.65235264380634,-55.669035402869646,38.85360052263727,-1.4391981652941261,-1.0887454106302337,-0.3504527546638925,27.218973352978633,27.89208579804926,26.23635358589893,23.23763938098661,-7.85839100262965,-10.082020464191798,-4.407447788477846,7.928346717183479,27.992749999999983,33.74164835098893,22.243851649011038,41.07419493253753,-10.405372819747923,-25.670495587199344,12.750257445252542
LSE:URNU,1D,1764144000,2025-11-26,25.815,26.165,25.705,26.165,29997.0,784871.505,4.326156299840514,0.2874664622460686,-5.490337728011557,-26.326904125017602,4.083605920268167,3.8650032135727903,4.414381309905053,1.781909742397834,-18.328939127138263,69.20654319523007,19.853147001472788,-79.20730992828928,-62.049719104278346,43.99387596870211,-1.3372968894128725,-1.1384557063867615,-0.19884118302611098,27.118594938409238,27.824356943223798,26.2349406436039,23.266767347344953,-3.516387705834351,-5.963684791025906,-0.26659348901920016,12.456533429796698,27.60774999999999,32.7291172246776,22.486382775322376,37.10093886446823,-5.225887658356767,-20.055894510128397,16.35931070565388
LSE:URNU,1D,1764230400,2025-11-27,26.17,26.17,25.85,25.9725,11273.0,292787.9925,-0.7357156506783834,1.7531831537708191,-1.58203865100417,-25.334195774040523,3.9987389067024295,3.6768572492558187,4.409381238920605,1.222774168895683,-62.69606035703895,-59.61612330332142,-84.6710187174485,-94.9786571830191,-84.4555607929728,43.29841433972238,-1.2575759822191515,-1.1622797615532394,-0.09529622066591203,27.00944303951312,27.75173510231306,26.2297437991761,23.293690060306695,-3.83918705023327,-6.411257154745481,-0.9807331750765282,11.500152757068303,27.233374999999988,31.632558809242532,22.834191190757444,32.307298006527255,-4.629888877158959,-17.893142452923385,13.743901778806352
LSE:URNU,1D,1764316800,2025-11-28,27.25,27.5,26.14,26.705,20856.0,556959.48,2.8202906920781525,2.141900937081655,-5.5024769992922975,-15.889763779527563,4.030294648405065,3.221793185680324,4.206354396651601,4.990825688073392,90.2262026677887,-44.255619888950015,-56.952573232362234,-82.71772177557143,-68.96635847602943,46.74808590309681,-1.122352183338382,-1.1542942459102679,0.03194206257188581,26.980448464321395,27.710686666928233,26.2391548130538,23.327633442791203,-1.0209187763711414,-3.6292376259606995,1.775381830189295,14.477964794377726,26.923624999999994,30.47365967412651,23.37359032587348,26.371149309400316,-0.8120191838951697,-12.366941530577865,14.252879543451238
LSE:URNU,1D,1764576000,2025-12-01,26.2,26.29,25.54,25.98,32723.0,850143.54,-2.7148474068526416,0.5807200929152232,-5.8610381375124545,-19.529193123741667,4.148371090355663,3.239534649750441,4.204759644951296,2.8625954198473282,52.640105883465715,-73.97212479260702,-30.539375205164042,-29.435747423110076,-52.316135541225464,43.90117577591264,-1.0614520311287947,-1.1357258029539732,0.07427377182517847,26.88516765819555,27.642816601558497,26.23402303457749,23.354025149828107,-3.366791941576832,-6.0153660371380075,-0.9682961482601312,11.244206655276386,26.66837499999999,29.677828968330644,23.658921031669337,22.56945890651871,-2.581240889255495,-12.459903897541208,9.810586734803822
LSE:URNU,1D,1764662400,2025-12-02,25.935,26.67,25.63,26.195,40404.0,1058382.78,0.8275596612779055,10.22512097622554,-5.6885688568856825,-14.28337696335078,2.4814925836772552,3.2440281488385834,4.119431921555686,4.010025062656652,24.494597700524782,-77.86645037113384,97.82779897759274,-44.85024304639041,-39.66523113572065,44.9714211458005,-0.9844909200685343,-1.1054788263768853,0.12098790630835099,26.81943740503407,27.58603947992875,26.23325030121952,23.38229355629748,-2.328301655264627,-5.042548717226526,-0.14580847123523213,12.029215341644631,26.463124999999998,28.97218452251027,23.954065477489728,18.96268503822032,-1.0132023334356686,-9.58569251259774,9.355132324473848
LSE:URNU,1D,1764748800,2025-12-03,26.86,27.085,26.485,26.78,31191.0,835294.98,2.233250620347398,7.701588578322956,-0.5846867749419911,-6.035087719298242,2.1614603238959624,3.2191569539258067,3.973421851166001,2.233804914370817,-21.078177405720833,-53.85485721855422,-8.529114017616987,-72.83398760789188,-50.26627678593748,47.88479449365319,-0.8663078168723928,-1.0576446244759867,0.19133680760359395,26.81568146169749,27.554430088558995,26.244077027928046,23.416101580612928,-0.13306192404043687,-2.8105465657246467,2.0420720892628226,14.365749173945211,26.325124999999996,28.40979612214352,24.240453877856474,15.837882039637208,1.727912023209785,-5.736739943984325,10.476479256287313
LSE:URNU,1D,1764835200,2025-12-04,27.435,28.555,27.135,28.51,25856.0,737154.56,6.460044809559375,13.676236044657111,6.539611360239163,-4.393024815560023,2.854349700990404,3.6115456286315033,4.059079996061493,5.17587023874612,-11.749193081466853,-23.29420222426394,-42.71806630629354,-87.9466870624171,-50.86444510511946,55.40409953801828,-0.6258360657429662,-0.9712829127293826,0.34544684698641637,26.977045132012016,27.591903418419427,26.288946789751254,23.46678713702474,5.68244172216223,3.3274130010461103,8.448619977102412,21.490853577558262,26.366374999999998,28.585368282436747,24.14738171756325,16.831993646731863,8.130146825265149,-0.26366035131005305,18.066630715758574
LSE:URNU,1D,1764921600,2025-12-05,29.17,29.235,28.265,28.355,27583.0,782115.965,-0.5436688881094393,8.369959870055423,8.681487159831356,-7.56316218418908,2.7674830203331755,3.5286820534206633,4.0228747422532525,3.3253342475145655,6.099318574384171,-0.3510816716425496,68.61249003485169,-55.77225454954097,-46.69951395387759,54.64338602596355,-0.44266490955047644,-0.8655593120936014,0.42289440254312494,27.10827892896325,27.62182877455984,26.329858734508655,23.51542607098469,4.5990417698731765,2.6543181895161925,7.691424727764068,20.580422036183226,26.464625,28.84708868020566,24.082161319794345,18.004892797125645,7.143025831652626,-1.7058521421723922,17.742754163404733
LSE:URNU,1D,1765180800,2025-12-08,28.295,28.6,28.005,28.19,12049.0,339661.31,-0.5819079527420178,8.537876600250268,10.440744368266417,-5.82929680975446,2.7526581977895708,3.46104664082752,4.002411092645719,2.1028450256229103,-56.5714900091574,16.00930321621711,-53.1509460324869,-71.06928090924863,-76.40516982255866,53.79660517292477,-0.30727252325094057,-0.7539019543250692,0.44662943107412867,27.211299983347704,27.644109999086908,26.366693215013434,23.56193924440773,3.5966676243002906,1.9747063693898066,6.915189440397325,19.642104614503296,26.461125000000003,28.8332113575128,24.089038642487207,17.92883981699792,6.533641332331857,-2.2308002724268228,17.02418024387115
LSE:URNU,1D,1765267200,2025-12-09,28.0,28.36,27.715,28.28,29529.0,835080.12,0.3192621496984741,5.897771952817835,8.165997322623834,-14.677930306230206,2.682446348736391,3.4314415164827015,3.4620312907829622,2.303571428571427,145.8567094379987,49.935524932621675,-16.419371060061252,-82.44757282996149,-36.19529140608081,54.21339310490642,-0.19051469896212225,-0.6412245032524798,0.45070980429035756,27.313080937314588,27.669046861867812,26.404580478082476,23.608885122572826,3.5401317958400935,2.2080743915113885,7.102629498219999,19.785410675580987,26.495250000000006,28.949944940312875,24.040555059687136,18.529320842889714,6.73611307687225,-2.3141492728021524,17.634555149776297
LSE:URNU,1D,1765353600,2025-12-10,28.19,28.355,27.185,27.62,22870.0,631669.4,-2.3338048090523342,6.312548113933797,6.929926442121576,-18.440868152960284,2.6123594414638114,3.486248019829439,3.441928409833123,4.150407946080176,-24.358228046429844,-25.698500279141097,-80.6608983754334,-67.83207130565148,-50.04222779737796,50.6080472031404,-0.14951623606960496,-0.5428828498159048,0.3933666137462999,27.34231132423701,27.667123455520056,26.428648191387772,23.648796713392997,1.0156005923202276,-0.1703229307369598,4.507804561114296,16.792411617111988,26.487500000000004,28.92691540127912,24.048084598720887,18.41937065618965,4.275601698914569,-4.517990885475918,14.85322203777137
LSE:URNU,1D,1765440000,2025-12-11,27.72,28.23,27.515,28.055,25367.0,711671.1849999999,1.5749456915278737,7.1005917159763285,18.051756785188296,-16.153616258218772,2.622000841084794,2.5610388097093906,3.4622946619313657,2.579365079365079,12.66513543318703,-32.7586201846557,-85.11709582743637,-70.18055972664257,-41.11488325548247,52.83440847341237,-0.08099018980259132,-0.45050431781324213,0.3695141280106508,27.41018643621444,27.68233430040162,26.460853177696926,23.692639532165206,2.352459605796885,1.3462220907901257,6.024548080886271,18.41230252928315,26.543375000000005,29.071055891152582,24.015694108847427,19.045663116710497,5.694923874601458,-3.4950773544548364,16.81944262299912
LSE:URNU,1D,1765526400,2025-12-12,28.935,28.935,26.92,26.92,19958.0,537269.36,-4.04562466583496,0.5227781926811074,8.264628996581553,-18.176291793313062,3.085899878201695,2.7076432550816154,3.514304008054629,6.963884568861231,-24.50595565422534,-35.679086686238676,-70.31902271303487,-57.186441328971036,-54.64758959397835,46.89482914406367,-0.11692003743040402,-0.3837874617366745,0.2668674243062705,27.363502013717824,27.652438837640773,26.469945193980156,23.72475257164615,-1.620779436402133,-2.6487314263354165,1.700248348539076,13.467990524683263,26.551375,29.082757761950234,24.019992238049767,19.067809195947355,1.3883461779286441,-7.436563546184148,12.07330848906924
LSE:URNU,1D,1765785600,2025-12-15,27.025,27.47,26.315,26.415,272629.0,7201495.035,-1.8759286775631594,-7.348298842511408,5.322966507177037,-15.023323146212004,1.7130636535611636,2.779902034360021,3.4037007201238163,4.273820536540232,1240.3881872213967,876.931491138032,649.3630939998218,130.02637575307918,445.42451398478624,44.49788241734949,-0.18402268115669074,-0.34383450562067774,0.159811824463987,27.27316848860184,27.603911824399958,26.468857170336985,23.75152120277405,-3.1465668866471876,-4.30704108882511,-0.20347372759766358,11.213929307883104,26.567625000000003,29.09111240585294,24.044137594147067,18.996710514040576,-0.5744773949496953,-9.199072103253515,9.860459318075348
LSE:URNU,1D,1765872000,2025-12-16,25.545,26.115,25.5,25.765,43176.0,1112429.6400000001,-2.4607230740109736,-9.134191500617174,-1.5287597936174224,-14.966996699669968,1.7597067374128115,2.642981778944147,3.402428094978095,2.407516147974157,-84.55279584873031,42.23333748212136,41.73398230325614,8.198306922522988,-15.926069250708618,41.55379450936207,-0.2863507048037057,-0.33233774545728334,0.045987040653577616,27.129533394449282,27.531797635207802,26.454919404587738,23.77155581767182,-5.029697247680884,-6.417298494699132,-2.6079059022500495,8.385838089933722,26.579625,29.0853864985268,24.073863501473202,18.854754335524284,-3.0648476041328627,-11.415995791202494,7.024782284834793
LSE:URNU,1D,1765958400,2025-12-17,25.96,26.115,25.21,25.25,30997.0,782674.25,-1.9988356297302563,-10.429230223483508,-2.781788430070267,-14.522681110358834,1.74187484738424,2.6852019667359746,3.3935281714693626,3.4861325115562307,-29.64280869035457,130.42784884742983,167.3177418640213,-51.1668456858616,-39.60010443894785,39.333296776235855,-0.404341598489502,-0.3467385160637271,-0.05760308242577494,26.95053021402554,27.442315375003574,26.43105961439788,23.78626670505817,-6.309820996176745,-7.988813425708575,-4.468453522591727,6.153690753961674,26.534875,29.101318295204333,23.968431704795666,19.343926023426402,-4.842212371454546,-13.234171236287256,5.34690091946197
LSE:URNU,1D,1766044800,2025-12-18,24.935,25.63,24.835,25.36,56973.0,1444835.28,0.4356435643564334,-10.325318246110331,-5.036510016850773,-8.398049485280836,1.7600578862810097,2.5632507634147834,3.2195594566965267,3.18828955283737,84.6023783202271,73.01756387159594,159.41479261651136,120.63236351885918,9.278976582194822,40.069935476138205,-0.48340179612378975,-0.3740711720757396,-0.10933062404805016,26.799051146023107,27.360655948532845,26.409850513122677,23.801925742818785,-5.369783945640397,-7.312163686046884,-3.9752232319566603,6.546000832101987,26.511374999999997,29.11159012331185,23.911159876688146,19.61584507262903,-4.342947131184249,-12.886929595466063,6.059263251066212
LSE:URNU,1D,1766131200,2025-12-19,25.78,27.085,25.67,27.02,88317.0,2386325.34,6.545741324921137,-2.172338884866044,4.003079291762892,2.38726790450928,3.2727875486986755,3.0184935160229482,3.332303120627715,5.488750969743984,65.16244952158144,277.7807410015429,180.69675622072006,24.93660057093477,78.34623536439838,49.947122405136504,-0.40741304160793135,-0.38073954598217796,-0.026673495625753385,26.820093894020907,27.347296891727634,26.421932681179655,23.833946382193723,0.7453594561190491,-1.1968162448502888,2.2635260108975603,13.367713288918736,26.674125000000004,28.95412350602986,24.39412649397015,17.095207479382026,1.2966685880042772,-6.679958747938156,10.76436783534318
LSE:URNU,1D,1766390400,2025-12-22,27.195,27.51,26.885,27.42,20075.0,550456.5,1.4803849000740272,-2.2634111566565607,4.676464974231729,-2.972399150743099,3.2653697167052735,3.030907393253461,3.0852370562905107,2.29821658393087,-76.93288124744969,-22.65297350770215,-47.99079214043902,-57.455188890006504,-58.08442548498384,52.00001494517049,-0.31132597705439125,-0.36685683219662063,0.055530855142229385,26.877227808876057,27.350147994012826,26.441696390463225,23.869628507744036,2.019450052600652,0.2553990055281138,3.6998519122609075,14.874012350481772,26.801875000000003,28.944255028729373,24.659494971270632,15.986792183228749,2.3062752139542444,-5.266174676862238,11.194491338713448
LSE:URNU,1D,1766476800,2025-12-23,27.005,27.44,26.88,27.16,7944.0,215759.04,-0.9482129832239297,0.8915304606240654,1.418969380134425,-1.5852885225110969,2.9154394059482547,3.001971710437544,3.0607567499187005,2.073690057396787,-60.803616634556946,-59.84155135889379,-74.1697190614027,-82.37149726088137,-83.13915010653157,50.54875350379777,-0.25323695522977374,-0.34413285680325123,0.09089590157347749,26.904158493745005,27.342691209933893,26.455920224315438,23.902368522592354,0.950936660273082,-0.6681537253637966,2.661331640384399,13.62890658441884,26.905874999999998,28.90067027458317,24.911079725416826,14.827953185563914,0.9444963228291291,-6.0229408454724,9.02779124538948
LSE:URNU,1D,1766563200,2025-12-24,27.185,27.28,27.17,27.2425,11114.0,302773.145,0.3037555228276862,3.1326897596062864,-4.445808488249743,-1.917191719171913,2.794363900529414,2.4436739642359147,3.058961333919739,0.4046349089571434,40.32929744218365,-95.79569042916101,-58.92677581754361,-43.40710563632418,-76.1952858256137,51.015910132165295,-0.19825852553550405,-0.3149579905497018,0.11669946501419776,26.93638149434072,27.338762142877663,26.471496061457707,23.93560366167104,1.1364499931945058,-0.35210863745248705,2.9125816567083596,13.8158050453702,26.959749999999996,28.92964396922781,24.98985603077218,14.613592256811103,1.0487856897782941,-5.831886389692216,9.0142334811931
LSE:URNU,1D,1766995200,2025-12-29,26.825,27.195,26.4,26.675,28414.0,757943.4500000001,-2.083142149215377,3.5319231515621974,-5.924880973373302,-0.9744779582366563,2.7402035459765175,2.486652252502465,3.032979402925779,2.963653308480901,150.33377712544487,-31.865942550757637,-3.090656127956664,-16.999670109301952,-40.16532950985472,47.67925491207601,-0.19819555611081086,-0.2916055036619236,0.09340994755111276,26.911488018689223,27.312732254921677,26.47552584241894,23.962861336679286,-0.8787623282851856,-2.3349266157975053,0.7534285013575258,11.318091880660845,26.99487499999999,28.91758953614456,25.07216046385542,14.245033815822982,-1.1849471427446474,-7.755105360152899,6.392905543402498
LSE:URNU,1D,1767081600,2025-12-30,26.505,26.645,26.2127,26.385,37951.0,1001337.135,-1.0871602624179912,4.495049504950501,-6.402979780063851,-1.4013452914798206,2.63644432845487,2.492618760302369,3.037114493337063,1.63101301641199,32.11238054765167,27.937917339173996,194.80459078486155,-22.189279583217946,-20.352510517175567,46.02274135955121,-0.2190214854092929,-0.27708870001139746,0.05806721460210457,26.861346302623584,27.276350597865925,26.47373325147995,23.986962218901382,-1.7733523005771947,-3.267851374280478,-0.33517468290947244,9.997255005508784,26.978874999999995,28.91624207608566,25.04150792391433,14.362104247013002,-2.2012593186335367,-8.75370343568623,5.365060603250063
LSE:URNU,1D,1767168000,2025-12-31,26.005,26.07,25.9,26.07,9400.0,245058.0,-1.1938601478112612,2.7996845425867543,-7.814710042432818,-0.07665772326561737,2.7170251994586114,2.4901147762098206,3.010115564082719,0.6537204383772417,-75.52692380673568,-83.03903542554691,-70.65455228415688,-47.16916489109043,-80.39407333492137,44.22538419572525,-0.25797033046754336,-0.27326502610262665,0.015294695635083289,26.785979988088005,27.22904273128295,26.465738533628862,24.007688962991917,-2.6729654409000854,-4.256641493868403,-1.4952861909597346,8.590210578732318,26.983374999999995,28.91183829690275,25.05491170309724,14.293714532765126,-3.3849546248384237,-9.829324125706629,4.051454297391427
LSE:URNU,1D,1767340800,2026-01-02,26.53,27.735,26.345,27.675,26416.0,731062.8,6.156501726121981,2.424130273871211,0.19913106444605252,8.423114593535757,2.592442380092816,2.9693634898002186,3.1728925003375834,5.239351677346402,198.32235634013173,-69.36449578999986,15.735034814097377,0.8345653817363973,-41.520573982041846,54.06829661661941,-0.15751178650500108,-0.25011437818310156,0.09260259167810048,26.870648560651052,27.246531251624795,26.48968430524017,24.044179620076576,2.9934202649906565,1.5725625563791903,4.47463126061246,15.100620762671962,27.057374999999997,28.9726892529361,25.142060747063894,14.1574284492572,2.2826493700885764,-4.479008633292785,10.074509318938404
LSE:URNU,1D,1767600000,2026-01-05,28.59,29.664,28.35,29.315,33745.0,989234.675,5.925925925925927,6.911013858497444,4.4911780431295725,12.124689233122975,3.247170066311533,3.319037942982603,3.309519821300291,4.59601259181532,35.31459609215514,79.71168929788277,39.001647930989385,-0.9905105803549653,-20.847914123045104,61.53755403823559,0.05381626687311325,-0.1893282491718586,0.24314451604497184,27.10344393582714,27.327647673129704,26.54563115068096,24.096625594006163,8.159686530645939,7.272313924130359,10.43248447776311,21.65603804414783,27.184124999999995,29.33078593911,25.037464060889988,15.793489318563733,7.838674226225812,-0.05382037543341297,17.084541504312252
LSE:URNU,1D,1767686400,2026-01-06,29.895,30.3,29.705,30.1225,35944.0,1082723.14,2.7545625106600626,10.907584683357873,11.89635958395244,16.6182733255904,3.186018936191946,3.1297460427417625,3.3203577278785237,1.9902993811674274,9.450585120259746,401.82052163376324,101.52333645082608,-66.85150042770815,-8.010281278909687,64.59081660472398,0.2831893426893224,-0.09482473079962239,0.3780140734889448,27.390973084795984,27.437249725163834,26.61646023680609,24.156584543319536,9.972361722045624,9.786878428902481,13.172449424156124,24.696850028537366,27.264749999999992,29.705522879643006,24.82397712035698,17.90423810702841,10.48148250029803,1.4037023419733996,21.344375455848894
LSE:URNU,1D,1767772800,2026-01-07,30.31,30.51,30.07,30.4625,31069.0,946439.4125,1.1287243754668432,11.819766908323388,15.322733295476054,28.182200715337675,3.153217051993524,3.0368337894405055,2.9152109620697,1.451666116793142,-12.587126151196873,212.59027695471468,-86.85773706848082,-80.20747870889993,-9.790664280752196,65.82110339744425,0.4867928711186664,0.02149878958403538,0.46529408153463103,27.683499457672557,27.555886990843685,26.692619440037653,24.219329970749193,10.03847272479576,10.548065500929537,14.123306887999554,25.777633141754837,27.37012499999999,30.148676544870344,24.591573455129637,20.303535660654486,11.29835906850995,1.0409195065746584,23.873732827964798
LSE:URNU,1D,1767859200,2026-01-08,30.365,30.9045,29.985,30.4,15794.0,480137.6,-0.2051702913418137,13.964386129334574,17.98952066757228,22.260205107580937,2.892682012222852,2.902171113026998,2.835665221273597,3.028157418080024,-49.26906110854719,-36.65258272236538,-56.83883431944514,-73.47521697455825,-52.21681308570264,65.3714639092106,0.6357780529807613,0.14435464226338057,0.4914234107173807,27.942213795037077,27.66742083434001,26.76603291647255,24.280829175020344,8.795960917740379,9.876522940180926,13.576786275604574,25.201655103586585,27.480624999999993,30.542176434730614,24.419073565269372,22.281526964766062,10.623393754690829,-0.4655085240387164,24.492847440523487
LSE:URNU,1D,1767945600,2026-01-09,30.41,32.24,30.31,31.52,62215.0,1961016.8,3.6842105263157925,19.46181542543111,24.83168316831683,25.677830940988844,2.326651108241706,2.8184516379877347,2.8854679189529553,6.346596514304516,308.42808394926794,95.83981572799655,150.55338156327488,104.05674231415057,88.89372574980374,69.40488910476428,0.8346037304740754,0.28240445990551954,0.5521992705685559,28.28295533836688,27.818502370248247,26.8601708785226,24.352860725517655,11.445213638059773,13.305883905923299,17.348471618262867,29.43037926945643,27.642624999999992,31.164503928569385,24.1207460714306,25.48150856562569,14.02679738266539,1.140708262982237,30.67589164388791
LSE:URNU,1D,1768204800,2026-01-12,31.08,31.695,30.955,31.51,45728.0,1440889.28,-0.03172588832486679,20.86689681626391,24.250788643533134,20.42805274221289,2.1719993842677274,2.835184795519488,2.8133705606215065,2.3809523809523876,-26.523358698405847,487.9788784695868,-0.27311071750684274,83.58282480901126,35.92961171279802,69.32724464453933,0.9800699595018969,0.421937559824795,0.5581323996771019,28.590292925189082,27.96326698317969,26.95224670271027,24.42407604168166,10.21223211126512,12.683543088701771,16.91047632341319,29.012045107563704,27.837124999999993,31.741420799180755,23.93282920081923,28.050998795175598,13.194160675716365,-0.7290814127221631,31.660154909397004
LSE:URNU,1D,1768291200,2026-01-13,31.86,32.185,31.45,31.5675,60640.0,1914253.2,0.18248175182480939,14.065040650406496,16.830125832716504,21.54201559341611,2.1323040937019644,2.4960019223555507,2.8029917036306577,2.3069679849340963,32.85220638188105,161.84524776804398,-19.782388096335595,553.8018119031982,71.8244647843431,69.53826655573653,1.0874572334182595,0.555041494543488,0.5324157388747716,28.873836456123456,28.104609454427546,27.043637857112046,24.49515488703806,9.329080837490443,12.321432721517201,16.728008882496738,28.87242454916816,28.012749999999993,32.242855761089224,23.78264423891076,30.201288778068797,12.689757342638645,-2.0945903988574313,32.73334824709039
LSE:URNU,1D,1768377600,2026-01-14,31.6,31.925,30.9,31.925,39257.0,1253279.725,1.1324938623584437,8.903291830121097,16.42961342086068,19.546901329339086,1.3688360019721368,2.4942969149327365,2.7765014442910996,3.2436708860759564,-34.52905159045835,26.691851455773126,127.68006645393417,125.02170624692484,10.199212465318999,70.87968334991294,1.1877184054790177,0.6815768767305939,0.5061415287484239,29.164423460302174,28.254428691508817,27.140298493604877,24.569083694132207,9.465561846115177,12.991136181048619,17.629509518926447,29.93972586622998,28.262999999999995,32.78689367691153,23.739106323088457,32.01283428448175,12.956869405229476,-2.6287750386017064,34.48273732592036
LSE:URNU,1D,1768464000,2026-01-15,32.4,33.17,32.15,33.15,41177.0,1365017.55,3.8371182458887954,10.050626608017263,22.054491899852717,27.598152424942256,1.5770830484848828,2.514868229695092,2.762088190836421,3.148148148148158,8.915633339556335,26.072631088313138,532.658334964783,60.563185600398725,18.239844851025534,74.95026916894197,1.3504561510482276,0.8153527315941206,0.535103419454107,29.544002178368633,28.4464118800771,27.259302483830524,24.654465945931886,12.205515691004063,16.53490830320548,21.609861513014415,34.45839821758508,28.599749999999993,33.509489784347046,23.69001021565294,34.334144769426686,15.91010410930168,-1.0727999341696113,39.932400612037156
LSE:URNU,1D,1768550400,2026-01-16,32.95,33.665,32.57,33.375,152126.0,5077205.25,0.6787330316742125,9.560935576528523,22.510782784252548,27.409811032639812,1.5856410045456228,2.50433677590354,2.7622632439551515,3.3232169954476443,271.9516463359757,436.4532777210395,1576.9007865608423,379.71351631401257,294.0678893692807,75.62425358998115,1.4805161380207075,0.948385412879438,0.5321307251412695,29.908859113762094,28.639689845564273,27.380405404942792,24.74123742905694,11.58901071102045,16.53408322495899,21.89373935995501,34.89624395586325,28.98024999999999,34.12610899048939,23.83439100951059,35.512868180843185,15.164637986214785,-2.2009804595616766,40.02875083606055
LSE:URNU,1D,1768809600,2026-01-19,33.495,34.0,33.27,34.0,19167.0,651678.0,1.8726591760299627,11.8421052631579,27.460168697282093,26.96041822255414,1.4715726038446117,2.2999076321485856,2.756989398649026,2.179429765636653,-87.1646315657615,35.72734149543798,-14.020234623044775,-21.98229181264803,-49.1785078033724,77.440049832617,1.6154005592895082,1.081788442161452,0.5336121171280561,30.298491579118085,28.849898086914695,27.511486486033032,24.833364419812593,12.216807596563712,17.851369518082322,23.584743475279105,36.91258029006359,29.41774999999999,34.70649888324266,24.12900111675732,35.95617532437166,15.576480186282126,-2.0356385863622166,40.90927276880676
LSE:URNU,1D,1768896000,2026-01-20,33.785,34.35,32.84,34.13,69497.0,2371932.6100000003,0.3823529411764781,8.280456852791888,29.353799507295815,19.71238162048404,1.2471159298938737,2.198219302724315,2.5519648718639907,4.469439100192388,263.9730986775678,20.954221809828468,136.8765251076003,221.76869529234145,77.43616592329765,77.81031121606233,1.7130404841093458,1.2080388505510309,0.505001633558315,30.6633971430116,29.056960907035688,27.642546159576934,24.92586825643137,11.305345069303467,17.45894592760373,23.469089290732537,36.926022591785866,29.856249999999996,35.18069633271854,24.53180366728145,35.66721428658016,14.314423278208105,-2.986570597641568,39.125522374532345
LSE:URNU,1D,1768982400,2026-01-21,34.185,35.015,33.89,34.27,76724.0,2629331.4800000004,0.41019630823322756,8.759124087591246,31.45377828922134,20.86051842708518,1.1957963138892445,2.073329105308821,2.543026438458622,3.290917068889864,10.851862692675745,82.4797724916102,972.9425197300233,236.1817937062569,88.03037317329921,78.2247897164096,1.781185262995436,1.322668133039912,0.45851712995552396,31.006883129391447,29.26139381264213,27.773782869288283,25.01884469169076,10.523846776187076,17.116772425221757,23.3897455067063,36.97674861614106,30.218749999999993,35.70614270965733,24.731357290342654,36.317800767121994,13.406411582213067,-4.022116646245567,38.569022305064074
LSE:URNU,1D,1769068800,2026-01-22,35.0,35.06,34.385,34.99,55832.0,1953561.6800000002,2.1009629413481146,10.841846836144779,26.43179765130985,24.122029088329196,1.2288330068886082,1.7256033788718417,2.5447663356038204,1.9285714285714406,-25.701202193038064,2.0534629379227476,167.22214288567275,475.14989858574125,34.528794035272135,80.26628675366044,1.8717125369033951,1.4324770138126086,0.4392355230907865,31.38622759325893,29.486045035675772,27.91667825801525,25.118060167395328,11.482018334420932,18.666304543945724,25.337261391239867,39.30215855370477,30.597249999999992,36.3003013543191,24.894198645680877,37.27819561770496,14.356682381586616,-3.6096156379792648,40.554835678836916
LSE:URNU,1D,1769155200,2026-01-23,35.295,35.51,34.695,35.09,71917.0,2523567.5300000003,0.28579594169763195,9.913860610806587,19.699812382739218,24.080622347949088,0.7420941731037665,1.2983596698941946,2.544964321434179,2.3091089389431865,29.177775948185065,101.35708570566719,155.10301991789765,202.19466007644874,67.29715136196639,80.53918429511405,1.9292856143309578,1.5318387339162784,0.39744688041467935,31.738967822472365,29.705807975453194,28.058724233104055,25.217283449311793,10.558100680120367,18.125048236344657,25.059142776706704,39.15059514849386,30.993749999999995,36.78770967797502,25.199790322024967,37.387922906876575,13.216374269005875,-4.614882776982028,39.247190359877145
LSE:URNU,1D,1769414400,2026-01-26,35.57,36.12,34.29,34.455,117208.0,4038401.6399999997,-1.8096323738957112,3.9366515837104066,14.382936343265001,24.746560463432285,1.2806039242179152,1.4559026209804056,2.525431976955453,5.144784931121727,60.02748458251082,195.84979621690576,272.9856221600658,539.322031429732,148.97790261607506,73.58072221518353,1.9017512947732804,1.6058212460876788,0.2959300486856016,31.997637553665474,29.892050799945224,28.185383159181203,25.30920102693058,7.679824618967918,15.26475794716345,22.244213624523706,36.13626113024158,31.354374999999994,37.06676873533551,25.641981264664484,36.43761826115502,9.88897083740309,-7.046119271911952,34.36949214014189
LSE:URNU,1D,1769500800,2026-01-27,34.245,35.125,34.0,35.03,67671.0,2370515.13,1.668843418952265,4.958801498127344,14.993844891259755,24.86187845303868,1.249638342742601,1.4665836301972157,2.5264842533620224,3.28515111695138,-41.300659485667204,-53.31063029212775,150.46665414517486,233.09134611091497,41.33034047564262,75.63365717822275,1.9043753886266863,1.6655320745954802,0.23884331403120607,32.2864339771259,30.09353900386894,28.32092012632613,25.405925394821818,8.497581444943233,16.403723721216075,23.689484111913963,37.8812204460765,31.772124999999996,37.27268094349342,26.27156905650657,34.625042822873354,10.253878202984554,-6.016956351740286,33.338058053004886
LSE:URNU,1D,1769587200,2026-01-28,36.34,36.95,36.2,36.71,86185.0,3163851.35,4.795889237796174,7.9705882352941195,20.75657894736843,36.367013372956905,1.8936835357173332,1.7143669632906746,2.4619137379988425,2.063841496973032,33.46682794637975,385.49304257624163,558.9467998340476,488.87619238141554,79.2713337452005,80.42079050824523,2.0187461130004216,1.7361748822764684,0.2825712307239532,32.707725979304385,30.35300806254075,28.487040519864227,25.518403749102198,12.236478999573466,20.94353193713457,28.86561513612424,43.856960493822235,32.28837499999999,37.60461033974016,26.972139660259817,32.92971752056382,13.694170115405358,-2.3789911174661116,36.10340322420821
LSE:URNU,1D,1769673600,2026-01-29,38.32,38.61,34.39,35.68,129462.0,4619204.16,-2.80577499318987,4.541459126867849,13.19796954314721,35.074768124171875,2.345595607902015,1.8941515511416964,2.504282637079605,11.0125260960334,45.9994054398289,94.74432538789537,135.55148329172908,-35.85770541324826,175.15520180272998,71.1866523174424,2.003181910011179,1.7895762878234105,0.21360562218776846,32.99079969556111,30.561909707146995,28.629475361055032,25.619514159558893,8.151364408425424,16.746631155893127,24.626803495448847,39.268839283150264,32.768874999999994,37.449240764286024,28.088509235713964,28.56592278060221,8.883811238561,-4.724370182621392,27.027033370050162
LSE:URNU,1D,1769760000,2026-01-30,35.575,36.17,34.69,34.735,132106.0,4588701.91,-2.6485426008968616,1.3568718996206486,10.234846080609323,34.81467106539879,2.7075591167607036,2.095944886252842,2.5132401883798443,4.16022487702039,-0.660335610712647,74.519718981952,218.46318615126344,312.493675555067,155.68942613877013,63.93336528302353,1.8927748346206172,1.8102159971828518,0.08255883743776549,33.156914010269574,30.725560306866722,28.750376839053942,25.710215511205075,4.759447725568339,13.049199601535747,20.815807717750204,35.1019402574114,33.12187499999999,37.24388963940887,28.999860360591107,24.889983670362156,4.870270780262323,-6.736379211998683,19.776438810728095
LSE:URNU,1D,1770019200,2026-02-02,34.8,34.8,32.005,32.79,85396.0,2800134.84,-5.59953936951202,-6.287510717347821,3.8726538370159185,29.86138613861386,3.3783215538891582,2.6560498674518227,2.7315947025426954,8.031609195402284,-38.9776260275752,43.33485697774332,46.278185142905855,257.76503954231276,50.39226091953331,52.154564023980186,1.6295467859856174,1.774082154943405,-0.1445353689577875,33.12196981881533,30.806518726205283,28.83036937689446,25.780661128009005,-1.0022647222712933,6.438511574199671,13.734234797140369,27.188359666912522,33.29562499999999,37.0364560824604,29.554793917539577,22.470406141710278,-1.5185929082273961,-11.465611269625283,10.94646808056563
LSE:URNU,1D,1770105600,2026-02-03,33.585,34.95,33.34,34.46,64870.0,2235420.2,5.093016163464476,-1.7953833000855017,7.940485512920908,35.88328075709779,3.798450846046719,2.926071251761024,2.830678774614071,4.793806758969776,-20.16740879521358,-11.41825319015735,78.36562384347198,54.71799664249617,18.38641824462209,59.11887172555323,1.537963023824453,1.7268583287196146,-0.1888953048951616,33.249401264642444,30.949792501648215,28.94184721101536,25.867022708824834,3.6409640153277376,11.341618843373027,19.066346210563967,33.219815778193805,33.51249999999999,36.98569557468369,30.03930442531629,20.727761728809853,2.8273032450578515,-6.828844328704473,14.71637129839156
LSE:URNU,1D,1770192000,2026-02-04,35.275,35.35,31.27,31.27,45773.0,1431321.71,-9.257109692396986,-9.243941372805105,-5.671191553544492,15.729089563286456,4.9672489042842765,3.7229512457859033,3.2074186257631325,11.56626506024097,-35.9707982418697,-64.55722244605666,4.857385166952609,-40.019841971757295,-22.898279462512455,45.49597880303069,1.194209785392495,1.6203286200541906,-0.42611883466169576,33.06088685848602,30.962349658446325,28.9879492464408,25.920783676896228,-5.416935323458633,0.9936272438863499,7.8724118569353285,20.63678471215223,33.552874999999986,36.899788232741976,30.205961767257993,19.950083161231298,-6.80381338409894,-15.256966238485195,3.522610009708018
LSE:URNU,1D,1770278400,2026-02-05,32.085,32.305,30.1933,30.685,85073.0,2610465.005,-1.8708026862807832,-12.403654010847852,-8.059925093632963,11.907366885485036,4.334048806835749,3.7307610294334257,3.230997693822282,6.581580177653105,82.38143016778527,10.122267179961007,-48.584607545657136,374.23638470978176,35.60336487718719,43.5156445775119,0.8646115525994489,1.4691852065632423,-0.6045736539637934,32.83461191958259,30.95147320125235,29.02155421185781,25.96818881443955,-6.546786436359746,-0.8609386684753053,5.731759836151457,18.163805028010568,33.56712499999999,36.862247636185536,30.272002363814448,19.633034620543434,-8.586153863340968,-16.757653242288164,1.3642891250538045
LSE:URNU,1D,1770364800,2026-02-06,29.945,31.365,29.695,31.365,25139.0,788484.735,2.216066481994459,-14.5600653772814,-7.750000000000004,15.482326951399111,4.72837133501856,3.747550599337047,3.235979957571311,5.576890966772409,-69.79523826254089,-75.07832550350383,20.992995773986536,265.44690549234923,-59.443523172912464,46.434345696340294,0.6507712100681502,1.3055024072642238,-0.6547311971960736,32.69464887962234,30.967689938458143,29.067959078949738,26.02188842822622,-4.066870038941071,1.2829825612805685,7.902312352963639,20.53314303652939,33.55937499999999,36.87438928164385,30.244360718356127,19.756114538151337,-6.538783871868863,-14.94096414604604,3.705283414913528
LSE:URNU,1D,1770624000,2026-02-09,32.3,33.495,31.955,33.445,23956.0,801208.42,6.631595727721989,-6.264013452914796,-2.007031936712576,22.76773423878132,5.320728304497915,4.174272205192267,3.415361603956234,4.767801857585137,1.6136881838302242,-82.6548385339175,-66.22128231543644,164.62334365883078,-59.13826569191204,54.22584274318046,0.6417422099645052,1.17275036780428,-0.531008157839775,32.76611089108688,31.064839352636255,29.154633156594297,26.095750234910536,2.071924590531101,7.6619119781855805,14.715900626708084,28.162630692478572,33.65612499999999,36.83645614431549,30.47579385568449,18.898973927126203,-0.6273003799456668,-9.20679267036075,9.742834455358018
LSE:URNU,1D,1770710400,2026-02-10,33.67,33.99,33.215,33.41,22909.0,765389.69,-0.1046494244281767,-3.814596228587888,-2.5094835132769373,25.248359887535127,5.267057583737023,4.172267303438465,3.3790257606411913,2.3017523017522974,-4.470588314586122,-83.32012614870422,-70.89033102817451,0.9824268551961064,-60.96996628267944,54.08328626366873,0.6245628827042182,1.0631128707842676,-0.4385499880800494,32.827433663364324,31.156806436846598,29.238897846562725,26.168528839538293,1.7746325911727323,7.2317859910338305,14.26559296224505,27.672442745503105,33.74824999999999,36.78472867603274,30.711771323967245,17.994880777715878,-1.0022741919951261,-9.174265510436035,8.785649800430344
