symbol,timeframe,timestamp,formatted_date,open,high,low,close,volume_units,volume_usd,price_change_24h_pct,price_change_7d_pct,price_change_14d_pct,price_change_30d_pct,volatility_7d,volatility_14d,volatility_30d,intraday_range_pct,volume_change_24h_pct,volume_change_7d_pct,volume_change_14d_pct,volume_change_30d_pct,volume_vs_30d_avg_pct,rsi,macd_line,macd_signal,macd_histogram,ema_20,ema_50,ema_100,ema_200,gap_ema_20_pct,gap_ema_50_pct,gap_ema_100_pct,gap_ema_200_pct,bb_mid,bb_upper,bb_lower,band_width_pct,gap_bb_mid_pct,gap_bb_upper_pct,gap_bb_lower_pct
QNCCF,1D,1528983000,2018-06-14,0.0578,0.0578,0.0578,0.0578,10000.0,578.0,,,,,,,,0.0,,,,,,,,,,,,,,,,,,,,,,,,
QNCCF,1D,1535635800,2018-08-30,0.1041,0.1041,0.1041,0.1041,20000.0,2082.0,80.10380622837371,,,,,,,0.0,260.20761245674737,,,,,,,,,,,,,,,,,,,,,,,
QNCCF,1D,1536067800,2018-09-04,0.0997,0.0997,0.0997,0.0997,2000.0,199.4,-4.226705091258406,,,,,,,0.0,-90.42267050912584,,,,,,,,,,,,,,,,,,,,,,,
QNCCF,1D,1540387800,2018-10-24,0.0832,0.0832,0.0832,0.0832,900.0,74.88,-16.549648946840524,,,,,,,0.0,-62.44734202607823,,,,,,,,,,,,,,,,,,,,,,,
QNCCF,1D,1542810600,2018-11-21,0.0853,0.0853,0.0853,0.0853,500.0,42.65,2.524038461538467,,,,,,,0.0,-43.04220085470085,,,,,,,,,,,,,,,,,,,,,,,
QNCCF,1D,1543847400,2018-12-03,0.0864,0.0864,0.0864,0.0864,586.0,50.6304,1.2895662368112588,,,,,,,0.0,18.711371629542796,,,,,,,,,,,,,,,,,,,,,,,
QNCCF,1D,1552656600,2019-03-15,0.0836,0.0836,0.0836,0.0836,3300.0,275.88,-3.240740740740753,,,,31.960662960232277,,,0.0,444.89002654531663,,,,,,,,,,,,,,,,,,,,,,,
QNCCF,1D,1559309400,2019-05-31,0.08,0.08,0.08,0.08,2000.0,160.0,-4.306220095693771,38.408304498269906,,,30.00934687266231,,,0.0,-42.00376975496592,-72.31833910034602,,,,,,,,,,,,,,,,,,,,,,
QNCCF,1D,1559741400,2019-06-05,0.0771,0.0771,0.0771,0.0771,3300.0,254.43,-3.6249999999999996,-25.93659942363112,,,5.71834080173928,,,0.0,59.01875000000001,-87.77953890489914,,,,,,,,,,,,,,,,,,,,,,
QNCCF,1D,1559914200,2019-06-07,0.0798,0.0798,0.0798,0.0798,900.0,71.82,3.5019455252918212,-19.959879638916753,,,6.289311325329556,,,0.0,-71.77219667492042,-63.98194583751254,,,,,,,,,,,,,,,,,,,,,,
QNCCF,1D,1562851800,2019-07-11,0.0879,0.0879,0.0879,0.0879,5000.0,439.50000000000006,10.150375939849637,5.649038461538473,,,4.778746393996221,,,0.0,511.94653299916473,486.93910256410265,,,,,,,,,,,,,,,,,,,,,,
QNCCF,1D,1563370200,2019-07-17,0.0865,0.0865,0.0865,0.0865,10000.0,864.9999999999999,-1.5927189988623576,1.4067995310668144,,,4.79587426608795,,,0.0,96.81456200227527,1928.1359906213363,,,,,,,,,,,,,,,,,,,,,,
QNCCF,1D,1572615000,2019-11-01,0.11,0.11,0.1067,0.1067,7000.0,746.9,23.352601156069376,23.495370370370367,,,9.422008484623982,,,2.9999999999999973,-13.653179190751436,1375.2006699532294,,,,,,,,,,,,,,,,,,,,,,
QNCCF,1D,1573741800,2019-11-14,0.0903,0.0903,0.0903,0.0903,3000.0,270.90000000000003,-15.37019681349578,8.01435406698566,,,11.402684979727907,,,0.0,-63.73008434864105,-1.8051326663766716,,,,,,,,,,,,,,,,,,,,,,
QNCCF,1D,1576506600,2019-12-16,0.16,0.16,0.16,0.16,3750.0,600.0,77.18715393133996,100.0,176.81660899653983,,28.331551843465324,29.308533141068153,,0.0,121.48394241417495,275.0,3.8062283737024223,,,75.78203834510595,,,,,,,,,,,,,,,,,,
QNCCF,1D,1577975400,2020-01-02,0.1465,0.1465,0.1465,0.1465,400.0,58.599999999999994,-8.437500000000007,90.01297016861217,40.73006724303554,,28.79033994125338,22.37287437976922,,0.0,-90.23333333333333,-76.96812482804701,-97.1853986551393,,,70.60312409603702,,,,,,,,,,,,,,,,,,
QNCCF,1D,1578407400,2020-01-07,0.1357,0.1357,0.1357,0.1357,15000.0,2035.4999999999998,-7.372013651877136,70.05012531328319,36.10832497492476,,29.52780480123088,22.473265062920497,,0.0,3373.549488054608,2734.168755221387,920.8124373119356,,,66.67734885577994,,,,,,,,,,,,,,,,,,
QNCCF,1D,1578925800,2020-01-13,0.17,0.17,0.17,0.17,1100.0,187.0,25.276344878408274,93.40159271899886,104.32692307692311,,29.92772228931822,22.30802446033466,,0.0,-90.81306804225005,-57.45164960182025,149.732905982906,,,72.00192182321943,,,,,,,,,,,,,,,,,,
QNCCF,1D,1582900200,2020-02-28,0.065,0.065,0.065,0.065,2000.0,130.0,-61.76470588235294,-24.85549132947976,-23.79835873388042,,39.936360476896354,28.52654099444287,,0.0,-30.481283422459892,-84.97109826589595,204.80656506447832,,,47.15948655169724,,,,,,,,,,,,,,,,,,
QNCCF,1D,1587130200,2020-04-17,0.05,0.05,0.05,0.05,250.0,12.5,-23.076923076923077,-53.13964386129334,-42.129629629629626,,40.14206070543056,29.280862376993866,,0.0,-90.38461538461539,-98.32641585218906,-75.31127543926179,,,44.78240472167692,,,,,,,,,,,,0.09678,0.1600325920417495,0.033527407958250516,130.7141807021068,-48.33643314734449,-68.75636433673714,49.13171952410316
QNCCF,1D,1595338200,2020-07-21,0.0459,0.0459,0.0459,0.0459,100.0,4.590000000000001,-8.2,-49.16943521594684,-45.0956937799043,,39.87681522819877,29.35705513069985,,0.0,-63.279999999999994,-98.30564784053158,-98.3362331448456,,,44.12767301686477,,,,,,,,,,,,0.09618499999999999,0.16109525419762283,0.03127474580237717,134.96959858111524,-52.27946145448874,-71.5075405364255,46.76378279791223
QNCCF,1D,1597671000,2020-08-17,0.0745,0.09,0.0745,0.09,20000.0,1800.0,96.078431372549,-43.75000000000001,12.499999999999993,,45.33655957809084,38.243925820969324,,20.80536912751678,39115.686274509804,200.0,1025.0,,,52.21949170134261,,,,,,,,,,,,0.09548,0.16033733882915646,0.03062266117084353,135.85533898021882,-5.739421868454126,-43.86834616489594,193.89999614302255
QNCCF,1D,1598275800,2020-08-24,0.0645,0.0645,0.0645,0.0645,7757.0,500.3265,-28.33333333333333,-55.972696245733786,-16.342412451361866,,46.49721934259916,39.27643350763077,,0.0,-72.20408333333333,753.7994880546075,96.64603230751091,,,47.899648491403696,,,,,,,,,,,,0.09372,0.15992025981822128,0.027519740181778718,141.27242812253795,-31.177976952624835,-59.66739919425088,134.37721277145826
QNCCF,1D,1598362200,2020-08-25,0.2,0.2,0.0631,0.0632,9836.0,621.6352,-2.015503875968985,-53.42667649226234,-20.802005012531318,,46.43100855144146,39.32530902966737,,68.45000000000002,24.245907422453147,-69.4603193318595,765.5460874408243,,,47.68308385800973,,,,,,,,,,,,0.09272,0.16011906824281774,0.025320931757182266,145.38194185249728,-31.83779119930974,-60.529373113664185,149.595870349729
QNCCF,1D,1598448600,2020-08-26,0.065,0.065,0.0628,0.0628,7235.0,454.35799999999995,-0.6329113924050813,-63.05882352941177,-28.555176336746314,,45.263370328441546,39.33072021725401,,3.384615384615396,-26.90922264376279,142.97219251336895,3.3806598407280744,,,47.61175410625332,,,,,,,,,,,,0.09159500000000001,0.1601923898920359,0.02299761010796411,149.7841364529415,-31.437305529777838,-60.79713896376413,173.07185270634815
QNCCF,1D,1599571800,2020-09-08,0.07401,0.07401,0.07401,0.07401,17024.0,1259.9462400000002,17.8503184713376,13.861538461538467,-14.43930635838149,,38.868504079210766,39.428919666693375,,0.0,177.30253236434714,869.1894153846155,45.65852485549137,,,49.87479720343709,,,,,,,,,,,,0.0909755,0.1599719899034726,0.02197901009652739,151.681474470539,-18.64842732383993,-53.73565081946047,236.7303608077114
QNCCF,1D,1599744600,2020-09-10,0.0685,0.0685,0.0685,0.0685,3174.0,217.419,-7.444939872990138,37.00000000000001,-35.80131208997188,,37.478613936806916,39.26034341149438,,0.0,-82.74378754445904,1639.3520000000003,-70.89048065336725,,,48.759855784171,,,,,,,,,,,,0.09022050000000001,0.15985084926668108,0.020590150733318935,154.35593743479822,-24.0749053707306,-57.147553288427865,232.6833343145636
QNCCF,1D,1600263000,2020-09-16,0.0684,0.0684,0.0684,0.0684,3000.0,205.20000000000002,-0.1459854014598582,49.019607843137244,-24.25249169435216,,37.035057051624406,38.922614773017614,,0.0,-5.620024008941258,4370.588235294117,-24.252491694352162,,,48.7385608308594,,,,,,,,,,,,0.0896405,0.15979301284879255,0.019487987151207434,156.51968217221582,-23.69520473446712,-57.19462398226077,250.9854530859647
QNCCF,1D,1600435800,2020-09-18,0.0684,0.0684,0.0684,0.0684,2900.0,198.36,0.0,-23.999999999999993,-57.25,,12.648985146594725,33.366640693596814,,0.0,-3.333333333333335,-88.97999999999999,-66.94,,,48.7385608308594,,,,,,,,,,,,0.0892055,0.15977034322238665,0.018640656777613354,158.20738233043176,-23.323113485155055,-57.18855037771744,266.9398606284384
QNCCF,1D,1600695000,2020-09-21,0.068,0.0684,0.068,0.0684,76110.0,5205.924,0.0,6.046511627906978,-53.310580204778155,,7.272942616371808,33.29552516560324,,0.5882352941176435,2524.4827586206893,940.5053500064458,8783.829351535836,,696.6889600917553,48.7385608308594,,,,,,,,,,,,0.0886355,0.1596775901930679,0.01759340980693211,160.30166286209905,-22.83001731811746,-57.16368219404061,288.78194022996735
QNCCF,1D,1601904600,2020-10-05,0.0567,0.0567,0.0567,0.0567,150.0,8.505,-17.10526315789474,-10.284810126582286,-58.21665438467206,-1.9031141868512056,9.703332310040262,33.543222354473414,31.085070616752596,0.0,-99.83662842561665,-98.63183423332526,-99.58216654384671,-98.52854671280276,-98.65949378700563,45.81468518226169,,,,,,,,,,,,0.0870755,0.15947101932958285,0.014679980670417148,166.28217886680605,-34.88409483723895,-64.44495041270373,286.24029059017016
QNCCF,1D,1605105000,2020-11-11,0.03,0.03,0.03,0.03,82500.0,2475.0,-47.089947089947096,-52.22929936305732,-82.3529411764706,-71.18155619596543,18.77899164249519,34.700982238263144,29.040442496199905,0.0,29000.5291005291,444.7246444433685,1223.5294117647059,18.876080691642652,282.2028965704387,39.927964247110765,,,,,,,,,,,,0.08425049999999999,0.1608053497418681,0.007695650258131861,181.73150246436077,-64.39190271867822,-81.34390426179394,289.8306055203004
QNCCF,1D,1605537000,2020-11-16,0.046,0.046,0.046,0.046,13000.0,598.0,53.333333333333336,-37.84623699500068,-29.230769230769234,-53.86158475426279,27.67490438568346,34.10891847855097,30.5664837059067,0.0,-75.83838383838383,-52.53765747973501,360.0,199.8996990972919,-9.510270522254286,44.5277531695379,,,,,,,,,,,,0.0812155,0.1587759555105242,0.0036550444894757755,190.99914550922966,-43.360565409312265,-71.02835888967397,1158.5346124363466
QNCCF,1D,1605882600,2020-11-20,0.03,0.03,0.03,0.03,25000.0,750.0,-34.78260869565217,-56.204379562043805,-40.00000000000001,-63.942307692307686,29.91609837050575,34.85777417647171,31.102029124844922,0.0,25.418060200668897,244.95605259889888,5900.0,901.6025641025642,9.753022656047184,41.13565326119552,-0.01513009034739745,-0.011247081024490038,-0.0038830093229074124,,,,,,,,,0.0782005,0.15874466936687595,-0.002343669366875939,205.99400097665855,-61.63707393175236,-81.10172762357973,-1380.0440379518786
QNCCF,1D,1606228200,2020-11-24,0.04038,0.04038,0.04038,0.04038,300.0,12.113999999999999,34.6,-40.96491228070176,-12.026143790849682,-52.661195779601414,33.26100601485353,35.735584669735815,31.675217215666116,0.0,-98.3848,-94.09649122807018,163.9215686274509,-71.59671746776085,-98.22462472241759,44.11027586522721,-0.01536336970768895,-0.01207033876112982,-0.0032930309465591303,,,,,,,,,0.0722195,0.14496645992960808,-0.0005274599296080651,201.460713324263,-44.08712328387763,-72.14528103976086,-7755.55784114346
QNCCF,1D,1606746600,2020-11-30,0.028,0.028,0.028,0.028,11000.0,308.0,-30.658741951461117,-59.06432748538012,-68.88888888888889,-67.5925925925926,34.75011737303526,26.19216761519394,32.22259259247517,0.0,2442.512795113093,55.2732405726961,-82.88888888888889,508.33017317658954,-55.42134343692568,41.42173986279858,-0.016358635648570444,-0.012927998138617945,-0.003430637509952499,,,,,,,,,0.0662945,0.13292221179471797,-0.00033321179471794415,201.00524717651678,-57.76421875117846,-78.93504808418132,-8503.063890250743
QNCCF,1D,1606833000,2020-12-01,0.028,0.028,0.028,0.028,289000.0,8092.0,0.0,-59.06432748538012,-56.58914728682171,-66.50717703349282,34.75011737303526,25.35036059536213,32.212939802854905,0.0,2527.2727272727275,55.43830451616274,1517.343874449984,2833.1593446425986,750.4905227913464,41.42173986279858,-0.016951979213095027,-0.01373279435351336,-0.003219184859581666,,,,,,,,,0.060909500000000005,0.12135061298611238,0.0004683870138876209,198.4620231199152,-54.03015949892874,-76.92636294865326,5877.962490377238
QNCCF,1D,1607005800,2020-12-03,0.0252,0.0252,0.0252,0.0252,300.0,7.5600000000000005,-10.0,-55.55555555555556,-60.12658227848101,-68.5,34.51263361372791,25.424212176807178,32.26222099279759,0.0,-99.90657439446366,-11.111111111111112,-98.7838526518447,-95.275,-99.20115777007452,40.769927231375895,-0.017447026402245686,-0.014475640763259825,-0.0029713856389858607,,,,,,,,,0.0536695,0.0899785068578032,0.017360493142196794,135.30592555474973,-53.04595720101734,-71.99331164738639,45.15716687072863
QNCCF,1D,1607351400,2020-12-07,0.029,0.029,0.029,0.029,5000.0,145.0,15.079365079365084,-3.333333333333325,-53.82165605095541,-62.38651102464332,30.26120333334675,25.847446034667993,32.345072607813606,0.0,1817.9894179894177,-94.14141414141413,-68.08683901240872,-43.00986518885352,-84.61900639195696,42.1015212544453,-0.01733292347178258,-0.015047097304964376,-0.002285826166818203,,,,,,,,,0.0518695,0.08930510843635373,0.014433891563646273,144.34536070852323,-44.090457783475834,-67.52705359440012,100.91601680755633
QNCCF,1D,1607524200,2020-12-09,0.029,0.029,0.029,0.029,41000.0,1189.0,0.0,-36.95652173913043,-60.81610593163087,-63.65914786967418,22.613283588495612,25.276531327668664,32.34484481304907,0.0,720.0,98.82943143812709,-5.630894219740693,1555.5277081592874,21.331326336091223,42.1015212544453,-0.017046000395530482,-0.015446877923077596,-0.0015991224724528855,,,,,,,,,0.050819500000000004,0.08956119045098572,0.012077809549014287,152.46781432712135,-42.93529058727457,-67.61990338229049,140.1097639626781
QNCCF,1D,1607610600,2020-12-10,0.015,0.015,0.015,0.015,41000.0,615.0,-48.275862068965516,-50.0,-78.1021897810219,-82.93515358361775,25.564834820228988,27.829566380530235,33.51110287096506,0.0,-48.275862068965516,-18.0,182.8639631310971,39.93174061433445,-37.61483338213319,38.41168777698089,-0.01774375581561182,-0.015906253501584443,-0.0018375023140273783,,,,,,,,,0.0492745,0.09102539818195528,0.00752360181804472,169.46249350863135,-69.55829079950075,-83.52108279711588,99.37259257957768
QNCCF,1D,1608129000,2020-12-16,0.0364,0.0364,0.0333,0.0333,11000.0,366.3,122.00000000000001,-17.533432392273394,-51.315789473684205,-61.50289017341039,50.92119040017876,43.21464332228722,40.058594549837295,8.516483516483513,-40.4390243902439,2923.7741456166427,78.50877192982455,-57.65317919075144,-62.205472421012,45.17549796450607,-0.016628393186722712,-0.016050681438612095,-0.0005777117481106167,,,,,,,,,0.0464395,0.08425896931145382,0.008620030688546172,162.87629845908688,-28.293801612851126,-60.47898488182274,286.30952955013527
QNCCF,1D,1608733800,2020-12-23,0.07,0.07,0.07,0.07,14000.0,980.0000000000001,110.2102102102102,150.00000000000003,2.3391812865497137,-34.39550140581068,59.262727389505265,51.297211964358574,44.283099775476614,0.0,167.54026754026754,218.18181818181822,394.0512200040331,31.20899718837865,0.3113817462452153,55.68620069102904,-0.012637400891305627,-0.0153680253291508,0.0027306244378451743,,,,,,,,,0.046714500000000006,0.08513054949757329,0.008298450502426731,164.47162871302606,49.84640743238181,-17.773348800015192,743.5309697820067
QNCCF,1D,1609252200,2020-12-29,0.07,0.13,0.07,0.1,21705.0,2170.5,42.85714285714285,257.14285714285717,46.19883040935673,10.741971207087486,58.363866507027105,51.85370478596711,44.548615163644875,85.7142857142857,121.47959183673468,-73.17721206129511,-58.30711320411132,701.2181616832779,108.64616412827779,62.085119789995474,-0.006973376718072237,-0.013689095606935087,0.00671571888886285,,,,,,,,,0.04855450000000001,0.09300407838945154,0.00410492161054847,183.09148849005356,105.95413401435498,7.5221664809722295,2336.1001131672942
QNCCF,1D,1609338600,2020-12-30,0.096,0.096,0.092,0.092,2000.0,184.0,-8.000000000000007,265.07936507936506,62.25749559082892,-42.50000000000001,58.156583382321884,51.52074549454268,42.76809266944717,4.1666666666666705,-91.52269062428012,2333.8624338624336,2063.4332745443858,-69.33333333333334,-82.07346252578832,59.61304090761217,-0.003094458898951234,-0.011570168265338316,0.008475709366387082,,,,,,,,,0.0500145,0.09801610475442459,0.0020128952455754218,191.95075329924154,83.94665546991371,-6.137873739726441,4470.5309405557355
QNCCF,1D,1609425000,2020-12-31,0.0903,0.091,0.0873,0.0873,45000.0,3928.5,-5.108695652173909,201.0344827586207,191.0,-40.409556313993164,59.47962132247744,49.025551300671175,42.73532017978809,4.097452934662231,2035.054347826087,2609.310344827586,58.72727272727273,6603.924914675768,240.00978299210186,58.148156664931655,-0.0003950850076290674,-0.009335151613796467,0.0089400666061674,,,,,,,,,0.05067900000000001,0.10033051272619993,0.0010274872738000873,195.94511622644453,72.26069969809978,-12.98758709801469,8396.455598630168
QNCCF,1D,1609770600,2021-01-04,0.0875,0.0875,0.0875,0.0875,20000.0,1750.0,0.22909507445588984,201.72413793103448,90.21739130434781,-35.51952837140752,59.462876403050686,48.13186631534078,42.67832155390534,0.0,-55.453735522464044,47.1825063078217,192.64214046822744,-14.026037828543345,52.71955149331428,58.195233218108235,0.0017402658759723966,-0.007120068115842693,0.00886033399181509,,,,,,,,,0.051629000000000015,0.10329429121179898,-3.629121179894029e-05,200.14058460089848,69.4783939258943,-15.290575138768997,-241205.20333342793
QNCCF,1D,1609857000,2021-01-05,0.1099,0.125,0.1,0.1,5100.0,510.0,14.285714285714299,566.6666666666667,233.33333333333334,-41.1764705882353,51.04844203737588,46.24226513195091,42.55968272027351,22.74795268425841,-70.85714285714285,-17.073170731707318,-32.0,172.72727272727272,-55.90744798575849,61.13752175091966,0.004390580489894075,-0.00481793839469534,0.009208518884589414,,,,,,,,,0.05320900000000002,0.10862573173329501,-0.002207731733294971,208.29833950382442,87.93813076735132,-7.940781245527962,-4629.535834988118
QNCCF,1D,1610375400,2021-01-11,0.0955,0.0955,0.0955,0.0955,1750.0,167.125,-4.5000000000000036,186.78678678678676,136.50321941555225,46.92307692307692,39.79296301801088,46.27231640225927,40.731649018339475,0.0,-67.23039215686275,-54.37482937482938,1279.6021132573883,28.557692307692307,-85.56648592977406,59.5136081488947,0.0060580283442213945,-0.0026427450469119927,0.008700773391133388,,,,,,,,,0.05456400000000002,0.11266066510222411,-0.0035326651022240738,212.9487028158642,75.02382523275412,-15.232170950396181,-2803.3414500535505
QNCCF,1D,1610461800,2021-01-12,0.107,0.107,0.107,0.107,3105.0,332.235,12.041884816753923,52.85714285714283,282.14285714285717,113.99999999999999,16.5306143523463,44.59504496245621,40.33285713234087,0.0,98.79431563201197,-66.09846938775512,7.868506493506498,2557.88,-71.5686901020493,62.27160300828806,0.008212774915626303,-0.0004716410544043331,0.008684415970030637,,,,,,,,,0.05649400000000002,0.11871893660904755,-0.005730936609047499,220.28865581848515,89.40064431621049,-9.871160358889577,-1967.05956284838
QNCCF,1D,1610721000,2021-01-15,0.0981,0.0981,0.0981,0.0981,1000.0,98.10000000000001,-8.317757009345787,-1.899999999999999,250.3571428571429,113.72549019607843,8.690045344268702,44.87478533819695,40.33452446332298,0.0,-70.47270757144791,-95.48030407740153,-98.78769154720712,2037.254901960784,-91.6273372331499,58.926045317174214,0.009097402287346665,0.0014421676139458666,0.007655234673400798,,,,,,,,,0.05856400000000002,0.12337917180413849,-0.00625117180413845,221.34817227012653,67.50904992828355,-20.489010774256588,-1669.3057729601203
QNCCF,1D,1611153000,2021-01-20,0.13363,0.135,0.13363,0.135,25000.0,3375.0,37.61467889908257,46.73913043478262,435.7142857142858,50.000000000000014,14.995360192052312,44.532394508927815,37.37799644782862,1.025218887974265,3340.366972477064,1734.2391304347825,44542.85714285714,87.5,175.69694326131918,66.87271800276065,0.01263040205393845,0.003679814501944383,0.008950587551994066,,,,,,,,,0.06381400000000001,0.13520075294478656,-0.007572752944786557,223.73382939413466,111.55232394145484,-0.14848507897625152,-1882.7070417362609
QNCCF,1D,1611757800,2021-01-27,0.14666,0.14666,0.14666,0.14666,1176.0,172.47216,8.63703703703704,67.9954180985109,405.72413793103453,127.37984496124032,14.212234025728913,44.61415897908094,36.800274764966595,0.0,-94.88971377777779,-95.60971974035893,18.94631724137931,-65.52807816495829,-85.78418894770675,68.91902286933872,0.016184628058488262,0.006180777213253159,0.010003850845235102,,,,,,,,,0.06884700000000002,0.148244533740035,-0.010550533740034937,230.64921852814194,113.02308016326053,-1.068864868106133,-1490.0718543127884
QNCCF,1D,1611844200,2021-01-28,0.1406,0.1406,0.1406,0.1406,1000.0,140.6,-4.132006000272746,60.6857142857143,384.82758620689657,122.46835443037973,14.652972483980864,44.75594472971944,36.821728287277736,0.0,-18.479596939007436,-91.9657142857143,-88.17493692178302,-77.38223318113259,-88.25600191806386,66.61587907850856,0.018301419052839385,0.008604905581170405,0.00969651347166898,,,,,,,,,0.07437700000000003,0.15750055553030676,-0.008746555530306704,223.51951686759804,89.03693346061276,-10.730473599538954,-1707.489937185247
QNCCF,1D,1611930600,2021-01-29,0.12,0.12,0.12,0.12,35231.0,4227.72,-14.651493598862025,19.99999999999999,700.0,91.08280254777071,16.273823212347857,41.877318598558155,37.01782460115214,0.0,2906.9132290184925,728.964705882353,587.4341463414635,830.4821308307547,219.5589339110272,59.35456313054226,0.018108005512198946,0.010505525567376113,0.007602479944822833,,,,,,,,,0.07835800000000001,0.16221063540283032,-0.005494635402830295,214.02444014096912,53.14326552489852,-26.022113345407565,-2283.948364220633
QNCCF,1D,1612881000,2021-02-09,0.168,0.168,0.168,0.168,5500.0,924.0000000000001,40.000000000000014,75.91623036649216,404.5045045045045,126.99635184434534,20.04047442640786,32.00337325491006,37.43311437627734,0.0,-78.14424796344129,452.8795811518325,152.25225225225225,-26.66353764427283,-29.561778494715753,68.08429197499615,0.021579171478794623,0.012720254749659815,0.008858916729134808,,,,,,,,,0.08535800000000002,0.17443783197110324,-0.0037218319711032205,208.7205229061206,96.81810726586843,-3.690616822255449,-4613.906089914148
QNCCF,1D,1612967400,2021-02-10,0.181,0.2026,0.181,0.20256,12376.0,2506.88256,20.57142857142856,89.30841121495327,189.3714285714285,195.70802919708026,20.373761329984784,18.65882979857481,37.37670116206469,11.933701657458569,171.30763636363636,654.5510135897783,155.80434285714284,1053.0190829688297,80.59770026157412,72.64059667820675,0.026809752546881893,0.01553815430910423,0.011271598237777663,,,,,,,,,0.09408600000000003,0.19267493576867528,-0.004502935768675234,209.57195707900266,115.29239206683239,5.130435981145299,-4598.398609394183
QNCCF,1D,1613140200,2021-02-12,0.21,0.21,0.2087,0.21,10675.0,2241.75,3.6729857819905223,114.06727828746175,109.99999999999999,207.0175438596491,19.109742342842928,16.207285680029972,37.35084234934882,0.619047619047617,-10.576185906371299,2185.1681957186543,3.282653766413269,992.4707602339181,53.96758790526255,73.51710807979333,0.031195766175190917,0.018669676682321567,0.01252608949286935,,,,,,,,,0.10332600000000003,0.20876044757762988,-0.0021084475776298184,204.08115590970291,103.24022995180297,0.5937678505451445,-10059.934609143498
QNCCF,1D,1613485800,2021-02-16,0.2128,0.214,0.2051,0.2051,3250.0,666.575,-2.3333333333333277,51.92592592592592,122.93478260869566,199.8538011695906,16.757346182227185,15.905665135321712,37.37279392242006,4.182330827067665,-70.26541764246682,-80.24962962962964,262.26902173913044,236.0430530348861,-54.70392275424742,71.88372022826906,0.03388571114124282,0.021712883574105817,0.012172827567137005,,,,,,,,,0.11213100000000002,0.22063459070556135,0.0036274092944387076,193.5300509325009,82.91105938589682,-7.040868186572061,5554.173084753493
QNCCF,1D,1613572200,2021-02-17,0.187,0.187,0.187,0.187,100.0,18.7,-8.824963432471968,27.50579571798717,114.20389461626574,173.3918128654971,17.662078032773927,16.13490031447757,37.47972457702216,0.0,-97.19461425946066,-89.15767043214396,-99.52399134529719,-99.6407938341013,-98.56008520796652,66.04635410943669,0.0341631812868249,0.024202943116649632,0.009960238170175266,,,,,,,,,0.12003100000000004,0.22615503118992403,0.01390696881007604,176.82770482612653,55.79308678591358,-17.31335844438579,1244.6495965714153
QNCCF,1D,1613658600,2021-02-18,0.18,0.18,0.18,0.18,555.0,99.89999999999999,-3.7433155080213933,28.022759601706966,105.71428571428572,217.46031746031744,17.634183119294896,16.281087014804978,37.24497461848408,0.0,434.22459893048125,-28.947368421052634,-94.29142857142857,1074.6031746031745,-92.32562375243181,63.885656947881714,0.033432843864852735,0.026048923266290252,0.007383920598562483,,,,,,,,,0.12828100000000003,0.22576440369519296,0.030797596304807107,151.98416553533713,40.31696042282173,-20.270867748035247,484.4611969665448
QNCCF,1D,1613745000,2021-02-19,0.1743,0.1743,0.1743,0.1743,200.0,34.86,-3.166666666666657,45.250000000000014,74.3,481.00000000000006,16.2103760510402,16.30164513125914,35.828384884948534,0.0,-65.1051051051051,-99.17544208225712,-93.16470588235293,-98.59151515151514,-97.14355119678306,62.10399186797613,0.032024940256585616,0.027244126664349326,0.00478081359223629,,,,,,,,,0.13533100000000003,0.22434490675619156,0.04631709324380852,131.5499135544576,28.795324057311305,-22.30712855477402,276.3189522332552
QNCCF,1D,1614004200,2021-02-22,0.2001,0.2001,0.2001,0.2001,1000.0,200.1,14.802065404475037,19.10714285714285,109.52879581151834,335.00000000000006,10.00193537179527,16.238665462869353,34.96643665753974,0.0,474.01032702237524,-78.34415584415585,19.730740463724754,-66.53846153846153,-83.42353498370242,66.63912158900398,0.032615044948039185,0.0283183103210873,0.004296734626951886,,,,,,,,,0.14183600000000002,0.22981095243533797,0.05386104756466206,124.05165463681709,41.078428607687734,-12.928431878675479,271.51152650674493
QNCCF,1D,1614090600,2021-02-23,0.38,0.42,0.27793,0.278,151852.0,42214.85600000001,38.930534732633696,37.24328593996842,159.8130841121496,826.6666666666667,15.280625364379176,18.23773074819755,34.34071637766934,37.38684210526315,20996.879560219895,1583.9582624883717,12606.324138034826,5528.647466666668,1530.3610114786854,75.98439816129374,0.03891994127384424,0.030438636511638688,0.00848130476220555,,,,,,,,,0.15073600000000004,0.2545667712385879,0.04690522876141219,137.76506108505976,84.42840462795878,9.2051404224512,492.6844561702767
QNCCF,1D,1614177000,2021-02-24,0.2752,0.2752,0.22554,0.2544,60211.0,15317.6784,-8.48920863309353,21.142857142857157,159.32721712538225,530.0148588410104,16.07402894068838,18.249076550298863,34.27179295779773,18.045058139534888,-63.71495759691802,583.2911073937772,15514.351070336392,126346.08221892029,394.2014813439145,69.62146894017974,0.04153352168552804,0.03265761354641656,0.008875908139111481,,,,,,,,,0.15885600000000005,0.26829252450621754,0.04941947549378259,137.78078826889438,60.14503701465473,-5.178125828062562,414.776811081303
QNCCF,1D,1614263400,2021-02-25,0.2316,0.2316,0.1903,0.1903,27358.0,5206.2274,-25.19654088050315,-7.215992198927355,40.96296296296295,579.6428571428572,19.05212438001005,18.258823037807062,34.06552198822055,17.83246977547496,-66.01164181642567,681.0415032066909,54.258589629629626,1590.3335714285713,59.56539338804715,55.92346095123727,0.037994491846413875,0.03372498920641602,0.004269502639997855,,,,,,,,,0.16400600000000004,0.2690962264532718,0.05891577354672825,128.1541241823735,16.03234028023362,-29.281802830094563,223.00348199462428
QNCCF,1D,1614349800,2021-02-26,0.1859,0.22,0.1859,0.22,5900.0,1298.0,15.606936416184974,17.647058823529413,50.00681849174961,685.7142857142857,19.239866310118405,18.472097421587033,34.01463413806141,18.343195266272183,-75.06831914410807,6841.176470588235,652.5852288276554,-83.95946613939694,-57.250432819936094,59.86379996449626,0.037157992777633125,0.034411589920659444,0.0027464028569736815,,,,,,,,,0.17063100000000003,0.2722421470066153,0.06901985299338478,119.10045303211638,28.933195023178648,-19.189588232767598,218.74886783819423
QNCCF,1D,1614609000,2021-03-01,0.23,0.25,0.1974,0.19935,33981.0,6774.11235,-9.386363636363637,10.750000000000004,41.78520625889047,691.0714285714286,19.665390483984325,18.695759179260854,34.001945356607905,22.869565217391308,421.88847072419105,6680.893243243244,4718.003093883358,89504.66071428571,107.67765354384863,56.10802652323011,0.03443186965790307,0.03441564586810817,1.6223789794898857e-05,,,,,,,,,0.17559850000000005,0.2725176907260886,0.0786793092739115,110.3872649550976,13.526026702961556,-26.848785681084642,153.37029752763794
QNCCF,1D,1614695400,2021-03-02,0.2059,0.2059,0.1968,0.1992,22838.0,4549.3296,-0.07524454477050978,14.28571428571427,65.99999999999999,586.8965517241379,19.549576684015207,18.014401560622023,34.05626416824172,4.419621175327828,-32.84242473480677,12950.285714285716,7.607164145213016,3037.4686896551725,33.464232346084884,56.080503071835736,0.03189166641984789,0.033910849978456115,-0.002019183558608223,,,,,,,,,0.18078350000000004,0.2708614931559309,0.0907055068440692,99.65289216762683,10.187046937358742,-26.456877395516848,119.6118041018639
QNCCF,1D,1614781800,2021-03-03,0.21,0.21,0.1912,0.1912,2857.0,546.2584,-4.016064257028102,-4.447776111944023,13.809523809523808,559.3103448275862,19.13323773908192,15.297189234674988,34.106736561783734,8.952380952380945,-87.99255169377044,172.99270364817593,-40.88112554112554,-54.05732548359966,-83.87298662836507,54.54374238087482,0.02889986426558988,0.032908652835882866,-0.004008788570292986,,,,,,,,,0.18499350000000003,0.2685162404423489,0.10147075955765118,90.29802716565592,3.3549827426368894,-28.793878655153033,88.42866736536908
QNCCF,1D,1614868200,2021-03-04,0.19184,0.19184,0.15,0.1503,45211.0,6795.213299999999,-21.391213389121347,-45.93525179856116,-25.799763033175356,902.0,12.602930208845557,15.479577679958645,32.874339795880566,21.809841534612183,1143.9558458048423,-83.90326547602106,171.06229100736172,1004.912731707317,89.11139283475443,47.39335171648891,0.02296383848358613,0.03091968996542352,-0.00795585148183739,,,,,,,,,0.18760350000000003,0.26296550296568544,0.11224149703431463,80.34178782984901,-19.884223908402582,-42.844214049014354,33.90769365277626
QNCCF,1D,1614954600,2021-03-05,0.1619,0.1619,0.1498,0.15,66488.0,9973.199999999999,-0.19960079840319012,-41.03773584905661,-28.57142857142857,350.45045045045043,12.847444441391396,15.4286161016351,25.750278749089134,7.47374922791847,46.76801977650944,-34.89091662872359,344.88457678153225,2622.6863226863225,154.8433334062437,47.34432470803352,0.018027478244311557,0.028341247621201125,-0.010313769376889569,,,,,,,,,0.18835350000000003,0.2618828172210918,0.11482418277890828,78.07587034070697,-20.362509855139425,-42.72247351250843,30.634502567130884
QNCCF,1D,1615213800,2021-03-08,0.1723,0.17552,0.155,0.1618,46860.0,7581.948,7.866666666666671,-14.976353126642142,-21.111652852267188,131.1428571428571,11.00725158488954,15.600078974325951,17.333863892056044,11.909460243760888,-23.976777764408602,45.63228644219422,1037.4485991823876,673.668163265306,83.42558236403141,49.55478824775189,0.014895828732124222,0.025652163843385745,-0.010756335111261523,,,,,,,,,0.18911050000000001,0.26120499617689263,0.11701600382310738,76.24589451869952,-14.441556656029153,-38.056315013811535,38.27168482406253
QNCCF,1D,1615386600,2021-03-10,0.1739,0.178,0.1739,0.1779,942.0,167.58180000000002,9.950556242274414,-19.136363636363633,-4.866310160427806,77.89999999999999,9.857882732449516,15.635496715584736,15.827793365054724,2.357676825761928,-97.78972633418219,-87.08922958397535,796.1593582887702,-92.27911541119558,-95.8792348615935,52.48562571968286,0.013556834627337866,0.02323309800017617,-0.009676263372838303,,,,,,,,,0.19097550000000002,0.2598099740591514,0.12214102594084864,72.08723009930738,-6.8466897586339694,-31.52687819463883,45.65130645468357
QNCCF,1D,1615473000,2021-03-11,0.18049,0.18049,0.17,0.17,3860.0,656.2,-4.440697020798195,-14.722849260095302,-5.555555555555546,84.7826086956522,9.507467419803962,15.651061582215618,15.75740854734152,5.811956341071527,291.5699676217823,-90.31312198416668,556.856856856857,256.63043478260875,-83.92653201634045,50.92224334069623,0.011723071899914506,0.020931092780123835,-0.00920802088020933,,,,,,,,,0.19347550000000005,0.25506831467021884,0.13188268532978126,63.669885510277815,-12.13357763644494,-33.35118859439863,28.902440509839426
QNCCF,1D,1615559400,2021-03-12,0.1814,0.1814,0.162,0.16575,9300.0,1541.4750000000001,-2.5000000000000018,-16.792168674698786,-4.905335628227196,89.86254295532646,9.483992638063059,15.64001864917887,15.718423734424716,10.694597574421168,134.90932642487047,-66.11643614478933,4321.901893287436,-60.76174112256586,-61.49139672327853,50.058373934422534,0.00981373561033877,0.01870762134616682,-0.008893885735828052,,,,,,,,,0.19336300000000003,0.2551494438530001,0.13157655614699995,63.90720443207859,-14.280394904919774,-35.03807121935411,25.97228933003901
QNCCF,1D,1615815000,2021-03-15,0.1501,0.1501,0.1501,0.1501,996.0,149.49960000000002,-9.441930618401205,-21.49581589958159,-24.987506246876556,71.54285714285716,9.824187974710929,15.335078888503412,15.87637048722177,0.0,-90.30152289203522,-72.63207302624546,-25.287556221889044,-91.45716571428571,-96.21480389823378,46.90299694103187,0.006957546373658752,0.016357606351665208,-0.009400059978006456,,,,,,,,,0.19074000000000005,0.25514081210668027,0.12633918789331983,67.52732736361561,-21.306490510642774,-41.16974122617446,18.807159126860697
QNCCF,1D,1615901400,2021-03-16,0.21075,0.2128,0.21,0.2128,44741.0,9520.8848,41.77215189873416,41.583499667332006,-23.453237410071953,112.79999999999997,15.841805947908963,15.870555067657232,17.237571908192724,1.3285883748517187,6268.501855523359,40.11164005697953,-77.44660126283506,1766.8401568627453,124.02348185654746,58.25591174500166,0.00964221239764268,0.015014527560860701,-0.0053723151632180215,,,,,,,,,0.19088000000000002,0.2554596051397033,0.12630039486029676,67.66513530983157,11.48365465213745,-16.699158802963787,68.48720087960301
QNCCF,1D,1615987800,2021-03-17,0.2134,0.2134,0.2134,0.2134,6300.0,1344.42,0.28195488721805323,42.26666666666667,-16.116352201257865,123.45549738219897,15.815132902739812,15.723541489684544,17.18128128288683,0.0,-85.87925357525594,-86.51967272289737,-91.22308247443033,704.4397905759163,-68.65563962583366,58.34769106667718,0.011683563699651262,0.014348334788618813,-0.002664771088967552,,,,,,,,,0.19129500000000005,0.2563397914901719,0.1262502085098282,68.00469587827368,11.555451004992264,-16.751122110442303,69.02942380755549
QNCCF,1D,1616419800,2021-03-22,0.2321,0.23369,0.2321,0.23369,2000.0,467.38,9.507966260543581,44.43139678615575,22.800840777719397,118.40186915887854,15.850044750599178,14.234066672788934,17.147971918239293,0.6850495476087928,-65.2355662664941,-93.83562113588751,-91.02267411523361,40.677532469486955,-89.11474312557175,61.43551730844169,0.014768342483850005,0.014432336327665052,0.00033600615618495366,,,,,,,,,0.19362950000000004,0.26119282687930606,0.12606617312069401,69.78619154550934,20.689254478269046,-10.52970221575601,85.37090023052293
QNCCF,1D,1616506200,2021-03-23,0.21689,0.27,0.1909,0.1949,42810.0,8343.669,-16.598913089991022,9.555930297920174,-11.409090909090915,98.6748216106014,17.634049451343245,14.512731515652689,17.408128211389258,36.47010005071697,1685.2002653087425,4878.863456532868,542.8096302003081,8405.269113149847,82.63276977637152,53.30035389147653,0.013922532785044461,0.014330375619140934,-0.0004078428340964727,,,,,,,,,0.19437450000000003,0.26164821863513976,0.12710078136486028,69.22072456535166,0.2703543931945582,-25.510671917938062,53.34288106421056
QNCCF,1D,1616592600,2021-03-24,0.19,0.19,0.1788,0.1788,3763.0,672.8244,-8.260646485377118,5.176470588235279,-10.308502633559073,32.44444444444443,17.902237979975215,14.463010546518591,16.343039719090907,5.894736842105272,-91.9361086831225,2.5334349283754833,-90.06771123304442,-80.06446222222222,-84.97649176072328,50.321876103109226,0.011816869541991154,0.013827674403710978,-0.0020108048617198237,,,,,,,,,0.19459950000000004,0.26163282469003735,0.12756617530996273,68.89362479352444,-8.118982833974417,-31.659951226751225,40.16254666689531
QNCCF,1D,1616679000,2021-03-25,0.175,0.175,0.175,0.175,58133.0,10173.275,-2.1252796420581643,5.580693815987922,-12.14859437751004,19.323605618437185,17.88893239400321,14.4751791806066,16.314987725714378,0.0,1412.025277323474,559.9701584521318,123.62141006446312,5798.502691680791,111.42183852593985,49.617120985766874,0.009729334299804188,0.01300800638292962,-0.0032786720831254317,,,,,,,,,0.19334450000000003,0.26085704327160225,0.1258319567283978,69.83652834355486,-9.487986469747026,-32.91344645895131,39.07436914275205
QNCCF,1D,1616765400,2021-03-26,0.177,0.177,0.1667,0.1667,4600.0,766.8199999999999,-4.742857142857145,11.059293804130563,-12.813807531380764,18.5633001422475,17.52535690220636,14.490887798353231,16.322757287857836,5.819209039548025,-92.46240763176067,412.92444929618534,40.37678871391266,445.3911806543385,-84.13271673222943,48.03472242780872,0.00732081712373403,0.011870568531090501,-0.004549751407356471,,,,,,,,,0.18777950000000004,0.2438396617817854,0.1317193382182147,59.708500429264475,-11.225666273475033,-31.635403862567067,26.556967454417435
QNCCF,1D,1617111000,2021-03-30,0.1634,0.1634,0.15,0.15,702.0,105.3,-10.017996400719852,-29.51127819548872,-0.19960079840319012,25.0,7.706520953998148,13.559028282511116,16.187919128912718,8.200734394124845,-86.26796379854464,-98.89401035500399,-98.45037976953572,-97.50929579063892,-97.75733053588674,44.92985944412964,0.004018180394633669,0.010300090903799134,-0.006281910509165465,,,,,,,,,0.18255950000000004,0.2318702296538994,0.1332487703461007,54.021543281942975,-17.835007216825222,-35.30864215561559,12.571395300976974
QNCCF,1D,1617197400,2021-03-31,0.15,0.1542,0.1471,0.15,53039.0,7955.849999999999,0.0,-29.70946579194002,0.0,-10.714285714285724,7.681778911584098,13.5580857845527,14.563456780676534,4.733333333333331,7455.413105413105,491.76819743830043,-20.227710263506193,761.0227272727271,61.386338725224896,44.92985944412965,0.001384853266197389,0.008517043376278784,-0.0071321901100813954,,,,,,,,,0.18054450000000005,0.2316849761319244,0.1294040238680757,56.6513808306809,-16.91798974767996,-35.256915444276345,15.916024491573305
QNCCF,1D,1617283800,2021-04-01,0.19,0.19,0.19,0.19,4000.0,760.0,26.66666666666667,-18.695707989216487,17.42892459826947,-6.20063191153238,12.816076031916644,15.041057401521483,14.879737803547805,0.0,-90.4472809316415,62.60858402156704,-89.97619081534192,-69.68346215628067,-84.39893703101737,53.31282427024322,0.002496806618377534,0.0073129960246985344,-0.0048161894063210005,,,,,,,,,0.17904450000000005,0.22713693494563314,0.13095206505436696,53.72120891245816,6.118869889887681,-16.35002028821166,45.091259096310004
QNCCF,1D,1617629400,2021-04-05,0.1595,0.1629,0.1526,0.1596,9850.0,1572.06,-16.000000000000007,-18.1118522319138,-10.28667790893761,-24.000000000000004,12.721004952350912,15.555333365840962,15.169513475560471,6.457680250783684,106.85,-81.1586485513747,838.0851619925313,-29.873536299765814,-67.58064273102896,47.406495883912335,0.0009144702804174953,0.006033290875842327,-0.0051188205954248315,,,,,,,,,0.17705700000000005,0.22491341779322757,0.12920058220677252,54.05763996139945,-9.859536759348714,-29.039360316543217,23.528855113498064
QNCCF,1D,1617715800,2021-04-06,0.1461,0.1461,0.1461,0.1461,15000.0,2191.5,-8.458646616541344,-18.288590604026837,-14.058823529411764,-28.766455387615796,12.734954312618019,15.676613456171905,15.242581469427638,0.0,39.403076218464946,225.7164870952956,233.96830234684546,228.7702059033117,-55.27524339200471,45.02117091729298,-0.001412596312347969,0.004544113438204268,-0.005956709750552237,,,,,,,,,0.17440200000000006,0.22293699051200017,0.12586700948799995,55.65875450052189,-16.22802490797126,-34.46578799486584,16.074895712787278
QNCCF,1D,1617975000,2021-04-09,0.152,0.1587,0.15134,0.1587,4902.0,777.9474,8.624229979466119,-9.314285714285704,-4.253393665158371,-15.133689839572186,13.27558045911864,15.810810131455241,15.229799311223289,4.842105263157898,-64.50160164271047,-92.35302889187604,-49.532272660925415,4060.146524064171,-84.20500853594788,47.667841016248744,-0.0022145704655135157,0.003192376657460711,-0.005406947122974227,,,,,,,,,0.17277700000000007,0.22112944361973774,0.1244245563802624,55.970926245666554,-8.147496483907034,-28.232080991934154,27.54716963987887
QNCCF,1D,1618234200,2021-04-12,0.1701,0.1708,0.1701,0.1705,11100.0,1892.5500000000002,7.4354127284184015,2.279544091181779,13.590939373750832,-5.277777777777767,13.41087161811018,15.626244848355006,15.257530453116335,0.41152263374485953,143.27480238381156,146.80498682872124,1165.9231195267412,1794.4444444444446,-62.03536436651576,50.09098632110738,-0.001876349981919434,0.002178631329584682,-0.004054981311504116,,,,,,,,,0.17378700000000008,0.22105085769274366,0.1265231423072565,54.392857570179075,-1.891395789098187,-22.86842865952972,34.75795565205568
QNCCF,1D,1618320600,2021-04-13,0.24,0.27,0.24,0.25,472711.0,118177.75,46.627565982404676,66.66666666666667,17.481203007518804,43.43086632243258,19.787532812230978,16.532579837208186,17.297204935930626,12.50000000000001,6144.366066946712,112129.58214624882,1141.2475571598136,338906.74125071714,1224.3978893805279,62.64168471550364,0.004751900824109201,0.002693285228489586,0.002058615595619615,,,,,,,,,0.17878700000000008,0.23519969576965713,0.12237430423034304,63.10603765336072,39.83119578045377,6.292654495963953,104.2912534394715
QNCCF,1D,1618407000,2021-04-14,0.2669,0.27,0.2073,0.2156,60662.0,13078.727200000001,-13.759999999999994,43.73333333333335,1.0309278350515498,7.746126936531741,21.240949371484763,17.045772726233523,17.382893617350316,23.491944548520046,-88.93300371685872,64.39132462276189,872.815578465063,6436.095552223888,39.84327164957658,56.0711005380705,0.007146662557332678,0.0035839606942582045,0.0035627018630744736,,,,,,,,,0.18147700000000005,0.23950092268711182,0.12345307731288829,63.94631020692621,18.802933705097587,-9.979469982391837,74.6412521200812
QNCCF,1D,1618493400,2021-04-15,0.2277,0.2277,0.1915,0.1915,25050.0,4797.075,-11.17810760667904,0.789473684210527,-18.053831999657667,-31.11510791366907,20.425457738821088,17.170667626287084,16.074338848971728,15.898111550285469,-63.321545539997196,531.1940789473683,926.3757542042877,-88.63652407105215,-40.81454462058948,51.95916760510484,0.007018949812053837,0.004270958517817331,0.0027479912942365067,,,,,,,,,0.18215700000000007,0.2403159126789687,0.12399808732103143,63.85580864745095,5.129091937175036,-20.313225260359896,54.43786604885761
QNCCF,1D,1618579800,2021-04-16,0.21199,0.21199,0.1919,0.1919,18800.0,3607.72,0.20887728459529176,20.238095238095237,-1.5392508978963584,-24.567610062893092,19.14365557096359,16.55355194813991,15.998031805822393,9.476862116137564,-24.793337606770795,129.48996857626298,-56.76098848120653,-76.4473446576604,-53.23653812124508,52.022056823916024,0.006870810768749291,0.004790928968003723,0.0020798818007455684,,,,,,,,,0.18325200000000005,0.24127862926622493,0.12522537073377518,63.32987281582177,4.719184510946637,-20.465396963002867,53.24370682676817
QNCCF,1D,1618839000,2021-04-19,0.2002,0.208,0.1798,0.1798,31956.0,5745.6888,-6.3053673788431475,23.066392881587937,0.5592841163310968,-5.517603783499743,18.953909380876798,16.48231128685105,15.343396558727814,14.085914085914089,59.26094042774939,162.18064339493498,753.9655815098264,10.361848581565996,-25.697258831241577,49.89427800545077,0.005711205412670228,0.004974984256937024,0.0007362211557332046,,,,,,,,,0.18395450000000008,0.2414543690346324,0.12645463096536774,62.515316596910985,-2.2584389074472693,-25.534584145706297,42.18538192503365
QNCCF,1D,1618925400,2021-04-20,0.185,0.185,0.17,0.17,127139.0,21613.63,-5.4505005561735125,7.1203528670447405,-2.857142857142844,-22.72727272727272,19.157512277424257,16.552507292795937,15.132695073267913,8.1081081081081,276.17126078948104,2678.2893804902487,112.45498622616611,1565.1486902927581,156.9992800629035,48.175611600902435,0.003955831354059358,0.0047711536763614905,-0.0008153223223021323,,,,,,,,,0.18494950000000004,0.2407347580795314,0.1291642419204687,60.324854167793205,-8.083017256061806,-29.38286047424975,31.615373939697218
QNCCF,1D,1619011800,2021-04-21,0.1921,0.1921,0.1921,0.1921,7275.0,1397.5275,12.999999999999986,12.668621700879754,15.236952609478111,-3.636819663907703,19.458440321780582,16.744336311630967,15.195713069434923,0.0,-93.5340454148609,-26.156376317666652,82.24974570303331,-79.36958485785965,-83.0207095948442,52.17630147075167,0.0042984205519675245,0.004676607051482698,-0.0003781864995151731,,,,,,,,,0.18391450000000006,0.2383461633863042,0.12948283661369592,59.19235665083953,4.450709432915798,-19.402940130968187,48.35943127591384
QNCCF,1D,1619184600,2021-04-23,0.2001,0.204,0.2,0.2,13500.0,2700.0,4.112441436751702,-19.999999999999996,33.33333333333335,0.40160642570282273,8.586491436287806,16.397168271421467,15.205350877332256,1.999000499750113,93.19834493417841,-97.71530596918625,2464.102564102564,-40.650596079035466,-66.9487549896322,53.556511057110875,0.005148045472813334,0.004770894735748825,0.00037715073706450896,,,,,,,,,0.1832445000000001,0.2365256420579544,0.12996335794204578,58.15306004595422,9.143794220290332,-15.442571782134614,53.88952945428318
QNCCF,1D,1619443800,2021-04-26,0.197,0.2014,0.1812,0.2014,21989.0,4428.5846,0.6999999999999923,-6.586270871985166,34.266666666666666,5.334728033472796,7.342768703374064,16.388241702309323,15.176628717987663,10.253807106598982,64.02165185185186,-66.13902459866279,-44.33549400755418,710.7124027749504,-46.63419352999755,53.81091676423929,0.00586671975013911,0.004990059738626882,0.0008766600115122283,,,,,,,,,0.18163000000000007,0.23047084765849096,0.13278915234150918,53.7805953405174,10.884765732533127,-12.613676720436162,51.669015464483415
QNCCF,1D,1619530200,2021-04-27,0.1777,0.2014,0.1777,0.2014,16565.0,3336.191,0.0,5.1697127937336775,5.9999999999999964,33.99866932801065,5.979768706100277,15.057565141028658,14.589828975913662,13.337084974676419,-24.666878893992457,-30.453641020830403,338.97249999999997,-50.903807537579425,-59.231430031763644,53.81091676423929,0.006362926437501026,0.005264633078401711,0.0010982933590993156,,,,,,,,,0.18195500000000006,0.23122931278059544,0.13268068721940468,54.16098791524867,10.686708252040301,-12.9003163231728,51.793003353200184
QNCCF,1D,1619616600,2021-04-28,0.1898,0.1898,0.182,0.182,1750.0,318.5,-9.632571996027806,-5.158936946326207,14.035087719298248,21.333333333333336,7.038946840055981,14.614878662752442,14.732833426975526,4.109589041095891,-90.45318448494106,-91.17170955617398,-79.73995903464244,-96.80644126258372,-95.94856872899588,49.4570670776613,0.0051316020308757315,0.005238026868896515,-0.00010642483802078377,,,,,,,,,0.18211500000000008,0.23136807198540923,0.13286192801459093,54.09007713303037,-0.06314691266512215,-21.337460939088665,36.984313504778214
QNCCF,1D,1619703000,2021-04-29,0.25,0.3249,0.2077,0.2077,187260.0,38893.902,14.12087912087912,15.51724137931035,42.16290212183435,28.368355995055623,8.174299884114617,14.633961788068785,14.863776092927584,46.88000000000001,12111.586185243328,576.9232263327592,1674.7616700889803,412.980331703673,336.7573503097709,54.687494644730315,0.006158551831600911,0.005422131861437395,0.0007364199701635167,,,,,,,,,0.18375000000000008,0.23410837566879883,0.13339162433120133,54.81183746263807,13.034013605442125,-11.280406176564853,55.706927658588654
QNCCF,1D,1619789400,2021-04-30,0.2239,0.229,0.1812,0.1897,57036.0,10819.7292,-8.666345690900332,11.588235294117643,19.533711405166983,6.6329398538504805,8.67785923783191,14.874041169809665,14.899254108465442,21.348816435908894,-72.18142525272985,-49.940249740557235,1290.8047253580382,6356.386791405749,16.84091808584135,50.72792559565125,0.005457061768561089,0.005429117842862133,2.794392569895575e-05,,,,,,,,,0.18490000000000006,0.23469574278992045,0.13510425721007968,53.862350232472004,2.5959978366684378,-19.171946731985155,40.410083233000535
QNCCF,1D,1620048600,2021-05-03,0.18,0.1995,0.17735,0.1905,40473.0,7710.1065,0.4217185028993121,-0.8328995314940085,11.730205278592369,12.058823529411757,7.413423128166228,14.808230170617435,14.86360484022737,12.305555555555557,-28.740300635250648,451.69622780231515,307.3924863279701,1074.9628924108504,-18.80126435321851,50.89808676945896,0.004909090217534912,0.005325112317796689,-0.00041602210026177745,,,,,,,,,0.18692500000000006,0.2341042698120678,0.13974573018793232,50.47935783021824,1.912531764076468,-18.626003638067797,36.31901292713023
QNCCF,1D,1620135000,2021-05-04,0.2031,0.2071,0.1905,0.1905,66063.0,12585.0015,0.0,-4.750000000000004,-23.799999999999997,14.932126696832576,7.2370536899033615,8.02556356091657,14.848816655214854,8.173313638601677,63.22733674301387,366.1111666666667,-89.35078599821033,716.4259232228871,27.5920231504318,50.89808676945895,0.004423823729209159,0.005144854600079183,-0.0007210308708700246,,,,,,,,,0.1889500000000001,0.2329880063127284,0.14491199368727178,46.61339646756103,0.8203228367292468,-18.236134548359033,31.45909814139311
QNCCF,1D,1620221400,2021-05-05,0.1754,0.1754,0.167,0.17,23000.0,3910.0000000000005,-10.761154855643039,-15.590863952333656,-21.150278293135436,13.257828114590273,8.045969393425674,7.732891699271268,14.882856845149576,4.789053591790188,-68.93127108487035,-11.709940011081637,-70.10412450532648,2515.391613087928,-60.8562390889624,46.16043872225418,0.0023578876061139398,0.004587461201286135,-0.002229573595172195,,,,,,,,,0.1879500000000001,0.23274895088057174,0.14315104911942844,47.67113687743722,-9.55041234370847,-26.959928559578984,18.755678736361865
QNCCF,1D,1620307800,2021-05-06,0.1644,0.1716,0.156,0.156,36438.0,5684.328,-8.235294117647065,-22.542204568023834,-18.5378590078329,-26.691729323308266,8.256046163129403,7.500411696267844,12.939548693198365,9.489051094890513,45.37923273657288,70.38376999398417,18.49570832225889,-40.29622120834819,-42.355082316497416,43.20288307685953,-0.00040440294737792426,0.0035890883715533227,-0.003993491318931247,,,,,,,,,0.18777000000000008,0.2330494920466199,0.14249050795338025,48.22867555692582,-16.919635724556674,-33.06142887074248,9.480976831832024
QNCCF,1D,1620394200,2021-05-07,0.15,0.15,0.147,0.147,17779.0,2613.513,-5.7692307692307745,-19.230769230769234,-23.397602918186557,-31.115276476101222,7.9337996827036905,7.579077073340223,12.976283790319957,2.0000000000000018,-54.0224807576199,720.5692307692307,-27.55776501502334,94.39706341768196,-73.60951124115141,41.3679260326156,-0.0032819308403145286,0.0022148845291797524,-0.005496815369494281,,,,,,,,,0.1878150000000001,0.23293024243534446,0.14269975756465572,48.042214344268935,-21.73149109496051,-36.89097711697807,3.0134896573989463
QNCCF,1D,1620653400,2021-05-10,0.1435,0.1477,0.1435,0.1477,25220.0,3724.994,0.4761904761904804,-28.88781896966779,-17.853170189098993,-36.796610894775135,4.491370760105589,7.4792199416289336,12.845065690902222,2.9268292682926895,42.52823689799899,-90.42267859881994,-35.1688869748741,696.9947366168857,-62.79405777535991,41.575774272812005,-0.005443162883608854,0.000683275046622031,-0.006126437930230886,,,,,,,,,0.18726500000000007,0.23402482356681772,0.14050517643318242,49.93973627406898,-21.12781352628631,-36.88703713184112,5.120682205070999
QNCCF,1D,1620739800,2021-05-11,0.125,0.1393,0.125,0.1393,9284.0,1293.2612000000001,-5.687203791469188,-26.56826568265683,-18.058823529411764,-28.52744997434581,4.223577025860949,7.489250466304982,12.54308316290124,11.440000000000005,-65.28152260111023,-88.04719437894988,-94.01645535710568,-84.5000898285874,-86.77215828314651,39.75454824916196,-0.0077444909758353775,-0.001002278157869451,-0.006742212817965927,,,,,,,,,0.1857050000000001,0.23650521555072257,0.13490478444927761,54.710659972238176,-24.988557120163733,-41.10066466161092,3.2580131006213007
QNCCF,1D,1620826200,2021-05-12,0.13176,0.1517,0.13176,0.1517,3070.0,465.719,8.901651112706386,-20.367454068241468,-21.030713170223837,-15.1565995525727,6.15590224820882,6.994705700720111,12.56388053099843,15.133576199149982,-63.98879050883147,-93.95962948112326,-66.67550370207384,-30.78149365569976,-95.23312826814372,43.67682059866981,-0.008470095709336656,-0.0024958416681628917,-0.005974254041173764,,,,,,,,,0.1807900000000001,0.22424723875259353,0.13733276124740665,48.07482576756836,-16.090491730737362,-32.35145242195518,10.461625195688447
QNCCF,1D,1620912600,2021-05-13,0.1481,0.1481,0.1338,0.14,21941.0,3071.7400000000002,-7.7125906394199,-26.50918635170603,-30.0,-19.999999999999986,6.208420016152205,6.988402971632023,12.63742793395001,9.655638082376777,559.5693969969016,-75.59205694174928,13.768148148148157,-69.8057901708152,-67.77846839068683,40.96667245874628,-0.00987539747251473,-0.003971752829033259,-0.005903644643481471,,,,,,,,,0.17701000000000008,0.22084828920019456,0.1331717107998056,49.53199163911017,-20.908423252923594,-36.60806678330534,5.127432214533337
QNCCF,1D,1620999000,2021-05-14,0.14607,0.14607,0.1402,0.1402,11720.0,1643.144,0.1428571428571271,-17.529411764705895,-30.387288977159884,-15.896820635872825,5.69121962586266,6.972919980622472,12.60716738414084,4.018621209009388,-46.50771224127042,-57.97585677749362,-62.89685873902013,114.28027437990664,-82.8166174656884,41.034027839270436,-0.010847922814349265,-0.00534698682609646,-0.0055009359882528044,,,,,,,,,0.1744450000000001,0.22053710236038138,0.12835289763961882,52.844280272155984,-19.630829201180937,-36.42793049357378,9.230101211773741
QNCCF,1D,1621258200,2021-05-17,0.1447,0.16707,0.1447,0.1594,118950.0,18960.629999999997,13.694721825962908,2.179487179487171,-20.854021847070513,6.266666666666662,7.462336707049252,8.098681681321898,12.689430528388181,15.459571527297857,1053.923819214871,233.55974532081882,468.33166925994345,17906.296296296296,86.05429412029886,47.25569175345041,-0.009954625884853796,-0.0062685146378479275,-0.0036861112470058686,,,,,,,,,0.17282000000000008,0.21862670693249947,0.1270132930675007,53.010886393356515,-7.765304941557743,-27.090334828482597,25.498675099532697
QNCCF,1D,1621344600,2021-05-18,0.1594,0.1594,0.1525,0.1525,125845.0,19191.3625,-4.32873274780426,3.741496598639459,-16.208791208791208,1.6666666666666683,7.302615730010283,7.821019453562429,12.7236046101117,4.32873274780426,1.2169031303284856,634.3128769590969,5925.5455259026685,141.2232822388557,81.64299574782011,45.40169201701944,-0.009691733693541371,-0.006953158448986616,-0.002738575244554755,,,,,,,,,0.17145500000000008,0.21796992126189077,0.12494007873810939,54.25904320304531,-11.055378962410005,-30.036218246474792,22.0585112001248
QNCCF,1D,1621431000,2021-05-19,0.1487,0.1487,0.136,0.136,128050.0,17414.800000000003,-10.819672131147533,-7.921462423832085,-34.520943668753,-28.42105263157894,8.363322913426716,6.978741947482554,11.935611022979186,8.540685944855406,-9.257094174527715,367.5121624356979,-55.224857613926204,2191.421052631579,56.59961313849118,41.23543846612202,-0.01069155623660381,-0.007700838006510055,-0.0029907182300937555,,,,,,,,,0.1697550000000001,0.21877607607957886,0.12073392392042134,57.755089487294896,-19.884539483373135,-37.83598168634737,12.644396524079601
QNCCF,1D,1621517400,2021-05-20,0.14558,0.14558,0.14558,0.14558,700.0,101.90599999999999,7.0441176470588065,4.508255563531931,-23.257775434897216,-8.784461152882209,8.492572560593997,7.195133610458911,11.64996403068393,0.0,-99.41483106323358,-92.12023062317188,-99.0581464830007,-93.5176774423368,-99.07957165458167,44.42422490973266,-0.010588835365936439,-0.008278437478395332,-0.002310397887541107,,,,,,,,,0.1674290000000001,0.21640298407317762,0.11845501592682259,58.501196415408906,-13.04971062360768,-32.727360196303266,22.89897465374896
QNCCF,1D,1621603800,2021-05-21,0.1453,0.1515,0.1412,0.14389,130600.0,18792.034,-1.1608737463937335,-5.148319050758082,-24.467191601049876,-1.512662559890498,7.859586073728783,7.17462423789485,11.540391115078043,7.088781830695115,18340.556983887116,3935.0584794693796,143.73248281330484,757.4964179785535,61.6528034938267,43.97092935646287,-0.010522500377625116,-0.00872725005824129,-0.0017952503193838266,,,,,,,,,0.1646235000000001,0.212221931602311,0.11702506839768918,57.82701935302176,-12.594495925551389,-32.198336470879106,22.956561333521332
QNCCF,1D,1621863000,2021-05-24,0.175,0.175,0.175,0.175,10000.0,1750.0,21.620682465772465,24.999999999999982,-8.136482939632552,10.270951480781337,10.307964756280539,9.371348383815944,12.067815277163687,0.0,-90.68754345591329,-43.02903240508637,-86.09455866969901,124.95094141326264,-84.98799532877884,53.39777221650032,-0.007868904584758696,-0.00855558096354477,0.0006866763787860743,,,,,,,,,0.1633035000000001,0.2081328793287379,0.11847412067126231,54.903145773039476,7.16243068887065,-15.919099104186124,47.71158376906939
QNCCF,1D,1621949400,2021-05-25,0.1513,0.1606,0.1513,0.1577,27100.0,4273.67,-9.885714285714275,12.48216833095579,-7.2352941176470615,-7.507331378299123,11.352593713956074,9.303244509964488,12.158590003569008,6.146728354263056,144.20971428571428,160.09102062874584,9.301023017902804,125.81543420253097,-63.587148451779775,48.50995971132807,-0.007080259395649574,-0.008260516649965731,0.0011802572543161572,,,,,,,,,0.1611185000000001,0.2024293645636939,0.11980763543630632,51.280100750309565,-2.1217302792665644,-22.096282651531965,31.627670828908492
QNCCF,1D,1622035800,2021-05-26,0.1595,0.1599,0.15105,0.154,122500.0,18865.0,-2.346227013316429,-3.3877038895859397,-1.2820512820512833,-38.4,10.4022958331829,9.05680001503924,8.611283096900111,5.548589341692788,341.42388158187225,-0.5043608783041355,231.87740045964972,-84.03675818840686,123.88282440950576,47.50834294231467,-0.006676844966625073,-0.0079437823132976,0.0012669373466725267,,,,,,,,,0.1597185000000001,0.19998852273403733,0.11944847726596286,50.4262470960311,-3.5803616988639986,-22.995580999014127,28.925879613437882
QNCCF,1D,1622122200,2021-05-27,0.156,0.17,0.156,0.16,103530.0,16564.8,3.8961038961038996,4.9180327868852505,8.843537414965995,-25.788497217068652,10.30909175563504,8.935578424926694,8.334524707005318,8.974358974358983,-12.192949907235626,-13.686170015286825,533.813568174331,26.65452644352119,93.9107823523479,49.335226991244255,-0.005806057650818097,-0.0075162373808016995,0.0017101797299836023,,,,,,,,,0.1573335000000001,0.1910750591074255,0.12359194089257468,42.891766988499455,1.6948075266868807,-16.26327331918008,29.458279273299038
QNCCF,1D,1622208600,2021-05-28,0.16,0.16,0.1568,0.1568,3250.0,509.59999999999997,-2.0000000000000053,15.29411764705881,6.161137440758291,-18.1201044386423,9.24837207765222,8.968409897843129,8.107945441500055,2.0000000000000053,-96.9235970250169,-97.07375335921171,-86.31944105144868,-89.37685985730887,-93.93302234776297,48.36836274818318,-0.005312921632441486,-0.0070755742311296565,0.0017626525986881702,,,,,,,,,0.1556885000000001,0.18599044005340057,0.1253865599465996,38.926369068236205,0.7139255629027857,-15.694591638699048,25.053275300621475
QNCCF,1D,1622640600,2021-06-02,0.1411,0.1411,0.1411,0.1411,1020.0,143.922,-10.012755102040812,-3.0773457892567553,1.2921751615218924,-26.47212089630015,9.938861601767888,9.256839148425763,8.290136340632339,0.0,-71.75784929356358,41.23015327851158,-88.87138963111242,-96.01072145288437,-98.262673856305,43.82985804257046,-0.0061184370410359845,-0.006884146793110922,0.0007657097520749378,,,,,,,,,0.1532185000000001,0.17956239361882326,0.12687460638117692,34.38735350995232,-7.909292937863301,-21.420071788790914,11.212167686325571
QNCCF,1D,1622727000,2021-06-03,0.15,0.15451,0.1444,0.15451,131800.0,20364.418,9.50389794472006,7.380637987351463,1.8523401450230765,-14.065628476084527,10.446162383658331,9.2970833973302,8.41780397780867,6.7400000000000055,14049.621322660889,8.367290097495577,4272.683528050176,254.4295333224452,132.16837581854188,48.29275264606867,-0.005610069488897362,-0.00662933133226821,0.0010192618433708476,,,,,,,,,0.1514190000000001,0.17150380709391722,0.131334192906083,26.528780528093687,2.041355444164799,-9.908705457839327,17.646438129398646
QNCCF,1D,1622813400,2021-06-04,0.152,0.152,0.1378,0.1488,51065.0,7598.472,-3.6955536858455895,-14.971428571428572,6.285714285714267,-12.47058823529413,6.507638623639903,9.097641679170904,8.386884062787015,9.342105263157888,-62.687507200058455,334.1984,147.36702976163346,-64.8440729299058,-8.498760968588629,46.59512060659769,-0.005603341982362564,-0.00642413346228708,0.0008207914799245163,,,,,,,,,0.15035900000000008,0.16855862076527667,0.13215937923472348,24.208222674102092,-1.0368518013554806,-11.722106336401032,12.591327881255934
QNCCF,1D,1623072600,2021-06-07,0.1481,0.167,0.1481,0.1655,21906.0,3625.443,11.223118279569908,4.946100190234624,18.04564907275322,-13.846954711087967,7.058080389268393,9.477275363745749,8.29996621394946,12.76164753544902,-52.287209849559225,-15.167923587923257,120.64061336072798,159.4183656493343,-56.729172336400225,51.91869023228143,-0.004202021662628896,-0.005979711102355444,0.0017776894397265475,,,,,,,,,0.15083400000000008,0.17006443150841608,0.13160356849158408,25.4988020054046,9.723271941339434,-2.6839424728210637,25.75646838222595
QNCCF,1D,1623159000,2021-06-08,0.1768,0.2,0.174,0.2,81000.0,16200.0,20.84592145015106,29.87012987012988,25.470514429109176,0.0,9.690924793004564,10.273379370796242,9.092866194461985,14.705882352941188,346.8419445568445,-14.126689636893719,-14.559801019269916,500.0,83.49678854096082,60.64629273117796,-0.0003040980883346478,-0.004844588499551284,0.004540490411216637,,,,,,,,,0.1534840000000001,0.18215870481103297,0.12480929518896722,37.365073637685825,30.306742070834673,9.7943687113252,60.24447513880315
QNCCF,1D,1623245400,2021-06-09,0.2,0.2094,0.1861,0.19215,26586.0,5108.4999,-3.925000000000012,20.09374999999999,25.999999999999996,-4.592850049652437,10.109323883744873,10.255747433416218,9.125552837487813,11.650000000000007,-68.46605000000001,-69.16050963488844,-73.38125471810561,15.352880466594218,-42.28437766572048,58.0636846505306,0.0021270853170335946,-0.0034502537362343082,0.005577339053267903,,,,,,,,,0.1557065000000001,0.18879428703690912,0.1226187129630911,42.500200103282765,23.405252831448816,1.7774441249034347,56.70528205416589
QNCCF,1D,1623331800,2021-06-10,0.1809,0.1927,0.1809,0.1818,28410.0,5164.938,-5.386416861826697,15.943877551020405,33.676470588235276,-9.731876861966239,10.419705708413305,9.851959965906415,9.181362096447772,6.5229408512990625,1.1047881198940672,913.5278649921506,-70.34167489721386,54.815416743226045,-42.04587448711921,54.75300195079017,0.003181977326173563,-0.002123807523752734,0.005305784849926297,,,,,,,,,0.15783150000000007,0.19187674417594736,0.12378625582405278,43.14125402843827,15.186132045884321,-5.251675610415393,46.86606262524552
QNCCF,1D,1623418200,2021-06-11,0.19581,0.19581,0.1933,0.1933,5343.0,1032.8019,6.325632563256331,36.995038979447195,32.779227915922526,6.208791208791212,9.063325482287082,9.83027115466061,9.06582394902256,1.2818548593023913,-80.00359539649847,617.612248301163,913.4848782211059,224.27061224489796,-88.44213715880024,57.64289275896411,0.004889576737024837,-0.0007211306715972198,0.005610707408622057,,,,,,,,,0.1599115000000001,0.19713859887971202,0.12268440112028818,46.55962689326521,20.879361396772516,-1.94715743214459,57.55874278627766
QNCCF,1D,1623677400,2021-06-14,0.1894,0.1894,0.1894,0.1894,3000.0,568.2,-2.017589239524049,22.58106271438742,31.62832719438462,-8.810784785748668,9.13899167490199,9.855505236030707,8.719407987490778,0.0,-44.98460934279846,-97.20983924018844,-96.97637839522852,-98.53910260791011,-92.58069679493767,56.328954958645035,0.005860606739976404,0.000595216810717505,0.005265389929258899,,,,,,,,,0.16238150000000012,0.20054003837609385,0.1242229616239064,46.99862776990445,16.638902830679523,-5.555019569310022,52.46778657026516
QNCCF,1D,1623763800,2021-06-15,0.1857,0.2091,0.1857,0.2091,13750.0,2875.125,10.401267159450894,40.52419354838712,19.485714285714298,10.226673695308381,8.917573829245741,8.644996876913908,8.755303960742804,12.60096930533118,406.00580781414993,-62.161800425138104,64.29285714285714,-73.4270151604164,-61.11322772441218,61.146694477077205,0.008126107662631027,0.0021013949811002092,0.006024712681530818,,,,,,,,,0.1658265000000001,0.20762030110733914,0.12403269889266104,50.406661308462795,26.09564816238652,0.7126947050788945,68.5845763792957
QNCCF,1D,1623850200,2021-06-16,0.21,0.21,0.21,0.21,6000.0,1260.0,0.4304160688665635,26.888217522658596,33.16423589093213,10.23622047244094,8.699610164069414,8.050608159730293,8.755295156736617,0.0,-56.17581844267641,-65.24562653446765,-70.51714334518108,-83.6578132870149,-82.4477758761888,61.356437658933494,0.009880262429239284,0.003657168470728024,0.00622309395851126,,,,,,,,,0.1683565000000001,0.2142162628755298,0.12249673712447039,54.47934932780104,24.73530870503952,-1.9682272573206407,71.43313767338675
QNCCF,1D,1623936600,2021-06-17,0.19815,0.19815,0.19815,0.19815,735.0,145.64025,-5.642857142857142,-0.9250000000000091,28.668831168831165,4.015748031496058,5.71604190337673,8.231422721123137,8.828451962000207,0.0,-88.44125000000001,-99.10098611111111,-99.227987012987,-98.84274745616835,-97.84681086764365,56.99381051346468,0.010196705480807117,0.004965075872743843,0.005231629608063274,,,,,,,,,0.1706390000000001,0.21764456813825195,0.12363343186174824,55.0935813480527,16.12234014498437,-8.95706624107827,60.272182868448645
QNCCF,1D,1624023000,2021-06-18,0.1969,0.1969,0.1969,0.1969,2031.0,399.90389999999996,-0.6308352258390114,2.472027062190999,23.062499999999993,15.823529411764692,5.502979841264749,8.244952458967218,8.581395523268014,0.0,174.583365518804,-92.17179391547018,-97.58582113880036,-89.77227877237853,-93.9836290003438,56.53714503670576,0.010228714076983558,0.006017803513591786,0.0042109105633917725,,,,,,,,,0.17368400000000012,0.2191855526768024,0.12818244732319783,52.395790834852086,13.366804080974562,-10.167436860979299,53.60917513420419
QNCCF,1D,1624282200,2021-06-21,0.1946,0.1946,0.1818,0.1882,15065.0,2835.233,-4.418486541391562,3.52035203520353,20.02551020408164,20.641025641025646,5.363806109739963,8.347783741348763,8.473493690724595,6.577595066803703,608.9785821043507,-45.106156162958776,456.36440345368925,-50.121931739336645,-56.72694242097408,53.33405592174306,0.009443208400745917,0.006702884491022612,0.0027403239097233047,,,,,,,,,0.1758150000000001,0.21981957408042754,0.13181042591957268,50.05781540872781,7.0443363763045745,-14.38433051865462,42.78081470947889
QNCCF,1D,1624368600,2021-06-22,0.185,0.1948,0.185,0.185,13640.0,2523.4,-1.7003188097768376,-4.293843766166582,31.112686038270727,25.850340136054427,4.85896664716146,7.773508413744518,8.396771915615403,5.297297297297299,-10.998496419870962,144.32565431957477,1653.3108211392282,-3.4479644830540286,-61.468663294447865,52.16343379485361,0.008464898159810497,0.00705528722478019,0.001409610935030307,,,,,,,,,0.1778705000000001,0.2194942184667569,0.1362467815332433,46.80227296460828,4.008253195442693,-15.715319842003566,35.78302394971528
QNCCF,1D,1624455000,2021-06-23,0.185,0.18852,0.185,0.1869,5960.0,1113.924,1.0270270270270339,-1.3199577613516378,20.963044463141543,26.54028436018958,4.840891211720693,7.509526363647847,8.395980081123364,1.9027027027027001,-55.856225727193475,96.04435058078138,-94.53004745826765,-70.09595183240563,-82.76171678132404,52.825509484153,0.007753516652982906,0.007194933110420733,0.0005585835425621728,,,,,,,,,0.1784655000000001,0.22024798746783522,0.136683012532165,46.824162056907454,4.726123536481782,-15.14110882520791,36.73974295526862
QNCCF,1D,1624541400,2021-06-24,0.191,0.202,0.191,0.20085,104090.0,20906.4765,7.4638844301765594,-3.9454806312769044,34.97983870967743,44.185211773151465,3.9620020471472035,7.494060735952386,8.372256445629999,5.759162303664926,1776.8314983787047,627.1501760793009,175.14053483384555,1516.5703030447366,193.80799918895886,57.47878337582946,0.008220627818254916,0.007400072051987569,0.000820555766267347,,,,,,,,,0.18062300000000012,0.2223498379343537,0.13889616206564653,46.20323871749839,11.19846309716917,-9.669374232105934,44.60442751835879
QNCCF,1D,1624627800,2021-06-25,0.2075,0.253,0.2075,0.253,1323643.0,334881.679,25.964650236494897,20.47619047619048,52.870090634441084,66.77653263019117,10.113933013258535,9.43906314179433,9.371552218794166,21.9277108433735,1501.8083152366682,26477.911031746033,9136.986459309937,71806.38110105021,1733.6727676913845,69.5649824319583,0.012653029696251483,0.008450663580840352,0.004202366115411131,,,,,,,,,0.1855730000000001,0.23606109962753452,0.13508490037246568,54.41319548375506,36.33448831457155,7.175642407492074,87.28962252806231
QNCCF,1D,1624887000,2021-06-28,0.29912,0.3,0.251,0.2573,95926.0,24681.759799999996,1.6996047430829924,29.851122886701987,28.64999999999998,83.78571428571425,9.510157820207162,8.118762563865255,9.19263287459471,16.381385397165012,-92.6297073420968,16847.073216367036,52.35654197530862,703.5107072864238,30.0187843774083,70.31423986604194,0.016324535102701737,0.010025437885212629,0.006299097217489108,,,,,,,,,0.1904380000000001,0.2483390547745012,0.13253694522549903,60.80829957729135,35.10958947268919,3.608351184889374,94.134548342146
QNCCF,1D,1624973400,2021-06-29,0.25799,0.2595,0.25455,0.25455,38756.0,9865.3398,-1.0687912942090847,29.2788217369223,32.47462919594068,81.5620542082739,9.54312164967686,7.999465415999928,9.20530627216966,1.9186790185666152,-60.02983628420206,2366.9276293629546,93.11617878273816,500.39411031534667,-48.770906792291676,69.14191539138075,0.018795662870117746,0.011779482882193652,0.007016179987924094,,,,,,,,,0.1953255000000001,0.2573960100591238,0.13325498994087637,63.55597201504535,30.320925839176077,-1.1056931529242038,91.02474144716139
QNCCF,1D,1625059800,2021-06-30,0.23975,0.27625,0.23975,0.27625,27864.0,7697.43,8.524847770575525,46.78533475026567,51.95269526952696,73.30614805520705,8.941001211375532,7.843257569967617,9.039205151383053,15.224191866527637,-21.975013977724313,171.49197261741804,49.03237947870817,-59.4030894543061,-59.23372860788694,72.97139607541595,0.02224859017655345,0.013873304341065613,0.008375285835487838,,,,,,,,,0.2020830000000001,0.26835340790579004,0.13581259209421015,65.58731600955045,36.7012564144435,2.9426092091896163,103.40529235195774
QNCCF,1D,1625146200,2021-07-01,0.2882,0.3,0.278,0.278,43979.0,12226.162,0.6334841628959382,50.27027027027029,43.817899637868614,82.29508196721314,8.68805764424265,7.823974267075617,8.962733258229976,7.63358778625953,58.83433821418317,384.5114528017754,1083.7857773112153,-36.29341324775663,-34.44306760654305,73.25960126381163,0.02483993105565202,0.016066629683982894,0.008773301371669127,,,,,,,,,0.20825750000000012,0.278537719656741,0.13797728034325923,67.49357853305725,33.48858984670413,-0.19305092947685923,101.48244646393445
QNCCF,1D,1625232600,2021-07-02,0.27839,0.2844,0.2664,0.2844,118242.0,33628.0248,2.3021582733812807,52.16693418940609,50.15839493136218,109.1176470588235,8.587947649399284,7.708089296539004,8.620752402188073,6.46574948812815,175.04972369906432,2918.8796363127108,5818.342977824709,93.10026414314258,75.2360743503468,74.33732325029223,0.027097649054311557,0.018272833558048627,0.00882481549626293,,,,,,,,,0.21503750000000013,0.2872035091386503,0.14287149086134998,67.11946440844049,32.256001860140586,-0.9761402801303776,99.06000720325423
QNCCF,1D,1625578200,2021-07-06,0.2543,0.2543,0.2322,0.2418,173978.0,42067.880399999995,-14.978902953586498,20.3883495145631,15.638450502152072,66.094243714796,11.369490626167243,8.72223297526666,9.15227058360005,8.690523004325614,25.097684595498443,101.21937046637196,1363.1670066518845,41181.06333287539,104.32218937744697,57.674844612159,0.025159420716460074,0.019650150989730917,0.005509269726729157,,,,,,,,,0.21885250000000012,0.2881501873712231,0.14955481262877712,63.328211805871945,10.485372568282227,-16.085426767920268,61.679852189172
QNCCF,1D,1625664600,2021-07-07,0.2292,0.2322,0.2244,0.2244,31250.0,7012.5,-7.196029776674938,-11.304347826086962,6.857142857142856,55.9524636875391,7.010501919556599,8.999549346342924,9.28706520817564,3.4031413612565453,-83.33051265402,-97.90597681517238,456.5476190476191,-62.68365627690967,-65.2783647956523,52.49870903305491,0.021966114517670915,0.020113343695318916,0.001852770822351999,,,,,,,,,0.22007250000000012,0.2888568548708553,0.15128814512914496,62.51063160627077,1.9663974372081343,-22.314462608018506,48.32622860730042
QNCCF,1D,1625837400,2021-07-09,0.2323,0.2349,0.2228,0.2229,46970.0,10469.613,-0.6684491978609631,-13.369607462106487,12.490537471612411,27.371428571428574,6.907186530764495,8.832614086370954,8.541185064812895,5.208781747739991,49.29929411764705,-57.5815781174566,7088.681013662088,498.26359999999994,-48.89629790247935,52.06490757624533,0.019094252230668907,0.019909525402388915,-0.000815273171720008,,,,,,,,,0.22161000000000014,0.2891932642005377,0.15402673579946258,60.9929734222621,0.5821036956815333,-22.92351600366716,44.71513587758426
QNCCF,1D,1626096600,2021-07-12,0.2201,0.2268,0.2128,0.2268,56960.0,12918.528,1.7496635262449596,-10.901591043017088,15.18537328593195,43.81737476220672,7.018096783403857,8.818422630366523,8.291531339015116,6.360745115856435,23.390692664571276,30.948636964334476,3130.408105547358,202.28183271052748,-37.81742341630432,53.14888526184053,0.016937730470417522,0.019315166415994636,-0.002377435945577114,,,,,,,,,0.22386000000000011,0.2889420067299694,0.1587779932700308,58.1452753774406,1.3133208255158964,-21.506740204806622,42.84095379281272
QNCCF,1D,1626183000,2021-07-13,0.225,0.2292,0.2197,0.2197,62974.0,13835.3878,-3.130511463844795,-20.470588235294116,16.7375132837407,42.66233766233767,5.737302002119489,8.763989734404356,8.304979593842097,4.222222222222213,7.097246683213444,79.74035229940382,387.9806280471482,-26.661077126954673,-32.86237769646061,50.89257099642717,0.014488743558876804,0.01834988184457107,-0.003861138285694267,,,,,,,,,0.2251800000000001,0.28878327350066024,0.16157672649934,56.49105027148068,-2.4336086686207006,-23.922186580692767,35.972552953594736
QNCCF,1D,1626269400,2021-07-14,0.23463,0.29509,0.22397,0.22967,10778.0,2475.38326,4.538006372325902,-17.38489208633094,24.145945945945954,43.54375,6.235609895435317,8.749895877426347,8.311904712111101,30.31155436218728,-82.10832037537827,-79.75339063886115,-1.9028588412459388,-85.05636494252873,-87.70781140632437,53.85502321215476,0.013200235368252294,0.017319952549307314,-0.00411971718105502,,,,,,,,,0.22719350000000013,0.2886520226880681,0.16573497731193218,54.10236004821258,1.0900399879397429,-20.43360796117027,38.57666240707585
QNCCF,1D,1626355800,2021-07-15,0.21125,0.21125,0.2045,0.21,3640.0,764.4,-8.564462054251761,-26.160337552742615,12.359550561797743,33.92857142857143,6.203543655233956,9.158829927541749,8.48675029069157,3.1952662721893526,-69.11993337144891,-97.72689593115798,-31.377724153532917,50.000000000000014,-96.20576422737066,47.73647498430277,0.01047117356228433,0.015950196751902717,-0.0054790231896183865,,,,,,,,,0.22723850000000012,0.28864526062942714,0.16583173937057313,54.046088694853175,-7.5860824640191336,-27.246337063678546,26.63438301803432
QNCCF,1D,1626442200,2021-07-16,0.2073,0.2073,0.1986,0.2021,34922.0,7057.7362,-3.7619047619047574,-16.418527708850284,0.6223549912870306,43.23175053153791,4.338153527597487,9.069232257471986,8.28017975506866,4.1968162083936384,823.3040554683413,-83.22298120824742,-66.24138840421054,4803.861953002322,-65.36388077595447,45.50060396714354,0.0075834906822549175,0.014276855537973157,-0.00669336485571824,,,,,,,,,0.22684350000000011,0.28878800589842335,0.16489899410157685,54.61430977605549,-10.907740358440995,-30.01786920780723,22.559874364974924
QNCCF,1D,1626701400,2021-07-19,0.1965,0.2015,0.1842,0.1851,28494.0,5274.2393999999995,-8.411677387431972,-17.51336898395722,-26.837944664031628,19.7980713222445,4.544747601034984,5.936424149145514,8.329332780392948,8.804071246819344,-25.27009723032721,-24.78802994652407,-98.4250439093146,-74.1007113485885,-73.46134946309253,41.04540171715222,0.0038785141730323935,0.012197187264985004,-0.00831867309195261,,,,,,,,,0.22619100000000011,0.28958862894619775,0.16279337105380248,56.05672104212599,-18.166505298619356,-36.08174441324854,13.702418471834005
QNCCF,1D,1626787800,2021-07-20,0.1861,0.2,0.1861,0.196,7325.0,1435.7,5.888708806050795,-12.068192014356205,-23.824329576369983,31.720430107526898,5.436129139796885,6.215569644615888,8.329554344031427,7.469102632993027,-72.77901340617949,-86.28698119023119,-94.18315382843974,-81.10541171961943,-92.70046580190606,44.778913046998056,0.0018010708775100803,0.01011796398749002,-0.008316893109979939,,,,,,,,,0.2261460000000001,0.28962795031660415,0.16266404968339604,56.14244807920903,-13.330326426291014,-32.326973351244455,20.493741783441372
QNCCF,1D,1626874200,2021-07-21,0.2,0.2,0.1949,0.1949,14320.0,2790.968,-0.5612244897959273,-14.065255731922404,-23.43351011589079,17.76435045317219,5.286525474126347,6.220767067669225,8.125362315561498,2.5500000000000105,94.39771540015322,-78.39561906743555,-71.70935764422428,-23.017187140992156,-85.78977559750109,44.472825695109584,6.517005192982483e-05,0.00810740520037798,-0.008042235148448155,,,,,,,,,0.2264810000000001,0.28922485895049677,0.16373714104950343,55.40761384001011,-13.944216071105345,-32.61298468353346,19.03224812083102
QNCCF,1D,1626960600,2021-07-22,0.1966,0.1966,0.1966,0.1966,10000.0,1966.0,0.872242175474606,-10.514337733272647,-28.832579185520363,-1.700000000000007,5.349470239777545,5.605074621215656,7.229152603955365,0.0,-29.558490100925557,-85.79006220555668,-74.45900774674145,-87.8641975308642,-89.7423031752365,45.09743065053505,-0.001159996350469844,0.006253924890208415,-0.007413921240678259,,,,,,,,,0.22706100000000012,0.2884604006159651,0.16566159938403513,54.081855198351946,-13.415337728628037,-31.84506449405556,18.67566215163948
QNCCF,1D,1627047000,2021-07-23,0.1977,0.2017,0.185,0.187,37525.0,7017.175,-4.883011190233976,-18.578830495928948,-32.733812949640296,-2.680197762164969,4.839874863815148,5.583438498263909,7.249355738798853,8.44714213454729,256.926500508647,183.47832488775902,-42.6052509364754,37.36273147426313,-63.5086958092446,42.20993380691683,-0.0028724771916608383,0.004428644473834564,-0.0073011216654954025,,,,,,,,,0.22706600000000013,0.2884523328111376,0.1656796671888627,54.0691541764398,-17.645089973840253,-35.17126445899222,12.868406348760752
QNCCF,1D,1627306200,2021-07-26,0.189216,0.1953,0.18,0.18,40651.0,7317.179999999999,-3.7433155080213933,-14.285714285714285,-36.708860759493675,-0.990099009900988,4.277264390553257,5.416656474548069,7.21336233287489,8.085996955859974,4.275295970244424,857.2448979591836,-78.24082727570726,41.67023882958516,-62.09001747223486,40.189282119788146,-0.004739834235993834,0.0025949487318688846,-0.0073347829678627186,,,,,,,,,0.2260235000000001,0.28981629403662956,0.16223070596337066,56.44793044672737,-20.362263215993064,-37.89169080422718,10.953101591409816
QNCCF,1D,1627392600,2021-07-27,0.1789,0.1789,0.1751,0.1752,25500.0,4467.599999999999,-2.666666666666666,-13.310242454230584,-27.543424317617866,-9.36368339368857,4.232890250398955,4.293250365948213,7.13966062345754,2.124091671324761,-38.94369142210524,-36.69924925785694,-89.3800211526702,332.5708541008687,-76.99005551349305,38.817051178577096,-0.006531754037269022,0.0007696081780413032,-0.007301362215310326,,,,,,,,,0.22213350000000012,0.2883154574430959,0.15595154255690435,59.58755202893371,-21.128510557840265,-39.23322684335134,12.342588683322687
QNCCF,1D,1627565400,2021-07-29,0.1925,0.2256,0.1848,0.2256,635562.0,143382.7872,28.767123287671232,21.880064829821723,0.5347593582887731,19.11298838437169,10.877255934079878,8.857303530230073,8.80598447674948,21.1948051948052,3109.391780821918,2618.5490897512163,1944.6743272727272,25134.563041182675,493.0682593601966,55.85939216948454,-0.0038407310435414066,-0.00015245966627523884,-0.003688271377266168,,,,,,,,,0.2205485000000001,0.2847752029435562,0.156321797056444,58.24270212089955,2.2904259153881807,-20.77961926877636,44.317685855761574
QNCCF,1D,1627651800,2021-07-30,0.2132,0.23,0.196728,0.2169,16375.0,3551.7375,-3.856382978723398,10.66326530612245,-2.6917900403768407,3.730272596843616,11.088903000044002,8.922263224551104,8.666234183599581,15.606003752345227,-97.52289827157162,147.38716305634884,-66.07575179712946,23.533324638059224,-85.32278799443449,53.10932665152366,-0.0023826277744551927,-0.0005984932879112297,-0.001784134486543963,,,,,,,,,0.2186660000000001,0.28097439474741553,0.15635760525258469,56.989559188365256,-0.8076244134891112,-22.80435368675348,38.720466874389224
QNCCF,1D,1627911000,2021-08-02,0.25,0.25,0.2,0.24,6435.0,1544.3999999999999,10.650069156293213,23.14007183170857,5.820105820105816,14.285714285714285,11.409784265444658,9.321079878054135,8.856903971773313,19.999999999999996,-56.51705679262615,-44.66436017897733,-88.04507758159443,22.571428571428562,-93.6204154531739,58.8957589875612,0.0006296483226859162,-0.00035286496579180047,0.0009825132884777167,,,,,,,,,0.21685350000000012,0.27427335659159874,0.1594336434084015,52.95727907697925,10.673795903686067,-12.496057589229421,50.53284543289374
QNCCF,1D,1627997400,2021-08-03,0.2113,0.2113,0.2101,0.2101,15263.0,3206.7563,-12.458333333333327,6.866734486266537,-4.36959490213928,6.030784759020952,12.739685031447893,9.893688711969107,9.103400240646748,0.5679129200189205,107.63767806267808,63.110696846388606,-76.82207144204514,2101.8338337101177,-86.8091772709381,50.25167727525843,0.0005973330332929294,-0.00016282536597485447,0.0007601583992677839,,,,,,,,,0.21345850000000008,0.26358113850796155,0.16333586149203863,46.96241986893138,-1.573373747121838,-20.290199371130697,28.630662048603927
QNCCF,1D,1628083800,2021-08-04,0.2287,0.2287,0.2225,0.2251,12250.0,2757.475,7.139457401237499,20.374331550802136,-1.9898114686289103,14.32199085830371,12.547117332074347,9.99862015312673,9.1755361229374,2.7109750765194507,-14.010459728417782,-60.70391574957159,11.395881379596945,589.5344106421569,-88.69382032353454,53.906601090947305,0.0017617887691440959,0.00022209746104893564,0.0015396913080951602,,,,,,,,,0.21049350000000006,0.24919336577495932,0.1717936342250408,36.77060410412602,6.939169142990133,-9.668542218221603,31.029302113214868
QNCCF,1D,1628170200,2021-08-05,0.28865,0.28865,0.2,0.21705,82558.0,17919.2139,-3.5761883607285663,20.583333333333336,3.3571428571428577,15.329436769394253,12.533645035333787,9.76192449656752,9.160684024567841,30.711934869218776,549.8413911277528,144.89234787172109,2244.2195054945055,532.0190933161401,-28.011853917160177,51.71090936336921,0.0020118690320571897,0.0005800517752505864,0.0014318172568066033,,,,,,,,,0.20925600000000005,0.24536876970823296,0.17314323029176715,34.51539712909823,3.7246243835301915,-11.541309736323292,25.358640724355592
QNCCF,1D,1628256600,2021-08-06,0.2076,0.2154,0.2076,0.2154,5500.0,1184.7,-0.7601935038009605,22.945205479452063,6.580900544285011,16.43243243243244,12.418424658505769,9.694933721852374,9.153454868567437,3.7572254335260116,-93.38866087200398,-73.48240666129465,-83.21416433785099,-53.0514385353095,-95.23207213656923,51.25012567377972,0.0020532496479342965,0.0008746913497873285,0.0011785582981469682,,,,,,,,,0.20880600000000005,0.24437289100835058,0.17323910899164952,34.066924330096384,3.1579552311714982,-11.856016798262834,24.336820509959292
QNCCF,1D,1628515800,2021-08-09,0.2109,0.2465,0.2109,0.2426,2530.0,613.778,12.627669452181989,7.535460992907808,31.06428957320369,29.802033172819687,8.397936814331606,9.767644842109034,9.392654410136549,16.88003793266951,-48.191272051996286,-99.57193048622786,-88.36272012984469,-44.899472495430565,-97.52813870364848,57.90864245957291,0.004232072071793186,0.0015461674941885,0.0026859045776046857,,,,,,,,,0.20979100000000006,0.24786725974278281,0.1717147402572173,36.29923089434984,15.63889776015174,-2.125032466267934,41.28082402046632
QNCCF,1D,1628602200,2021-08-10,0.2823,0.2823,0.2354,0.24923,6627.0,1651.64721,2.7328936521022245,14.90548639926233,27.158163265306122,24.087627582773216,8.12127379349144,9.72056952672015,9.327067863725961,16.61353170386114,169.09521194959743,-53.49748651188327,15.041248868147944,-92.0998298780763,-93.17184369299295,59.3655360774638,0.006419786824710616,0.002520891360292923,0.003898895464417693,,,,,,,,,0.21091250000000006,0.2521192498718333,0.16970575012816677,39.07473466184627,18.167486516920494,-1.1459854308237398,46.860079762632786
QNCCF,1D,1628688600,2021-08-11,0.2481,0.2481,0.23265,0.23265,4899.0,1139.75235,-6.652489668177992,-3.0624999999999982,19.368907131862496,-8.043478260869568,7.843132898244438,9.96599818142643,8.201550582932391,6.227327690447397,-30.992990325094915,-26.20096153846153,-59.16282988554509,-99.65965520914627,-91.27565293518477,54.30357276835459,0.0067380273083386955,0.0033643185499020777,0.0033737087584366178,,,,,,,,,0.21156000000000005,0.253695246053629,0.16942475394637113,39.83290419136785,9.968803176403828,-8.29548301791205,37.317596502835634
QNCCF,1D,1628775000,2021-08-12,0.235,0.235,0.235,0.235,11000.0,2585.0,1.0101010101010062,11.85149928605425,19.532044760935904,-8.666925767586472,6.025471526367116,9.96521578621297,8.197831705941878,0.0,126.80365607493593,-19.38894764157788,31.4852492370295,-89.52667872572036,-79.03059396462186,54.89068196043128,0.007098038772054838,0.0041110625943326295,0.002986976177722208,,,,,,,,,0.21182650000000006,0.25448077494401744,0.16917222505598264,40.27284116389346,10.93984935784707,-7.655106735785043,38.91169187036084
QNCCF,1D,1628861400,2021-08-13,0.235,0.235,0.232,0.232,10000.0,2320.0,-1.2765957446808405,3.0653043091959207,24.064171122994658,-8.858770379100369,5.666844173916135,9.8365172187843,8.198833617046475,1.2765957446808405,-10.251450676982591,-15.865057706778844,-66.9382621924065,-76.48332397024986,-80.78829571673188,53.93795342395141,0.00705989346559821,0.004700828768585746,0.0023590646970124644,,,,,,,,,0.21292650000000007,0.2564612444117893,0.16939175558821087,40.89180483574304,8.957785902647124,-9.537988660974005,36.96062077778387
QNCCF,1D,1629120600,2021-08-16,0.2309,0.2309,0.224,0.224,210743.0,47206.432,-3.4482758620689684,3.202027182676808,24.444444444444454,-18.914027149321264,5.65358262919277,9.824508210697749,8.064938072436924,2.9883066262451234,1934.76,163.4403063853153,545.1451515474541,513.275236020334,252.47254907816705,51.377050415702435,0.0063113762771709325,0.005022938270302783,0.0012884380068681495,,,,,,,,,0.2140215000000001,0.25751356514986135,0.17052943485013883,40.64270659710472,4.662382050401439,-13.01429116184926,31.355622093541257
QNCCF,1D,1629207000,2021-08-17,0.231452,0.231452,0.2147,0.22,25090.0,5519.8,-1.7857142857142874,2.135561745589597,25.570776255707766,-20.86330935251799,5.700149640815563,9.797093818456785,8.06640137350621,7.237785804400045,-88.30710187967605,365.9238625812442,23.551795147282675,-54.852553074300836,-58.086147739134454,50.096315816425246,0.00533391835145533,0.005085134286533293,0.0002487840649220375,,,,,,,,,0.21576650000000006,0.2572301888252823,0.1743028111747178,38.433852173791806,1.9620747428354006,-14.473491231843733,26.21712668734655
QNCCF,1D,1629293400,2021-08-18,0.2316,0.2385,0.225,0.2372,224316.0,53207.7552,7.818181818181815,-2.2258862324814577,5.141843971631205,-16.59634317862166,4.312955452822712,6.7247905082405826,8.18942536650101,5.829015544041444,863.9435341860212,8568.892531175767,-62.89111389236546,58.224443797840905,284.9483390648245,55.26084665195978,0.005879398115051865,0.005243987052237007,0.0006354110628148581,,,,,,,,,0.21782650000000006,0.25925112034828834,0.17640187965171175,38.03450943598533,8.894005091207879,-8.50569915326267,34.46568736587625
QNCCF,1D,1629379800,2021-08-19,0.2205,0.2205,0.205,0.2063,212681.0,43876.0903,-13.026981450252945,-17.22505316374433,-4.887044721069617,-14.68155500413564,5.973149608447055,7.524429374147742,8.079450589041844,7.029478458049892,-17.538166879853627,2556.5049748123874,1135.3415842246225,4.298314730399417,216.0572297145302,46.042166754472404,0.0037748093473277677,0.004950151511255159,-0.001175342163927391,,,,,,,,,0.2183965000000001,0.25884581063689155,0.1779471893631087,37.042086880413756,-5.538779238678316,-20.300042912652238,15.933272527860066
QNCCF,1D,1629466200,2021-08-20,0.2099,0.2107,0.2064,0.2107,16000.0,3371.2,2.1328162869607303,-9.434773264560498,-12.20833333333333,-6.105169340463454,5.886989628143861,6.955764481151082,7.983977333264848,2.048594568842305,-92.31654421132414,195.78355333068626,118.2854182854183,-51.925846702317294,-75.50168755984299,47.388071433277915,0.0024338943942980307,0.004446900087863733,-0.0020130056935657023,,,,,,,,,0.21910150000000012,0.2584840896939211,0.1797189103060791,35.949173961767485,-3.834524181714919,-18.48627888490302,17.23863651362956
QNCCF,1D,1629725400,2021-08-23,0.2475,0.2475,0.2142,0.2254,11116.0,2505.5463999999997,6.976744186046507,-4.085106382978722,7.282246549262246,1.1215791834903555,6.544202770824305,6.382363030708992,8.07717627604923,13.454545454545453,-25.67790697674419,-3.0736402321083283,-21.86664137839225,-76.06839526924253,-81.4341795051155,51.720870725947734,0.002528232885294107,0.0040631666473498074,-0.0015349337620557003,,,,,,,,,0.22102150000000012,0.2576012174811361,0.18444178251886412,33.100596531229755,1.9810289949167237,-12.500413544627055,22.206582977990248
QNCCF,1D,1629811800,2021-08-24,0.26,0.2651,0.237719,0.25,197842.0,49460.5,10.913930789707193,7.758620689655167,11.061750333185254,10.229276895943562,7.607613763270102,6.719182992599784,8.294896663300078,10.531153846153842,1874.0404727687344,2031.918103448276,1693.688066074942,282.8648279432456,236.1562492671053,57.96031936184764,0.004535726200059792,0.0041576785578918045,0.00037804764216798747,,,,,,,,,0.22452149999999998,0.2579949780236532,0.1910480219763468,29.817614815198716,11.347911001841702,-3.098889011289278,30.857151732747024
QNCCF,1D,1629898200,2021-08-25,0.2559,0.2946,0.2559,0.2834,118680.0,33633.912,13.359999999999994,26.51785714285713,30.568993319511627,28.994082840236672,8.326890594945922,7.290716991393602,8.568045620000433,15.123094958968327,-31.99843915852044,-28.751420992800313,87.69747483175028,143.10060900497487,118.77855939760893,64.64180338854021,0.00872124687459061,0.005070392221231566,0.003650854653359044,,,,,,,,,0.2299315,0.2647196418158537,0.1951433581841463,30.259570190125068,23.25409959053021,7.056657396484706,45.22656709257337
QNCCF,1D,1629984600,2021-08-26,0.2957,0.299,0.2643,0.268,296935.0,79578.58,-5.4340155257586344,21.818181818181827,24.419684308263697,16.68916271171681,8.76115762340068,7.521398458289098,8.625334200537935,11.73486641866757,136.60221267154415,1341.693177289032,6617.192538195324,3114.7983419747293,343.49278205263016,59.91358254873133,0.010672623507062468,0.0061908384783977465,0.004481785028664721,,,,,,,,,0.2320515,0.27050051781580386,0.19360248218419612,33.138348871525395,15.491604234404873,-0.9244040772988706,38.42797725342233
QNCCF,1D,1630071000,2021-08-27,0.2762,0.282,0.253,0.257,205045.0,52696.565,-4.104477611940302,8.34738617200675,5.935696619950534,22.380952380952387,8.865554201637847,7.027576381111796,8.498996113996752,10.49963794351918,-33.780465798711155,-0.9607437827033103,8485.606685153265,6793.846807953951,167.83958086732304,56.72209468655777,0.011202361626439977,0.0071931431080061925,0.004009218518433785,,,,,,,,,0.23405649999999997,0.27330976497248366,0.19480323502751626,33.541700377886286,9.802547675454447,-5.967501737131745,31.927993887626332
QNCCF,1D,1630330200,2021-08-30,0.2836,0.342,0.276132,0.3381,301586.0,101966.22660000001,31.556420233463033,63.887542413960254,35.65782610440156,67.29341909945572,11.677428714885853,10.631702264759591,10.05864737597588,23.225669957686897,93.49691312896772,132.39588099762844,6073.608139961076,1344.7440894716356,346.4704845083591,69.58561422677062,0.017959252043314777,0.00934636489506791,0.008612887148246868,,,,,,,,,0.2389615,0.29898256006228147,0.17894043993771852,50.23492074018742,41.48722702192614,13.083518961631052,88.94555088703152
QNCCF,1D,1630416600,2021-08-31,0.3329,0.35827,0.3151,0.31713,315097.0,99926.71161000001,-6.202307009760422,50.512577123872816,36.31205673758867,71.32901134521883,12.595167280177739,10.603959576406348,9.988575648928657,12.96785821568038,-2.0001867853762434,2864.12884462506,8667.405621931819,1794.618428014474,284.4314920772378,64.26648677050713,0.021375627702765798,0.011752217456607487,0.009623410246158311,,,,,,,,,0.244313,0.31171803752687893,0.17690796247312107,55.17924754464881,29.804799580865538,1.7361723806741294,79.26270562761351
QNCCF,1D,1630503000,2021-09-01,0.279,0.3556,0.279,0.3556,49685.0,17667.986,12.130671964178728,57.763975155279525,51.31914893617024,81.42857142857144,12.73826459475613,10.85741345559405,10.125916816035918,27.455197132616487,-82.3190559207475,605.1550112981346,583.481083172147,1130.6182350073134,-33.414913283582074,68.95486765597634,0.02687751031113611,0.014777276027513211,0.012100234283622899,,,,,,,,,0.250838,0.33315609025967463,0.16851990974032538,65.63446547945257,41.76480437573255,6.7367550516131205,111.0136425707496
QNCCF,1D,1630589400,2021-09-02,0.36,0.36,0.3453,0.3476,126720.0,44047.872,-2.249718785151858,39.040000000000006,49.82758620689655,78.3478707029246,13.057231214896504,10.891112339420213,10.147307126287428,4.083333333333331,149.30895915357868,-10.943334580119483,1798.6151724137933,1478.2292021979472,57.82292407069559,66.98658488580449,0.030243629046342035,0.017870546631278975,0.01237308241506306,,,,,,,,,0.2573655,0.34819548458108374,0.16653551541891629,70.58442921143954,35.06083760255356,-0.1710201905117028,108.72424667232102
QNCCF,1D,1630675800,2021-09-03,0.35,0.37509,0.3431,0.3493,33440.0,11680.592,0.4890678941311793,23.25335215243473,55.93749999999999,77.67039674465921,12.734372805793658,10.75875874883018,10.149486652744597,9.13999999999999,-73.48205152793761,-65.27138442890616,-75.25635489672254,494.12980671414044,-58.628606470813374,67.20083887439671,0.03267185735402367,0.020830808775827915,0.011841048578195755,,,,,,,,,0.26406050000000003,0.3610603134998203,0.16706068650017974,73.46787080977298,32.28029182706234,-3.257160385705523,109.08569653197505
QNCCF,1D,1631021400,2021-09-07,0.3515,0.3515,0.31,0.32085,78640.0,25231.644,-8.144861150873167,19.720149253731346,45.8409090909091,71.57754010695189,13.044931562207113,11.11156203384767,10.244020719616291,11.806543385490748,116.01340069064992,-68.29342267730839,357.1115620131164,259.5698268890259,-12.513602387236292,60.163773827057476,0.03193247090159168,0.023051141200980667,0.008881329700611014,,,,,,,,,0.267973,0.3674749198005744,0.16847108019942564,74.26264571473573,19.732211827310962,-12.687918899574788,90.44811704192651
QNCCF,1D,1631107800,2021-09-08,0.3192,0.324655,0.3,0.302,145633.0,43981.166,-5.875019479507568,17.50972762645914,27.318718381112983,67.77777777777779,13.203290370470377,11.27240469495359,10.292950759929377,7.723997493734348,74.30955351145569,-16.538837019073263,-17.340684953384393,501.067159752801,46.29772996472637,55.98093808861908,0.029485573015480104,0.024338027563880555,0.005147545451599549,,,,,,,,,0.2706115,0.37078181821353057,0.17044118178646944,74.03256566223575,11.59910055559353,-18.550483015841845,77.18722484472612
QNCCF,1D,1631194200,2021-09-09,0.4095,0.4095,0.2964,0.2964,97253.0,28825.7892,-1.8543046357615875,-12.333629103815444,43.67426078526417,69.17808219178082,6.275097571496223,10.528365367197322,10.281104652686219,27.619047619047617,-34.45878810943757,-71.73006184383016,-34.30182816448439,545.2186677410691,-6.6362748902078454,54.7628378140053,0.026785746204247562,0.024827571291953957,0.0019581749122936053,,,,,,,,,0.273799,0.3729869341250736,0.17461106587492642,72.45310181927151,8.254595524454063,-20.533409381946804,69.74869176522338
QNCCF,1D,1631280600,2021-09-10,0.296695,0.3129,0.296695,0.3092,9500.0,2937.3999999999996,4.318488529014838,-2.5005518241730673,46.748932130991925,37.056737588652474,6.270055796422016,10.528758685215756,9.04137067226017,5.461837914356503,-89.80981932664656,-97.0604456479422,-12.867821547223546,-97.95135799954654,-88.78564228281354,57.06261160799349,0.0253863292301566,0.024939322879594487,0.00044700635056211385,,,,,,,,,0.27750899999999995,0.3761637695552529,0.17885423044474702,71.10023066297161,11.419809807970204,-17.801759492793714,72.87821441580066
QNCCF,1D,1631539800,2021-09-13,0.25795,0.3062,0.25795,0.28358,250615.0,71069.4017,-8.28589909443725,-20.25309336332959,25.811889973380666,30.742277547256798,4.313329124421346,10.873774837958958,9.161994609752883,18.70517542159334,2319.46625246817,302.24959256816254,2736.4831599207264,1900.9756267179093,149.85905761816488,51.427073180878956,0.021956856339000907,0.024342829571475773,-0.0023859732324748653,,,,,,,,,0.28008799999999995,0.3765209621239547,0.18365503787604517,68.85904581699664,1.2467510211076702,-24.684140186956586,54.40905040208997
QNCCF,1D,1631626200,2021-09-14,0.19315,0.3,0.19315,0.2974,108963.0,32405.5962,4.873404330347697,-14.441887226697359,18.96,23.916666666666668,5.149736446121664,10.636181017542324,9.022915383159233,55.31969971524722,-54.40288587655297,-26.43096084187677,-34.48186694432931,1998.2644522144521,9.951965185142825,54.06257901289459,0.020122176936084035,0.023498699044397425,-0.0033765221083133894,,,,,,,,,0.28375799999999995,0.3769041695616092,0.1906118304383907,65.65183681983187,4.807617758794482,-21.094001070373768,56.02389385590904
QNCCF,1D,1631712600,2021-09-15,0.3,0.3118,0.2924,0.3118,8270.0,2578.5860000000002,4.841963685272368,-10.735757228743195,10.02117148906141,48.405521180390295,5.658679432158989,10.18919805891075,8.684567379814371,6.466666666666676,-92.04277562404484,-77.9241839797161,-92.33337472013365,-19.58896284073722,-91.24465510938049,56.69895426179824,0.019604155444498672,0.022719790324417673,-0.0031156348799190013,,,,,,,,,0.28834799999999994,0.377433300381152,0.19926269961884785,61.79012885898436,8.133227905170171,-17.389377226352853,56.47685221389398
QNCCF,1D,1631799000,2021-09-16,0.315,0.315,0.3036,0.3036,11417.0,3466.2012,-2.6298909557408723,-5.376344086021518,13.283582089552226,34.873389604620165,5.019008213111031,10.08488799392441,8.656670574227247,3.6190476190476257,34.42255561769123,-86.26248372876536,-95.64430378124365,25.701999111506,-88.2402745627609,54.771297572476094,0.01832075791753579,0.021839983843041297,-0.0035192259255055064,,,,,,,,,0.2916679999999999,0.3777807299764684,0.20555527002353147,59.0484591909078,4.090952727073267,-19.635922134273248,47.69750246016295
QNCCF,1D,1631885400,2021-09-17,0.3077,0.315,0.298,0.3,19270.0,5781.0,-1.1857707509881399,-0.6622516556291397,16.73151750972762,38.217000691085005,4.571028401409856,9.999839438277146,8.621899658357554,5.524861878453044,66.78200907668025,-86.85573729445917,-89.0296454806874,-67.73854013763405,-80.11391656200416,53.904823442972074,0.01681928398139637,0.02083584387071231,-0.00401655988931594,,,,,,,,,0.296353,0.3730599144471344,0.21964608555286558,51.76726029237727,1.23062698876003,-19.58396268744322,36.583358289713026
QNCCF,1D,1632144600,2021-09-20,0.2982,0.2982,0.2602,0.2602,78880.0,20524.575999999997,-13.266666666666667,-12.21322537112011,-23.040520556048513,20.798514391829144,6.551710855239029,6.41495040921974,9.011229037977698,12.743125419181766,255.03504583982007,-28.797869652082248,-79.8712017847682,1632.4703300413603,-30.929134218121206,45.36103012415991,0.012276313986057552,0.01912393789378136,-0.0068476239077238064,,,,,,,,,0.298828,0.3670450713531447,0.2306109286468553,45.65641195145347,-12.926499524810259,-29.109523514169723,12.830732492498534
QNCCF,1D,1632231000,2021-09-21,0.2736,0.28963,0.2736,0.2888,42884.0,12384.8992,10.991544965411228,-6.597671410090548,-8.933245041465652,19.043693322341298,7.726463900316659,7.040422929939818,8.945475028907245,5.858918128654967,-39.658197080417146,321.6279430789134,-87.60601744973204,1917.8141282352901,-58.86456134327188,51.33064533275215,0.010858587477047876,0.01747086781043466,-0.006612280333386785,0.2891895024371137,0.26155368393018147,0.22783497794967114,0.17347445,-0.13468761273532748,10.417102776151912,26.75841198702864,66.47984760868243,0.30199799999999993,0.36162308820957934,0.24237291179042053,39.487074887634634,-4.370227617401419,-20.137842572533582,19.155229793057444
QNCCF,1D,1632317400,2021-09-22,0.288944,0.288944,0.275,0.2769,19762.0,5472.0978,-4.120498614958456,-2.3555963043938286,-22.131608548931396,11.102194759860359,7.263204151838457,6.160544993119198,8.98464118263137,4.825848607342585,-55.81637192493258,-92.30034632471093,-69.02817446199018,231.31153958719784,-81.90142363392562,48.93496572904349,0.008674800753726342,0.015711654399092997,-0.007036853645366655,0.2880190736335791,0.2621555002466449,0.22880656254472717,0.17450355995024877,-3.8605337810803864,5.624333549928548,21.01925614387546,58.678711241733176,0.303343,0.35931744563370005,0.24736855436629987,36.9050517952945,-8.717194726761454,-22.937223515086185,11.938237545735243
QNCCF,1D,1632403800,2021-09-23,0.2886,0.2886,0.2886,0.2886,950.0,274.17,4.225352112676072,-2.9589778076664337,-16.973532796317606,24.049000644745337,7.203477873115732,6.333420650156106,8.898515354955947,0.0,-94.98967288194301,-99.15394242924005,-99.37756357446735,-75.94477431873686,-99.09233595095108,51.339611803082796,0.007798331944813719,0.014128989908237142,-0.006330657963423423,0.2880743999541906,0.26319253945265886,0.22999059100918803,0.1756388479109428,0.18245288227381792,9.653564117044919,25.483394226536237,64.3144460537192,0.30360299999999996,0.3592518519558139,0.24795414804418603,36.6589605213479,-4.941650774201815,-19.66638489716225,16.392487190240836
QNCCF,1D,1632490200,2021-09-24,0.29,0.29,0.26502,0.26502,9062.0,2401.6112399999997,-8.170478170478185,-15.003207184092378,-24.12825651302606,12.77446808510638,7.349446817116578,6.56508795558539,9.052581752427592,8.613793103448279,775.9569755990807,-6.863248307405706,-79.43930204907423,-7.094342746615098,-92.04764409006616,46.57902436346601,0.0051417443373201754,0.012331540794053748,-0.007189796456733573,0.28587874281569625,0.26326420457216243,0.23068424267237242,0.17652821260834636,-7.296360201620076,0.6669328368020776,14.884309795009562,50.12897716694474,0.303454,0.3594979182784352,0.2474100817215648,36.937340274595286,-12.66551108240459,-26.280518877792495,7.11770440230215
QNCCF,1D,1632749400,2021-09-27,0.25,0.25805,0.25,0.254,30000.0,7620.0,-4.158176741377999,-16.337285902503286,-20.835281284089145,9.482758620689651,7.386856884599543,6.3642490787042005,9.08916647130803,3.2200000000000006,217.28698937967997,119.83720968073061,-69.79982754988141,228.44827586206895,-74.91495411324044,44.50214446797642,0.0021226885840153753,0.010289770352046073,-0.008167081768030698,0.2828426720713442,0.26290090243207764,0.23114594083727594,0.17729907616448223,-10.197425961266887,-3.385649250244492,9.88728553049221,43.26075775169946,0.30330399999999996,0.35985818265698877,0.24674981734301113,37.29207834844831,-16.255637907841624,-29.416639042467217,2.938272755399965
QNCCF,1D,1632835800,2021-09-28,0.2603,0.2603,0.2601,0.2601,10202.0,2653.5402,2.4015748031496043,-13.299999999999997,-13.874172185430462,16.116071428571423,7.5645675481924615,6.309897961626059,9.061010846634638,0.07683442182096735,-65.1766377952756,-54.098941359626366,-93.96664426768494,-94.37885879619115,-90.81552003707426,45.939080215091934,0.00021975101565385735,0.00827576648476763,-0.008056015469113772,0.28067670330264477,0.2627910631210158,0.2317192885434685,0.17812296595389038,-7.331104812235722,-1.0240314450025882,12.24788477253051,46.0227200951339,0.299404,0.3565765491472959,0.2422314508527041,38.19090536351947,-13.12741312741313,-27.056335975544776,7.376642910899873
QNCCF,1D,1632922200,2021-09-29,0.24845,0.24845,0.2235,0.23017,168150.0,38703.0855,-11.507112648981154,-11.541122213681772,-22.344804318488524,4.622727272727278,7.197294917269605,6.882445190239815,9.320818288648638,10.042262024552222,1358.545286029584,88.56947641695501,34.26548439478633,601.1682579078952,29.020276710121458,40.41046281217627,-0.0036612371192806803,0.005888365763957968,-0.009549602883238648,0.2758665410833453,0.26151180574372107,0.23168860956240972,0.17864084688967255,-16.564727604838225,-11.984853094714856,-0.6554528361484426,28.845112418299014,0.295056,0.35900056267736935,0.23111143732263065,43.344017866011434,-21.991079659454467,-35.88589436088105,-0.4073521127024064
QNCCF,1D,1633008600,2021-09-30,0.2356,0.2484,0.222469,0.2272,16603.0,3772.2016000000003,-1.2903506104183866,-21.32963988919667,-26.520051746442423,-4.2158516020236005,5.149654002690122,6.689844176195849,9.227341942344056,11.006366723259767,-90.253486120635,-69.54192731742216,28.41974535303332,-92.91042896694127,-86.69409208000603,39.89735017677112,-0.006897096915947032,0.0033312732279769676,-0.010228370143924,0.271231632408741,0.2601662447341634,0.23159972620473823,0.17912402254251164,-16.233959150600153,-12.671222882064553,-1.8997113152235696,26.83949186440276,0.288636,0.35275942517364456,0.22451257482635542,44.432035625247416,-21.284940201499463,-35.59349976597744,1.197004299524481
QNCCF,1D,1633095000,2021-10-01,0.2256,0.2796,0.2255,0.2275,33005.0,7508.6375,0.13204225352112442,-17.84037558685445,-19.775724663234357,10.276296655356274,5.258615035802838,6.467849598301675,8.892128777269386,23.980496453900713,99.05186138513909,37.21680010909162,-89.43478160728628,-82.88672156370323,-72.33121572053001,39.98025170633124,-0.009329783686372828,0.0007990618451070085,-0.010128845531479837,0.26706671503647994,0.2588852155289021,0.2315185435076147,0.1796053755520389,-14.81529251261256,-12.123216640541692,-1.735732890649649,26.666587400711794,0.282631,0.34603245894220325,0.21922954105779677,44.86518389150746,-19.50635280630929,-34.25472260739602,3.7725111781458556
QNCCF,1D,1633354200,2021-10-04,0.232795,0.2594,0.232795,0.2543,48653.0,12372.457900000001,11.780219780219788,-11.884961884961882,-14.49226630800268,20.69292833412436,7.030378906106556,7.1508797011919,9.110070774837581,11.42851006250135,64.77633791749837,4412.695736222052,-61.81999607833168,267.0045651400095,-54.90695399705816,47.0117335249692,-0.008991520800679387,-0.001159054684050271,-0.007832466116629116,0.26585083741395804,0.25870540315521967,0.23196966145795897,0.18034860564604846,-4.344856509130393,-1.702864764898808,9.626404764179947,41.00469426366862,0.277881,0.3344590257343783,0.22130297426562168,40.72104658784034,-8.486006599947446,-23.96677008741849,14.91033992827103
QNCCF,1D,1633440600,2021-10-05,0.24485,0.39,0.2385,0.2429,12279.0,2982.5691,-4.482894219425883,-8.346539883782347,-22.097498396407957,7.76397515527951,6.6415615553716725,7.02243721125193,9.092407018370986,61.87461711251787,-75.89347950014039,24.190337317042225,15.666846093168887,19.038669569240486,-89.13593160898071,44.617258504902395,-0.009533434257179618,-0.0028339305986761405,-0.006699503658503478,0.26366504337453345,0.2580855834236424,0.23218610380532612,0.18097100757991863,-7.875539020558336,-5.8839332372609,4.614357198420814,34.220394331800854,0.27398350000000005,0.32889960010734415,0.21906739989265595,40.08715861162741,-11.345026251580856,-26.147675484943168,10.879117622714354
QNCCF,1D,1633527000,2021-10-06,0.23392,0.2423,0.23092,0.2378,15100.0,3590.78,-2.099629477151088,-6.3779527559055085,-21.673254281949923,-4.8799999999999955,6.540810911269185,7.017777697967502,8.900064779425074,4.864911080711355,20.39218135801112,-52.87690288713911,3.5941018080543112,-92.7401057409448,-86.14910200792787,43.54862568754441,-0.01025620480848688,-0.004318385440638289,-0.0059378193678485906,0.2612017059102922,0.25729007034820545,0.23229727006660678,0.18153647019106373,-8.95924696538135,-7.575135069079192,2.368831080888481,30.99296232306378,0.2707735,0.3262660754583437,0.21528092454165632,40.98818788274605,-12.177521064653664,-27.11470242012295,10.460320860423614
QNCCF,1D,1633613400,2021-10-07,0.2357,0.2357,0.2276,0.2278,45780.0,10428.684,-4.205214465937766,-12.41830065359477,-24.066666666666663,-19.618913196894844,6.498273545801213,7.051669279552125,8.587424218298148,3.4365719134492982,190.42948885757406,293.01021329919934,80.39584846912298,-68.99354437271525,-58.53574280796603,41.45216211491878,-0.01150331900328902,-0.005755372153168435,-0.0057479468501205845,0.25802059106169295,0.256133597001217,0.2322082152138027,0.1819968038210034,-11.712472612105278,-11.062038456861396,-1.8983889996070484,25.16703327605948,0.2673435,0.3245306241714421,0.21015637582855795,42.781757679870324,-14.791270406798745,-29.80631625086374,8.395474132954893
QNCCF,1D,1633699800,2021-10-08,0.228414,0.23075,0.2222,0.2292,29913.0,6856.0596,0.6145741878841021,-0.42142764043968645,-11.91391237509608,-14.477611940298518,5.1129187195962595,6.2900807458865975,8.537355671327658,3.7432031311565845,-34.25767239663221,-82.28549607498348,-66.5958526987354,-91.38454141805497,-69.83289200538219,41.87404864524501,-0.012237629908011083,-0.0070518237041369645,-0.005185806203874118,0.25527577286534126,0.2550773775109732,0.23214864659570758,0.182466487365073,-10.214746418218198,-10.144912796063222,-1.2701545492284227,25.612107357239843,0.2633435,0.3194412644028698,0.20724573559713022,42.60425216712756,-12.965385513597266,-28.249720514836245,10.593349165720433
QNCCF,1D,1633959000,2021-10-11,0.95,0.95,0.25,0.26,17926.0,4660.76,13.438045375218161,14.436619718309856,-9.972299168975066,1.1673151750972772,6.8559865943799,6.637056793219723,8.843973552076783,73.68421052631578,-32.0198441682158,23.555432456208063,-62.367396579214784,-91.15547664254777,-77.93800714773,50.35038275986783,-0.010216504492531031,-0.007684759861815778,-0.0025317446307152533,0.25572569925911826,0.2552704215301507,0.23270015854430742,0.18323796510273396,1.671439653216374,1.852771833688792,11.731767449782181,41.89199266332648,0.2621645,0.31749741623437105,0.20683158376562902,42.21236379019358,-0.8256266580715593,-18.109569808885453,25.706139877852852
QNCCF,1D,1634045400,2021-10-12,0.2296,0.2394,0.2295,0.237,162002.0,38394.473999999995,-8.846153846153854,4.175824175824167,-14.409534127843985,-29.902395740905064,7.880226883056219,6.924922402826245,6.848373422351988,4.311846689895467,723.7814004582941,411.33742972676464,601.6408588311415,-62.345891105084796,102.00510520535676,45.065405977727266,-0.010351332107268518,-0.008218074310906326,-0.0021332577963621927,0.25394229932967843,0.2545539344113213,0.23278530391966767,0.18377291072360227,-6.67171218595735,-6.895958788425857,1.8105507561537355,28.963512123096425,0.2591445,0.31302949177878653,0.20525950822121344,41.58683034275205,-8.545232486122611,-24.2882839398773,15.463591457394998
QNCCF,1D,1634131800,2021-10-13,0.2281,0.23,0.219,0.2218,78630.0,17440.134,-6.4135021097046385,-12.780180888714126,-23.146223146223154,-30.0602276668874,6.782133131424629,6.907887725032962,6.853880838623127,4.822446295484441,-54.57644764191847,40.95933193678514,6261.065762118394,-82.54707503228325,7.276815941694224,41.93287494834606,-0.01155153799223646,-0.008884767047172353,-0.0026667709450641074,0.25088112796494716,0.25326946639519105,0.2325677731489812,0.18415128972137737,-11.591596466757892,-12.42529028196688,-4.629950660482715,20.444445616202568,0.25464450000000005,0.3051122554384962,0.20417674456150395,39.637813059772434,-12.898177655515846,-27.305443800925943,8.631372527926368
QNCCF,1D,1634218200,2021-10-14,0.23,0.2761,0.21926,0.21926,68482.0,15015.36332,-1.145175834084755,-9.732400164676818,-17.26662138706512,-38.34083239595051,6.687339188480155,6.66538842675171,6.409071994881053,24.713043478260868,-13.903394778962122,403.43723201584834,525.2203966200625,-15.013724144902538,-7.133211028416447,41.41481192077363,-0.012562849862314068,-0.009620383610200695,-0.002942466252113373,0.24786959196828554,0.25193576183067373,0.23230425288860532,0.1845006301221597,-11.542195128132567,-12.969878350432493,-5.615158881684485,18.839702528292605,0.2504275,0.2978294657292806,0.20302553427071945,37.856837391485016,-12.44571782252349,-26.380689209810498,7.996267951021915
QNCCF,1D,1634304600,2021-10-15,0.22,0.22,0.202,0.2105,73243.0,15417.6515,-3.995256772781181,-11.4802354920101,-17.125984251968507,-39.44188722669736,6.754840574330233,6.660226809889883,6.424479868068234,8.181818181818176,2.679177129628053,329.36775575223203,102.33138451443568,-64.99796516844219,1.3361087480092997,39.59781474327816,-0.013910825260667586,-0.010478471940294073,-0.0034323533203735133,0.2443105832094012,0.2503108299941767,0.23187248550467254,0.18475933031994915,-13.839180753140681,-15.904557543556097,-9.217344377085166,13.931999880858806,0.24595250000000002,0.2906089480786358,0.20129605192136424,36.31306701792889,-14.414368628088766,-27.565891762203808,4.572344062779359
QNCCF,1D,1634563800,2021-10-18,0.2153,0.2153,0.2102,0.2102,2950.0,620.09,-0.14251781472683836,-7.726075504828798,-19.184928873510188,-39.82250214715145,6.672147813601835,6.596181764505949,6.419115993625801,2.3687877380399414,-95.97805152101148,-94.053995691115,-76.6315957828715,-94.69127934611534,-95.82309679124292,39.53384575902464,-0.01483233504273182,-0.011349244560781622,-0.003483090481950198,0.24106195623707727,0.24873785626891487,0.23144332737586715,0.18501247131179044,-12.802499705397501,-15.493361905978203,-9.178630300871752,13.613962620802209,0.24345250000000002,0.29018844285985806,0.19671655714014197,38.394301031912214,-13.658721927275346,-27.56431030524783,6.854249106368993
QNCCF,1D,1634650200,2021-10-19,0.2228,0.2228,0.20702,0.20702,80500.0,16665.11,-1.51284490960989,-9.67713787085514,-10.057783377503586,-35.47763752532337,6.643390912654727,5.963023835975134,6.298620529963719,7.082585278276476,2587.5308422970857,143.0712533479143,-56.94113328509687,-33.95154909446249,14.457100628564174,38.81799598102623,-0.015638961395713996,-0.012207187927768096,-0.0034317734679459,0.23781986516687945,0.24710186190542802,0.23095969713080047,0.18523145169674773,-12.950921969982202,-16.220785062626653,-10.365313701135737,11.762877256354642,0.2393635,0.2837656951146551,0.19496130488534488,37.100222143021064,-13.512294063213478,-27.04544504001659,6.185173576749881
QNCCF,1D,1634736600,2021-10-20,0.21685,0.2191,0.2151,0.2151,11050.0,2376.855,3.903004540624096,-17.269230769230766,-5.325704225352112,-28.77483443708609,3.912075826729623,6.068122103163641,6.303967013860938,1.8445930366612757,-85.73753788603857,-49.002845029566,-36.99024463591766,-94.59574355077352,-81.9570624046288,41.70630299266684,-0.015448153422743138,-0.012855381026763105,-0.0025927723959800336,0.2356560684843195,0.24584688692874457,0.23064564372226978,0.18552865118235223,-8.722910730256574,-12.506518716934629,-6.740055208234906,15.938966099949015,0.23627350000000003,0.27833664599503805,0.19421035400496198,35.605470774367866,-8.961436640164898,-22.719482649857525,10.756195828006327
QNCCF,1D,1634823000,2021-10-21,0.2025,0.2051,0.1937,0.198,52600.0,10414.800000000001,-7.949790794979081,-16.455696202531637,-12.967032967032965,-33.19838056680162,3.715012498985065,6.384079869547001,6.4276187034781955,5.629629629629626,338.175656487249,-72.87422143092779,38.7042589284674,-63.86985304117883,-17.07715139901719,37.65485668005498,-0.016486715228276022,-0.013581647867065689,-0.0029050673612103332,0.23206977624771763,0.24397053842173497,0.2299991953317298,0.18565274420541342,-14.680832979883865,-18.84265974044328,-13.912742297022856,6.650726251008231,0.23174350000000002,0.26959299525422903,0.193894004745771,32.66498974446231,-14.560710440638037,-26.55595527870302,2.117649413457976
QNCCF,1D,1634909400,2021-10-22,0.2033,0.2033,0.198,0.2,105000.0,21000.0,1.0101010101010108,-9.828674481514872,-21.352732992528516,-35.3169469598965,3.489255779723216,5.395365837829669,6.361237710133941,2.606984751598622,101.63613319506854,20.411918853375795,69.73183638798236,614.9179546537755,59.55369839661078,38.40846895351725,-0.016952976298385547,-0.01425591355332966,-0.002697062745055887,0.2290155118431731,0.24224620358166693,0.22940515185981436,0.18579550296953865,-12.669670979772993,-17.439366626616597,-12.817999779614079,7.645231883136702,0.22849250000000004,0.2655110514978612,0.1914739485021389,32.402421521810254,-12.469774719082695,-24.673568624840804,4.45285197519488
QNCCF,1D,1635168600,2021-10-25,0.2,0.2,0.1864,0.1942,70450.0,13681.390000000001,-2.9,-11.429353279211893,-20.0494030465212,-31.51844276747302,3.524469675495187,5.349299384025214,6.234588718432572,6.800000000000001,-34.85052380952381,-8.884056226752687,358.711585257153,-80.74925400701663,21.62555206850007,37.011258366805194,-0.017587762307179206,-0.01492228330409957,-0.0026654790030796356,0.22569974881048993,0.24036203873532705,0.22870802013981803,0.18587912980566265,-13.956483769478565,-19.205211845518598,-15.08824225697111,4.476495130484451,0.22550250000000002,0.26344563317320924,0.1875593668267908,33.65207319050495,-13.881220829037375,-26.28460086399757,3.5405500058772117
QNCCF,1D,1635255000,2021-10-26,0.1835,0.1943,0.1773,0.1852,47840.0,8859.968,-4.634397528321322,-12.019002375296907,-22.119428090832635,-37.72696704774714,3.5915463279127358,5.410899312222306,6.166182633157491,9.26430517711171,-35.240732118593215,-42.533608312524116,146.74215630030244,-72.65914212681574,-15.3284458276932,34.89026947017513,-0.01860262015102407,-0.01565835067348447,-0.0029442694775395975,0.22184262987615755,0.23819882153002012,0.22784647518655432,0.18587237229515854,-16.517397894450266,-22.249825246654584,-18.717197688327886,-0.3617386956738456,0.2217575,0.26008558572052526,0.18342941427947473,34.567566572066575,-16.485349988162742,-28.792670502314376,0.965268153682042
QNCCF,1D,1635341400,2021-10-27,0.1791,0.1992,0.1791,0.1979,61065.0,12084.7635,6.8574514038876835,-5.8515699333967675,-13.125548726953474,-36.52982681205902,4.701847792346199,5.772400692330034,6.244065405725287,11.222780569514224,36.397371864097,1848.8725023786867,15.880042966111544,368.65853999052183,12.095262963580794,40.106205615637826,-0.018172635611004795,-0.016161207660988535,-0.0020114279500162598,0.2195623794117616,0.23661847558766638,0.22725347567790968,0.1859920501827689,-9.866161712128534,-16.36325121760043,-12.916623426923021,6.402397202208104,0.22014400000000003,0.25961944370871437,0.18066855629128573,35.8632928526004,-10.104295370303092,-23.77304366230822,9.537599714325829
QNCCF,1D,1635427800,2021-10-28,0.1911,0.1953,0.1911,0.1949,170785.0,33285.9965,-1.5159171298635687,-5.854506810936151,-14.965095986038394,-35.80368906455863,4.701919435274142,5.760199967688117,6.23941687455166,2.197802197802203,175.4377154339843,99.73463421483567,385.49747875587315,860.3019149609665,182.68864328718993,39.30519451426424,-0.01786797381342839,-0.016502560891476507,-0.0013654129219518828,0.2172135813725462,0.23498245693716965,0.2266128127931986,0.18608068649935827,-10.27264558300149,-17.05763802950066,-13.994271728200536,4.739510406240968,0.21852900000000003,0.2593379724938023,0.17772002750619773,37.34879351829943,-10.812752540852717,-24.847102749421804,9.666874766381149
QNCCF,1D,1635514200,2021-10-29,0.1883,0.1912,0.1883,0.1894,16000.0,3030.4,-2.821959979476643,-11.947931194793119,-27.15384615384615,-36.86666666666666,4.325628806882506,4.1477334379063056,6.245564530781342,1.540095592140209,-90.89587118114369,27.496208224733948,-34.98056111020521,-47.58000345960906,-74.06168811993567,37.81409447335154,-0.017864401478422054,-0.016774929008865617,-0.0010894724695564365,0.21456466886087514,0.23319490960630027,0.22587592541115506,0.18611371449438954,-11.728244446988628,-18.780388337051864,-16.148655658968096,1.7657406465387246,0.21662400000000007,0.2591029370865119,0.17414506291348827,39.21904967733197,-12.567397887584036,-26.901639120840514,8.759902136352887
QNCCF,1D,1635773400,2021-11-01,0.19119,0.2233,0.19119,0.2137,28012.0,5986.1644,12.829989440337902,7.929292929292925,-9.831223628691978,-17.870868562644116,5.8758123914667,5.256789972565043,6.338772926567829,16.794811444113186,97.53710401267158,-42.52252179590584,-84.40878653527066,-70.83416290792073,-46.544898883354506,47.32254747324751,-0.01571955817916157,-0.01656385484292481,0.0008442966637632401,0.21448231944555368,0.23243040334722967,0.2256348179772708,0.18638820489743044,-0.36474775523502884,-8.058499696035105,-5.289439849869736,14.65317782184729,0.21459400000000003,0.25339851334574204,0.17578948665425806,36.16551566748556,-0.4166006505307854,-15.666434984792744,21.56585929413638
QNCCF,1D,1635859800,2021-11-02,0.22,0.22,0.1927,0.1935,5400.0,1044.9,-9.452503509592885,-3.2500000000000027,-12.75924256086564,-32.998614958448755,6.9769949814173655,5.547011573732109,6.16791348562606,12.409090909090905,-82.54474935569762,-95.02428571428571,-94.00864695190988,-91.563112600868,-90.34332130235295,41.62483873692282,-0.015471381142086682,-0.016345360102757184,0.0008739789606705024,0.2124840033078819,0.23090372086302458,0.2249984849480179,0.18645896902780426,-8.93432117822758,-16.198838512963157,-13.99942090956528,3.776182507555217,0.21212400000000003,0.24967572560615406,0.174572274393846,35.40544738563672,-8.779770323018624,-22.499474255966444,10.84234347743666
QNCCF,1D,1635946200,2021-11-03,0.1935,0.20495,0.18345,0.1852,9805.0,1815.886,-4.289405684754523,-4.634397528321322,-15.534069141658307,-33.116648609606344,7.069173085888196,5.6188469700545935,6.1707089037288725,11.111111111111107,73.78562541870033,-86.72732814428943,-87.90647977474315,-66.81554192982443,-83.02690861448767,39.51934813306607,-0.01576273666982475,-0.0162288354161707,0.00046609874634594844,0.20988552680236933,0.22911141808408245,0.22421039613716606,0.18644644197280125,-11.761424038358541,-19.165966694845054,-17.399013073997033,-0.6685254808901496,0.209494,0.24685164253803943,0.1721363574619606,35.66464198310158,-11.596513503966705,-24.97518019493794,7.589124535138524
QNCCF,1D,1636032600,2021-11-04,0.1899,0.1899,0.1899,0.1899,500.0,94.95,2.5377969762419057,2.5377969762419057,-9.786223277909729,-34.1995841995842,6.903715376409185,5.6256369853302335,6.129050648674398,0.0,-94.77114752798357,-98.92832570049913,-99.38414744943482,-65.36820221030749,-99.11200624472896,41.329136016417145,-0.015436445568538931,-0.016070357446644347,0.0006339118781054157,0.20798214329738177,0.22757371541411842,0.22353098235227167,0.1864808057342659,-8.694084506825728,-16.554510851819213,-15.045333760163595,1.8335368362824689,0.20759900000000003,0.24489501045688278,0.1703029895431173,35.9308189893812,-8.525570932422612,-22.45656632786539,11.507144125571065
QNCCF,1D,1636119000,2021-11-05,0.1632,0.1847,0.1632,0.1846,18502.0,3415.4691999999995,-2.7909426013691556,-6.720565942395153,-12.178877259752623,-30.344879631725906,6.464437175974032,5.652304866107616,5.999852654092581,13.174019607843132,3497.1239599789355,-71.73739312316704,450.80217387798535,42.2157401295307,-68.1584027120967,39.87993590244633,-0.015427682505496892,-0.015941822458414856,0.0005141399529179635,0.20575527250715492,0.2258884716723883,0.22276007181064253,0.18646209124934782,-10.28176447163427,-18.278255356152044,-17.130570797750757,-0.9986433364933868,0.205369,0.24256538364142335,0.16817261635857664,36.22395165913391,-10.113016083245284,-23.896807850831568,9.768167967605963
QNCCF,1D,1636381800,2021-11-08,0.1898,0.19,0.1808,0.1808,25687.0,4644.2096,-2.0585048754062827,-7.23447922011288,-12.66544295237176,-28.81889763779528,6.475965699583445,5.6591948306633615,5.975051443773673,4.847207586933622,35.975742366524656,-86.04755726631167,-72.13213954183321,-39.05236745406824,-56.299025816362914,38.82865967726723,-0.015548136715301586,-0.0158630853097922,0.0003149485944906154,0.2033785798874259,0.2241202963126868,0.2219291792995407,0.18640575203293638,-11.101749210720024,-19.32903758624674,-18.53256945722677,-3.007284899634376,0.20140900000000003,0.23047207753834587,0.1723459224616542,28.859760525444074,-10.232412652860617,-21.552319078688157,4.905295940625902
QNCCF,1D,1636468200,2021-11-09,0.18,0.1897,0.1675,0.1897,110720.0,21003.584000000003,4.922566371681427,0.1583949313621936,-11.808461180846122,-27.066512879661666,6.704411758390455,5.725488156987171,6.0390054635095645,12.333333333333332,352.2531455083337,593.0960929250264,783.6712378331873,691.5306502611118,86.88269708216747,42.64234513715789,-0.014755351418535428,-0.015641538531540846,0.0008861871130054176,0.20207585799338532,0.2227704807710128,0.22129097772925277,0.18643853061967333,-6.1243624628283975,-14.845091080539593,-14.275763997890595,1.7493537250515747,0.19904400000000003,0.2234646031047547,0.17462339689524536,24.537894239218122,-4.694439420429663,-15.109597956740679,8.633781825810507
QNCCF,1D,1636554600,2021-11-10,0.19519,0.1971,0.1846,0.1971,15733.0,3100.9743,3.900896151818656,-7.76789892372485,-0.4545454545454605,-14.367641308597998,4.753899643517697,5.466035465652674,5.76111583270261,6.4040165992110305,-85.23597544114375,-48.197642216441636,-70.22531109574837,-91.98778531494601,-69.15121393670829,45.67500012342176,-0.013375757793792326,-0.015188382383991141,0.0018126245901988157,0.20160196675592004,0.22176379525058093,0.22081194846728736,0.18654461489211438,-2.233096645019632,-11.121650954211077,-10.738525986423337,5.658370312104793,0.19780900000000004,0.21988735310886878,0.1757306468911313,22.32290048366731,-0.35842656299766074,-10.363194056725265,12.160288194982545
QNCCF,1D,1636641000,2021-11-11,0.1949,0.1949,0.18,0.182,23824.0,4335.968,-7.661085743277525,-5.943152454780367,-9.000000000000007,-19.894366197183107,4.322391830817237,5.809861493546029,5.907276378989765,7.6449461262185725,39.82598952851689,314.96487702172453,-79.35253333333333,14.945288183961312,-56.94586791647015,40.92052355626941,-0.013347007714078568,-0.014820107450008627,0.0014730997359300585,0.19973511277916575,0.2202044307309503,0.22004339503229156,0.1864993948434366,-8.879316476905254,-17.34952861944416,-17.289042021328868,-2.41255198024304,0.19594600000000004,0.21671921390637275,0.17517278609362733,21.202998689815264,-7.117267002133261,-16.02036722104953,3.8974169781849692
QNCCF,1D,1636727400,2021-11-12,0.186105,0.1916,0.186105,0.1916,23775.0,4555.29,5.274725274725274,3.455723542116625,-1.3388259526261683,-15.780219780219786,4.503958458792454,5.948984297894818,5.9989622352190155,2.952634265602751,5.0582015365427075,150.85770802792686,-66.70447958869677,-39.33266854339419,-54.321591251236455,44.85096255227317,-0.012406568105025578,-0.014337399581012017,0.0019308314759864387,0.19896034013353092,0.2190826883493444,0.21948015948709768,0.18655014713355167,-3.69940065873987,-12.544436329684402,-12.702815394453292,2.7069680426642186,0.19500100000000004,0.21473341181406772,0.17526858818593236,20.23826730536528,-1.7440936200327395,-10.773084457903721,9.317934253422857
QNCCF,1D,1636986600,2021-11-15,0.1805,0.1968,0.1805,0.18329,15210.0,2787.8409,-4.3371607515657535,-3.480779357556611,-1.031317494600429,-27.923712151002754,4.716557599118382,5.932634664746028,5.5924767650614555,9.030470914127429,-38.799924922452796,2836.114691943128,-68.53441344257676,-77.46736402311784,-71.11954360642547,42.23182251191423,-0.012191277036906867,-0.013908175072190988,0.0017168980352841208,0.19746792678748035,0.21767905351211522,0.218763522665571,0.18651770785859095,-7.179863088722736,-15.798053582680266,-16.21546509826513,-1.730510146006106,0.19365550000000004,0.21271735140535697,0.1745936485946431,19.686351697067142,-5.352546145087553,-13.83401551915707,4.9809093717649295
QNCCF,1D,1637073000,2021-11-16,0.1831,0.1831,0.1831,0.1831,1065.0,195.00150000000002,-0.10366086529543113,-0.8125677139761504,-7.478524507326922,-24.619184849732395,4.6139882053961205,5.629382310495918,5.554918532503649,0.0,-93.00528591857592,-94.29063801834313,-98.38638546794895,-93.46196203802957,-97.96026037104949,42.17118518901025,-0.01189882646174939,-0.013506305350102669,0.0016074788883532788,0.19609955280772032,0.21632301219791464,0.21805731429595573,0.1864837008152219,-6.629057854337198,-15.358057314549034,-16.03125050348475,-1.8144753672465093,0.19245950000000006,0.21101197312354533,0.1739070268764548,19.279352927286276,-4.863101068016931,-13.22767268149431,5.286142422569273
QNCCF,1D,1637159400,2021-11-17,0.18305,0.216615,0.18305,0.21,830409.0,174385.88999999998,14.691425450573444,16.15044247787611,7.747562852744999,-11.690496215306988,6.770107753950858,6.8207756296905355,6.2025476917350755,18.336520076481843,89327.97363097205,3654.909985113505,423.90166537450654,4756.490511810804,1043.2675684889114,52.5572967798745,-0.00938823041042372,-0.01268269036216688,0.0032944599517431596,0.19742340492127075,0.2160750509352513,0.217897763517818,0.1867176938419361,6.370366818333714,-2.811546686651833,-3.624527113226747,12.469255419239106,0.19220450000000003,0.2096099456708209,0.17479905432917917,18.11138206526992,9.258628179881304,0.18608579279518395,20.13794971941375
QNCCF,1D,1637245800,2021-11-18,0.2191,0.23,0.2,0.202,290146.0,58609.492000000006,-3.8095238095238,6.483921982076966,6.652587117212248,-11.325724319578573,6.988382460575855,6.862436453721708,6.194488461212723,13.692377909630308,-66.39092073332309,179.04519533428197,1834.0513463569166,462.0027608469104,247.63864190871186,49.69855552265545,-0.007952427459551215,-0.011736637781643747,0.003784210322092533,0.19785927111924498,0.21552308815347676,0.21758295631944538,0.18686975658977753,2.0927646490012175,-6.274542680943205,-7.161846030149155,8.09667850289808,0.19240450000000003,0.21016012837524753,0.17464887162475254,18.456562476706615,4.987149468957315,-3.882814708162602,15.66063846894678
QNCCF,1D,1637332200,2021-11-19,0.19,0.195,0.166255,0.1747,418306.0,73078.0582,-13.514851485148524,-11.36478944698123,-18.24988301357043,-23.7783595113438,8.498348273681266,6.887388135600944,6.635111503773972,15.128947368421064,24.686387317603764,2256.616054509062,1120.7826801415613,965.8900660665204,283.2755682054147,41.41913092620708,-0.008914662441522309,-0.01117224271361946,0.0022575802720971507,0.19565362625074545,0.21392218273569336,0.2167337888675752,0.1867486644844066,-10.709551697187427,-18.334789891403375,-19.394202024151355,-6.451807576601261,0.19113950000000002,0.210113507984607,0.17216549201539302,19.85357080520457,-8.600786336680812,-16.854465152807514,1.472134720458595
QNCCF,1D,1637591400,2021-11-22,0.16,0.1654,0.1575,0.1575,47021.0,7405.8075,-9.845449341728674,-13.461538461538458,-18.6046511627907,-39.42307692307693,8.760368237885348,6.921708747238431,6.2906179215822835,4.937499999999994,-89.86589452099044,70.79940396239087,608.7575366063737,58.89699319424299,-61.34396082754884,37.212836687114276,-0.010939038425214515,-0.01112560185593847,0.00018656343072395547,0.19201994756019827,0.21170954811860734,0.21556084255336577,0.18645763299699958,-17.977271631832036,-25.605622703533992,-26.93478178393732,-15.53040898972774,0.18930450000000001,0.21319997946788108,0.16540902053211895,25.245548275800168,-16.80070996727495,-26.125696450300257,-4.781492875464542
QNCCF,1D,1637677800,2021-11-23,0.2,0.2,0.1573,0.1662,66200.0,11002.439999999999,5.523809523809515,-13.256784968684762,-10.259179265658757,-29.87341772151899,8.788937415645627,7.0706858654585485,6.257005312622406,21.35000000000001,48.56502818902596,141.53105510296817,505.89926900697503,-71.34368867769878,-39.69662591473825,40.50408970167924,-0.011706409484515068,-0.01124176338165379,-0.00046464610286127764,0.1895609049354175,0.20992485995709334,0.21458340012656646,0.18625606450946725,-12.323693508097811,-20.82881463683258,-22.547596924099803,-10.768006165215537,0.1883545,0.214253884915475,0.162455115084525,27.500680807174767,-11.762129388997884,-22.42847775405925,2.3051812887064362
QNCCF,1D,1637764200,2021-11-24,0.17,0.17,0.1499,0.1542,358820.0,55330.044,-7.220216606498185,-15.871024060232418,-18.79936808846762,-30.47790802524797,8.971895290013007,7.2144686566413165,6.281976424610413,11.823529411764708,402.8888501096121,1884.6915941293491,58172.821484992106,217.2569889657958,183.62534366286485,37.578105569833966,-0.01313148470779027,-0.011619707646881087,-0.0015117770609091828,0.18619319970347298,0.20773957133132498,0.21338768923297108,0.18593709869345265,-17.182797091636328,-25.772447198292532,-27.737162085461975,-17.068728573514196,0.18616950000000004,0.21561035425051212,0.15672864574948797,31.62801022778926,-17.17225431663083,-28.48209886022496,-1.613390926333726
QNCCF,1D,1637937000,2021-11-26,0.1385,0.1486,0.1385,0.1486,1150.0,170.89000000000001,-3.6316472114137444,-18.84216275259421,-19.50162513542794,-32.22658031560704,8.948038205997525,7.230805909609259,6.299613476572629,7.292418772563175,-99.69114429043287,-12.364776681205019,-94.99658787729662,-98.86189900065635,-99.10120949479345,36.2616327124762,-0.014545073732204872,-0.012204780863945844,-0.002340292868259028,0.1826128949698089,0.20542037245558675,0.21210476469370432,0.1855655852736173,-18.625680829074085,-27.660534238332023,-29.94028200423036,-19.92049615186532,0.18385450000000003,0.2172068033537404,0.15050219664625966,36.281193393406596,-19.1752173593793,-31.58593667160976,-1.2638995899379293
QNCCF,1D,1638196200,2021-11-29,0.15,0.1525,0.1421,0.1491,104782.0,15622.996200000001,0.3364737550471066,-28.999999999999993,-17.533185840707954,-29.168646080760084,5.883117373456066,7.23860388525357,6.281011343948925,6.933333333333329,9042.135993914213,-91.04113515147355,236.3973107501436,1.3318805396528872,-17.860919889278108,36.47561810900459,-0.01544694463472679,-0.012853213618102034,-0.0025937310166247556,0.17942119068696996,0.20321173039850493,0.2108571455908587,0.1852027436291037,-16.8994479252288,-26.628251377216277,-29.288618802936146,-19.493633259237694,0.18183950000000004,0.21833004369285153,0.14534895630714856,40.134892246020776,-18.00461395901332,-31.708894718239005,2.580715946060748
QNCCF,1D,1638282600,2021-11-30,0.1403,0.1403,0.14,0.14,88608.0,12405.12,-6.103286384976523,-30.693069306930692,-26.19926199261992,-33.39676498572787,5.894139706092258,7.139054358430171,6.3463668672933755,0.2138275124732678,-20.597049111488616,-78.83428165526499,-40.93807990103023,1900.53540615072,-36.09893119318089,34.22363364051962,-0.016703431015509168,-0.01362325709758346,-0.003080173917925708,0.1756667915739252,0.20073283901032826,0.2094540337969803,0.18475296508553052,-20.30366198093603,-30.255557242033216,-33.159558943754085,-24.22313767187029,0.17815450000000005,0.21589484100269785,0.14041415899730225,42.36810296983549,-21.41652329859758,-35.15361490353975,-0.2949552952919768
QNCCF,1D,1638369000,2021-12-01,0.1451,0.1451,0.1369,0.1449,3600.0,521.64,3.4999999999999907,-17.05781339439038,-26.48401826484018,-30.006762631629798,5.330866490631427,7.116526222200727,6.400258457332863,5.651274982770511,-95.79496208017335,-99.286187929936,-83.17819015784814,-96.86986764563811,-97.23632869809929,36.49713602636859,-0.017106621986030884,-0.014319930075272946,-0.0027866919107579387,0.1727366209478371,0.198543315911884,0.2081757360980302,0.18435641816925658,-16.115066275519645,-27.018444647963662,-30.395346395332822,-21.40224818917444,0.17572450000000003,0.21540811398612705,0.136040886013873,45.16571563569908,-17.54137869221425,-32.732338945536654,6.512096653960018
QNCCF,1D,1638455400,2021-12-02,0.1315,0.14,0.1314,0.14,126499.0,17709.86,-3.381642512077286,-11.111111111111104,-23.076923076923066,-34.913993491399346,4.466857647543038,6.9534675530732475,6.34843238708628,6.539923954372642,3295.034889962427,139.13476011900124,308.44074495014723,645.0963563195904,-8.646103997432263,35.18736038797843,-0.01761844827933387,-0.014979633716085131,-0.002638814563248739,0.16961884752423356,0.19624749960161406,0.20682572152183157,0.1839150607745376,-17.462002576100446,-28.66151146679447,-32.31015998886664,-23.87790352219891,0.17346450000000005,0.2157923841781624,0.1311366158218377,48.802935676363,-19.29184357606313,-35.12282626044241,6.758893481134301
QNCCF,1D,1638541800,2021-12-03,0.1208,0.1208,0.1208,0.1208,100.0,12.08,-13.71428571428572,-27.316486161251497,-36.951983298538615,-38.98989898989899,5.127424455296669,7.3194877146141515,6.630166286615546,0.0,-99.9317894099671,-99.89020617244903,-99.73481380987819,-99.8840112148097,-99.93655207524542,30.55955599290239,-0.019350295679735535,-0.015853766108815212,-0.003496529570920323,0.16496943347430656,0.19328877412704096,0.2051222418877359,0.18328705021956707,-26.77431360712395,-37.50283711737806,-41.108287970977685,-34.09245232803478,0.17000950000000004,0.2173865668045201,0.12263243319547998,55.7346110711696,-28.94514718295155,-44.43078899689941,-1.4942484200399233
QNCCF,1D,1638801000,2021-12-06,0.128,0.1377,0.12,0.1377,1100629.0,151556.6133,13.990066225165549,-10.700389105058376,-24.873151835888493,-31.150000000000013,7.986226785812084,8.501722364139047,7.175304625981836,13.828124999999995,1254507.7259933776,173.91377693464332,5336.343705984082,621.6981585714285,547.9236329368462,38.25699453731051,-0.019138491840395122,-0.016510711255131195,-0.0026277805852639273,0.16237234457199165,0.19110882220049033,0.20378714798896885,0.18283344772982013,-15.194917975118965,-27.946811447804166,-32.42949746396481,-24.685553048540406,0.16766450000000005,0.21653979620370536,0.11878920379629473,58.30130552824874,-17.87170211941112,-36.40891770745848,15.919625352598851
QNCCF,1D,1638887400,2021-12-07,0.1679,0.1679,0.134,0.1382,31702.0,4381.216399999999,0.36310820624546153,-6.998654104979825,-24.52211906062262,-28.836251287332654,7.940845138584879,8.508684766375437,7.170116515939451,20.190589636688497,-97.10918824022046,2463.7640587512424,2146.7603582536535,-67.97681814493995,-81.01817872222328,38.47429383928359,-0.018714560150423054,-0.016951481034189565,-0.0017630791162334888,0.16007021651751627,0.18903396642792208,0.2024883925832467,0.18238933382206074,-13.662889320277175,-26.89144569545119,-31.749174243070037,-24.228025233740873,0.16553450000000003,0.21563210532201055,0.1154368946779895,60.52829509499291,-16.512871939082206,-35.90935830560975,19.71909014488655
QNCCF,1D,1638973800,2021-12-08,0.12975,0.12975,0.1239,0.1239,41975.0,5200.702499999999,-10.347322720694642,-16.901408450704235,-41.0,-33.09935205183586,8.591981645409446,7.456558488873844,7.341335085229652,4.50867052023122,18.704533745468503,-66.71123494224496,-97.01770452873224,-41.30111418009637,-77.34800982280628,34.71162319840499,-0.019309889337477154,-0.01742316269484708,-0.0018867266426300724,0.15662543399203852,0.18647969323467023,0.20093218678951905,0.1818073504009457,-20.89407394312599,-33.55844926016612,-38.33740528102249,-31.850940170043028,0.16224450000000004,0.21417104137336632,0.11031795862663377,64.01023316459573,-23.633774950768768,-42.149041623230474,12.311722898475711
QNCCF,1D,1639060200,2021-12-09,0.1349,0.1349,0.1349,0.1349,3099.0,418.0551,8.878127522195316,-3.6428571428571574,-33.21782178217823,-31.834259727134917,9.207425302264475,8.097406375557975,7.422510435359913,0.0,-91.96156480783125,-96.62997939560441,-99.2867109307141,-96.54064309988358,-98.14776054518475,39.604574815556106,-0.01867876674229188,-0.01767428350433604,-0.0010044832379558395,0.1545563450404158,0.18445696016664395,0.19962461873428106,0.18134061059596115,-12.717915291847614,-26.866408359908306,-32.42316460999009,-25.609603079717157,0.15913450000000004,0.20977282993889051,0.10849617006110956,63.642176823869704,-15.228941555728042,-35.6923391655163,24.336186175068384
QNCCF,1D,1639146600,2021-12-10,0.1239,0.13,0.1199,0.13,17300.0,2249.0,-3.632320237212741,-10.282953761214628,-25.58672009158557,-33.29912775782452,9.146916417946445,7.517441431834372,7.43716921721034,8.151735270379337,437.9673636322102,331.1402499808297,-96.9224688567327,-93.2434049255518,-89.55686794258365,38.230125125363344,-0.01836231722478443,-0.017811890248425718,-0.0005504269763587123,0.15221764551275715,0.18232139310128537,0.19824591341281014,0.18082975874923518,-14.59597239066158,-28.697341662050135,-34.42487778837627,-28.10917799194938,0.15653450000000005,0.20754820461944445,0.10552079538055566,65.1788642368863,-16.95121522731413,-37.363948660329314,23.198464843978172
QNCCF,1D,1639405800,2021-12-13,0.116239,0.11915,0.116,0.116,35000.0,4060.0,-10.769230769230768,-17.142857142857146,-26.349206349206344,-38.75395987328405,9.753018132647902,7.591408147278902,7.6339495426252935,2.709933843202368,80.52467763450423,-77.07491758828134,-45.17815916765322,33.97571277719113,-81.17756559031119,34.54167799412511,-0.019021938631583052,-0.018053899925057185,-0.0009680387065258665,0.14876834594011362,0.1797205541561369,0.19661728146404162,0.18018468652287464,-22.026423519761686,-35.455351479040075,-41.002134127658216,-35.62161011653247,0.15275450000000007,0.20401789570297596,0.10149110429702418,67.11867172878817,-24.06115695445964,-43.142242693807006,14.295731437224335
QNCCF,1D,1639492200,2021-12-14,0.1115,0.1127,0.1089,0.1089,2949.0,321.1461,-6.120689655172421,-9.85099337748345,-34.47653429602887,-49.04071127749181,8.78342790386956,7.370210941962666,7.208264413789205,3.408071748878922,-92.08999753694582,2558.494205298013,-97.08113745678232,-94.63519411528357,-98.49799572435262,32.81267979758131,-0.019888343567034006,-0.01842078865345255,-0.0014675549135814564,0.14497136061248375,0.17694327752256292,0.19488030559346653,0.17947538615946296,-24.88171488498645,-38.45485314574123,-44.11954575483233,-39.3231560436689,0.14903500000000006,0.20167298153424879,0.09639701846575133,70.63841585432779,-26.929915791592606,-46.00169087027346,12.97029901260984
QNCCF,1D,1639578600,2021-12-15,0.108,0.11075,0.0957,0.1042,503221.0,52435.6282,-4.315886134067949,-24.32824981844589,-32.425421530479895,-46.14987080103359,6.269226640657108,7.280493925224021,7.08831794749212,13.935185185185192,16227.65529458399,-65.40195306673562,-5.231182899475016,4918.24367882094,127.05111814007317,31.682130058574998,-0.0207154318376348,-0.018879717290289,-0.0018357145473458028,0.1410883738874853,0.1740905999726585,0.19308465597775432,0.17872637734195587,-26.145580157372084,-40.14610782180947,-46.034033894435865,-41.698588899032565,0.14509000000000008,0.19874124043300298,0.09143875956699718,73.9558073375186,-28.18250740919433,-47.570016281987265,13.956051562196292
QNCCF,1D,1639751400,2021-12-17,0.1129,0.1129,0.1062,0.1062,5225.0,554.895,1.919385796545107,-23.154848046309688,-28.532974427994617,-42.65658747300216,6.4350016854321614,7.358604396883392,7.102972904990787,5.934455270150574,-98.94175960306318,-87.33468175641815,224.70887705541577,-69.44218965287469,-97.59287220697456,32.74405897845139,-0.02096781801160824,-0.019297337434552846,-0.001670480577055395,0.1377656716124867,0.17142822350314246,0.19136416774057105,0.178004721846016,-22.91258137315659,-38.04987426819292,-44.503717046979546,-40.338661301429454,0.13990000000000008,0.1871285506870569,0.09267144931294327,67.51758497077452,-24.088634739099398,-43.247569860356144,14.598401975318218
QNCCF,1D,1640010600,2021-12-20,0.1043,0.1043,0.095685,0.095685,18000.0,1722.3300000000002,-9.901129943502822,-22.772397094430985,-35.82494969818914,-49.6129541864139,6.368568301859899,7.58534948027488,7.212477979654351,8.259827420901242,210.3884518692726,-66.88274324478279,-88.97567420518223,1713.9336492890998,-92.54609372849846,30.09540465049939,-0.021765410392794185,-0.019790952026201115,-0.0019744583665930703,0.13375798860177368,0.16845790101282315,0.18946953075560924,0.1771856201361054,-28.46408577144888,-43.19945848505118,-49.49847628882289,-45.99731065844991,0.13458425000000004,0.1762642026481251,0.09290429735187498,61.93882664297649,-28.903270627878097,-45.71501271247047,2.993082911539723
QNCCF,1D,1640097000,2021-12-21,0.1,0.102,0.1,0.102,15650.0,1596.3,6.599780529863601,-24.388435878428467,-27.142857142857153,-44.7453954496208,5.760952423574122,7.893183614440082,7.373285416271285,1.999999999999988,-7.317413039313035,281.83961874882044,-87.13192617241914,-53.26264397289836,-93.07334897987077,33.57077214367294,-0.021638505159902302,-0.02016046265294135,-0.0014780425069609512,0.13073341825874762,0.16585170881624184,0.1877374608396566,0.17643750451286055,-21.97863303924207,-38.499277017994075,-45.668808162311045,-42.189161946254345,0.13094925000000007,0.1706337248327341,0.09126477516726605,60.61046524929925,-22.10722856373753,-40.222836898164886,11.762725337414016
QNCCF,1D,1640269800,2021-12-23,0.1158,0.1249,0.1158,0.1249,9875.0,1233.3875,22.45098039215687,-3.9230769230769282,-13.802622498274674,-30.91814159292035,10.832381435044347,10.040237632241146,8.550576964741197,7.858376511226249,-22.734605024118267,-45.15840373499333,136.4441952304271,-73.44246693775406,-94.62156172633732,44.37121146843932,-0.019465704704959647,-0.02002151106334501,0.000555806358385362,0.13017785461505738,0.16424575945089903,0.18649315468441585,0.17592469352268283,-4.054341370630409,-23.955418747149682,-33.02703243378768,-29.003713180323924,0.12931925000000005,0.16714199663149068,0.09149650336850942,58.495153090495975,-3.417317994034185,-25.273119552726463,36.50794883052016
QNCCF,1D,1640615400,2021-12-27,0.13045,0.13045,0.13045,0.13045,8000.0,1043.6000000000001,4.443554843875111,12.45689655172414,-6.821428571428573,-31.233526620980495,9.94761676860365,10.085870419585412,8.540188764914655,0.0,-15.387499873316365,-74.29556650246305,-94.10723743722424,-95.03132417781651,-95.3131895562773,46.63572547304297,-0.017098801730802762,-0.01943696919683656,0.002338167466033797,0.13020377322314716,0.16292043555086377,0.1853833892451205,0.17547220901001934,0.18910878752404298,-19.930241065876903,-29.632314668972636,-25.6577433338453,0.12753174999999997,0.16138433206917163,0.09367916793082831,53.08886935084271,2.288253709370443,-19.168113578654417,39.25187731846945
QNCCF,1D,1640701800,2021-12-28,0.13225,0.13225,0.13,0.13,2575.0,334.75,-0.3449597546952901,19.375573921028476,7.6158940397351,-34.04363267376966,9.45438367318312,9.349235768661366,8.4947715680214,1.7013232514177707,-67.92353392104255,4.236047082620654,2671.109271523179,-89.20500566547746,-98.49038546321555,46.47054549908357,-0.015085429865229108,-0.01856666133051507,0.0034812314652859604,0.1301843662495141,0.16162943807828087,0.1842866884679894,0.17501974921887486,-0.14161934710404087,-19.569107245774127,-29.45773724585593,-25.722668110199614,0.12632174999999995,0.15793061351563487,0.09471288648436504,50.04500573438053,2.9118105156080016,-17.685370108987627,37.25692968027119
QNCCF,1D,1640788200,2021-12-29,0.1286,0.135,0.12,0.135,129500.0,17482.5,3.8461538461538494,29.558541266794634,-1.960784313725476,-25.824175824175814,8.973931873884382,8.679137486990857,8.446175048830423,11.664074650077772,5122.554144884242,-66.65911976239087,-88.46470660742852,303.19716381670713,-22.68743039812375,48.646985852555225,-0.012937227635902382,-0.01744077459159253,0.004503546955690149,0.13064299803527465,0.16058514638893653,0.1833107144389203,0.17462154275898556,3.335044380678503,-15.932448899706708,-26.354550298268336,-22.68995115549495,0.12564174999999997,0.1558587811703517,0.09542471882964823,48.10030291738494,7.448360119148327,-13.383128633319231,41.47277734294548
QNCCF,1D,1640874600,2021-12-30,0.1252,0.1252,0.1252,0.1252,10000.0,1252.0,-7.259259259259261,17.890772128060267,-9.406657018813302,-34.65553235908141,9.832782966028999,8.889566165900556,8.453139224700529,0.0,-92.83855283855283,125.62827201542635,-71.42346130175173,-72.51547102379871,-94.43620906937134,44.80202150782745,-0.01188849679941105,-0.016330319033156234,0.0044418222337451845,0.1301246172700104,0.1591974935893704,0.18216000722230802,0.17412978611461755,-3.784539292662622,-21.355545758190512,-31.269216602958323,-28.099607313828812,0.12444674999999998,0.15268392412826579,0.09620957587173418,45.38033195445571,0.6052789646977722,-18.000535606602075,30.13257658147836
QNCCF,1D,1640961000,2021-12-31,0.1341,0.1341,0.1242,0.1305,39895.0,5206.297500000001,4.233226837060703,36.38501332497256,5.326876513317198,-28.801353047083854,8.349775608900298,8.499968836846126,8.482339463445921,7.382550335570465,315.8384584664537,202.28222814443225,0.10758161998309199,86.75016569274095,-76.94620726418037,47.23113930036923,-0.010508568117836237,-0.015165968850092235,0.004657400732255998,0.1301603680061999,0.1580721016839049,0.1811370367822623,0.17369565888959648,0.26093349227771623,-17.442737453469515,-27.955098350830976,-24.868588637009214,0.12397174999999998,0.15145598462187013,0.09648751537812983,44.339512222534815,5.265917436835431,-13.83635296696232,35.250658583731706
QNCCF,1D,1641220200,2022-01-03,0.1343,0.1343,0.1343,0.1343,2500.0,335.75,2.9118773946360137,31.666666666666675,-0.4447739065974718,-26.652102676133264,8.339265404440235,8.225199676851792,8.50752525505702,0.0,-93.55107924585562,-78.96698615548455,-19.687620124715615,72.17816273208153,-98.51358797410813,48.965276979484656,-0.009004537747738184,-0.013933682629621424,0.00492914488188324,0.1305546186722761,0.15713986240218314,0.18020957070736604,0.17330366228372984,2.8688233061487582,-14.534734887145875,-25.475656219123046,-22.50596540762866,0.12344174999999998,0.14967142351588653,0.09721207648411344,42.49724832301316,8.796254103656203,-10.270112460215199,38.15155982389445
QNCCF,1D,1641306600,2022-01-04,0.1343,0.1343,0.13,0.13,11500.0,1495.0,-3.2017870439314957,4.083266613290639,0.0,-38.095238095238095,4.1566429592367555,8.21127006737655,8.0227931566187,3.2017870439314957,345.27177959791516,21.210892764844782,-33.52601156069364,-99.1427058691503,-91.11437081732966,47.07984685919235,-0.008066570503385134,-0.012760260204374166,0.004693689700989032,0.13050179784634505,0.15607555407268575,0.1792153217824677,0.17287278007195145,-0.3845141251891969,-16.707007210457913,-27.46155925340215,-24.800191247058876,0.12294174999999999,0.148255042412288,0.09762845758771195,41.17932665231792,5.741133504281513,-12.313269157835371,33.157895978439086
QNCCF,1D,1641479400,2022-01-06,0.1343,0.1382,0.1343,0.1382,107500.0,14856.499999999998,6.307692307692296,5.940973553085457,19.137931034482744,-31.584158415841596,4.44045984694611,7.727369707788683,8.121018067050837,2.903946388682045,893.7458193979932,1323.5818321195857,265.923645320197,-74.6517168242987,-3.318825697977401,50.95796295888625,-0.006585638098226654,-0.011525335783144663,0.004939697684918009,0.13123495995621695,0.15537455195218827,0.1784031371927159,0.17252777728516586,5.307305344632816,-11.05364535980977,-22.534994521585897,-19.89695678303821,0.12381174999999997,0.14995329916507458,0.09767020083492536,42.22789705351005,11.621069890377951,-7.837973042617813,41.496586285897955
QNCCF,1D,1641565800,2022-01-07,0.1382,0.1699,0.1244,0.13435,424335.0,57009.40725,-2.78581765557163,3.3461538461538405,23.37006427915519,-23.096737263880936,4.618944795214666,7.536574088898524,7.78851262104686,32.923299565846605,283.73376804765593,16930.4427931292,17651.86036822493,-21.988338696717044,284.39704232176024,49.137247418356836,-0.005657435922125531,-0.010351755810940836,0.004694319888815305,0.13153163043657723,0.15455005971876912,0.17753079784236508,0.17214789890421894,2.142731413020648,-13.070237407560157,-24.322989795103954,-21.956642599076538,0.12364424999999997,0.14946870764677392,0.09781979235322602,41.772193444942175,8.65851020164709,-10.11496512199906,37.34439295767861
QNCCF,1D,1641825000,2022-01-10,0.1302,0.1302,0.1231,0.1234,3100.0,382.53999999999996,-8.15035355414961,-8.592592592592602,18.42610364683301,-21.650793650793652,5.268603628255773,7.817527414212447,7.726963992242056,5.453149001536104,-99.32898793646025,-97.811869011869,-99.27045786780523,-94.83459433694435,-97.37928076557446,44.290215226904735,-0.005739244064244309,-0.00942925346160153,0.003690009397357221,0.1307571894426175,0.15332848874940563,0.17645890085538757,0.17166284518377894,-5.6266041461882175,-19.51919633038296,-30.06870188932586,-28.114904615561787,0.12290424999999996,0.14785119716293,0.09795730283706992,40.5957436995548,0.40336278037580553,-16.537706580748964,25.97325204558593
QNCCF,1D,1641911400,2022-01-11,0.1255,0.1319,0.1255,0.1255,14650.0,1838.575,1.7017828200972485,0.23961661341852614,18.173258003766477,-24.48856799037304,4.68089009052462,7.816904271739504,7.657473799142682,5.099601593625489,380.6229413917499,46.85103833865815,231.33746024022565,-83.2893885356339,-87.13499993330029,45.402529376601116,-0.005570412904203514,-0.008657485350121927,0.003087072445918413,0.13025650473379677,0.15223717546511523,0.17544981370973634,0.17120351339090553,-3.651644686395942,-17.56284257339101,-28.469573522815566,-26.6954296005314,0.12298424999999998,0.14795370839921285,0.09801479160078709,40.6059449062996,2.0455871381904798,-15.17617141344482,28.04189852401032
QNCCF,1D,1641997800,2022-01-12,0.14175,0.1538,0.1308,0.13705,522973.0,71673.44965000001,9.20318725099602,5.019157088122606,43.230391388409885,-11.121919584954604,5.544383723834986,7.363734542291665,7.754400196862469,16.22574955908289,3798.315252301375,1276.6683454028512,4061.4237486428274,29.538031182480186,383.10252488608853,51.17647257855754,-0.004453289768511143,-0.007816646233799771,0.0033633564652886284,0.130903504282959,0.15164159995667933,0.1746894213590485,0.17086367743676717,4.695440164653531,-9.622425482748683,-21.54648007087171,-19.789857004149315,0.12309174999999999,0.14828301183322318,0.09790048816677678,40.93086958829198,11.339712044064708,-7.57538688643387,39.98908745636764
QNCCF,1D,1642084200,2022-01-13,0.1412,0.1412,0.1348,0.1348,2100.0,283.08,-1.641736592484496,0.37230081906180224,32.15686274509805,-9.286675639300139,5.532038408801646,7.370178522103345,7.732379281799562,4.5325779036827125,-99.60504203246481,-15.68726731198809,-82.26649126104117,65.65041839779973,-98.0924289199935,50.06569913872822,-0.0037067882830711107,-0.006994674643654039,0.0032878863605829284,0.13127459911315337,0.1509811450564174,0.17389953182718615,0.1705048348752073,2.6855163989553557,-10.717328346112998,-22.48397762567962,-20.94065831114977,0.12333174999999999,0.14887076158522,0.09779273841477998,41.415145062354206,9.298700456289653,-9.451662257511387,37.84254555615032
QNCCF,1D,1642170600,2022-01-14,0.1527,0.16,0.14622,0.1565,240188.0,37589.422,16.097922848664687,20.384615384615383,25.300240192153726,4.963112005365519,7.578191373215573,6.219040805800068,8.257267682220315,9.0242305173543,13178.727568178607,2414.342608695652,2947.657123166888,140.60315651872205,141.39066252289325,59.25170087463709,-0.0013486257143295322,-0.005865464857789137,0.004516839143459605,0.133677018245234,0.15119757074047946,0.1735549866424894,0.1703654832844092,17.073227735298996,3.5069540029990347,-9.826849099773444,-8.138669299145578,0.12535674999999996,0.15442759902011008,0.09628590097988983,46.380987095007065,24.843696091355312,1.3419887332574834,62.53677683577622
QNCCF,1D,1642516200,2022-01-18,0.1799,0.2044,0.1759,0.19958,275247.0,54933.79626,27.52715654952077,44.413892908827805,52.99348409352241,42.55714285714285,11.525998580762375,9.093857176433106,9.478286282286136,15.84213451917732,46.14163596343675,269.76270494396397,5163.87468953622,342.83163935536294,223.33681926779116,70.75419031431238,0.003950887702369205,-0.003902194345757469,0.007853082048126674,0.13995349269806887,0.15309492090751947,0.17407033344164802,0.17065617499302205,42.60451536609196,30.36356713660078,14.654804212748498,16.948595624014555,0.12989075,0.1724411775272292,0.08734032247277079,65.5172558896291,53.65220387133034,15.738017370291654,128.5084304127925
QNCCF,1D,1642602600,2022-01-19,0.225,0.225,0.1838,0.1963,140458.0,27571.9054,-1.6434512476200047,46.11090435429848,51.0,35.472739820565906,11.408026309005697,9.138706308436413,9.489125747559559,18.311111111111117,-49.80884759993101,-51.636218073465415,8136.566213592234,5185.619469365846,54.107666654759775,69.15360072351952,0.007796251345624672,-0.0015625052074810407,0.009358756553105713,0.1453198267268242,0.15478923773467557,0.1745105248586451,0.17091133743090242,35.08136117517508,26.817602355842133,12.48605215015229,14.85487326395883,0.13449575,0.1842526545736368,0.0847388454263632,73.99030017474425,45.95256727443061,6.538492188479419,131.65290842979655
QNCCF,1D,1642689000,2022-01-20,0.2186,0.2186,0.1944,0.212355,186400.0,39582.971999999994,8.17880794701986,72.08670988654781,57.29999999999998,51.682142857142836,9.80027771789457,9.22264712630113,9.520091550513492,11.070448307410796,43.56270060320168,10247.407329952423,126.41482625482622,123.50810226619518,112.57818460433985,72.44005313687232,0.012000895210333373,0.0011501748760818424,0.01085072033425153,0.15170412894331714,0.15704671860782554,0.17525992040599866,0.17132371218283374,39.9797101628951,35.217724943549676,21.165751706419044,23.949567339154058,0.1398035,0.1982444392549435,0.08136256074505649,83.60440082679405,51.895338814836535,7.117758661018591,160.99842243829877
QNCCF,1D,1642775400,2022-01-21,0.1905,0.1965,0.1783,0.1839,113134.0,20805.3426,-13.399731581549753,46.53386454183268,46.884984025559106,52.235099337748345,12.379659899770145,9.856549409098601,9.503126648629033,9.553805774278226,-47.43865468211936,1031.6015174795696,1561.7685782747603,172129.6572847682,7.72413536370672,60.19838326379953,0.012888454987978859,0.003497830898461246,0.009390624089517612,0.15477040237728693,0.15809978846634218,0.1754310110910284,0.17144884937504434,18.821168114368067,16.318941210443448,4.827532405075849,7.26231215335763,0.14421425,0.2019822028177172,0.08644629718228278,80.11407030542019,27.518605130907677,-8.952374301034745,112.73322975560649
QNCCF,1D,1643034600,2022-01-24,0.1999,0.1999,0.1461,0.16131,198375.0,31999.87125,-12.28384991843393,17.701568770521707,23.60919540229885,17.14596949891069,13.862233233049674,10.62540272657848,9.553401274630778,26.913456728364178,53.806028889906386,-55.3532425099341,514.6377776145139,-78.88586281176818,108.76315079519144,52.59894851952881,0.011634908318179982,0.005125246382404993,0.006509661935774989,0.1553932211984977,0.1582256791147209,0.17515138710902783,0.17134796530166083,3.80761706068522,1.9493175207311493,-7.902527828918575,-5.858234315177784,0.14717975,0.20198854459311244,0.09237095540688754,74.4787167978101,9.600675364647659,-20.13903544631982,74.63281535785879
QNCCF,1D,1643121000,2022-01-25,0.15425,0.1668,0.146,0.1575,130950.0,20624.625,-2.3619118467547007,16.83976261127596,17.274758004467607,13.965267727930545,13.900865647196825,10.681812823701861,9.571602825827116,13.484602917341986,-35.547787555551494,7185.793768545995,6042.851824274013,370.75111377744327,29.961787535501074,51.419928023359745,0.010216261687218703,0.006143449443367735,0.0040728122438509675,0.15559386679864076,0.15819722111022205,0.17480185469102727,0.1712101746021418,1.2250696255438076,-0.44072905031389326,-9.89798118653222,-8.007803644848504,0.14880975,0.2028041980919102,0.0948153019080898,72.56842793151685,5.8398391234445395,-22.338885742088276,66.11242787865007
QNCCF,1D,1643207400,2022-01-26,0.165,0.1835,0.151,0.1665,142290.0,23691.285,5.71428571428572,6.389776357827481,28.076923076923077,34.382566585956425,12.963438359570013,10.637351672004089,9.37632475119396,19.696969696969695,14.868924889543445,-36.9735320750609,1484.701337792642,355.540092900911,43.70448633446756,54.04064678537005,0.009706310489887543,0.0068560216526716965,0.0028502888372158464,0.15663254615115116,0.15852282028237022,0.1746374615288287,0.17116330719316528,6.299746822302634,5.032196439238443,-4.6596311338878325,-2.72447831818447,0.15061224999999998,0.20444139921072038,0.09678310078927957,71.48043961991195,10.548776742927641,-18.55856952515458,72.03416571919011
QNCCF,1D,1643293800,2022-01-27,0.16553,0.16553,0.146,0.1491,63600.0,9482.76,-10.450450450450449,-25.293115542639537,7.887120115774255,10.5263157894737,8.0095786209553,11.05580070884503,9.504002090876229,11.79846553494836,-59.973635874964145,-82.73783964407195,-36.17096893615589,2168.3038671218223,-43.51556352018503,48.58376152069497,0.007808128663033931,0.007046443054744144,0.0007616856082897873,0.15591516080342246,0.1581532979183557,0.17413176922132714,0.1709437717982084,-4.3710699897972045,-5.724381367645787,-14.375188016100001,-12.778337326026717,0.15156725,0.20457115188231426,0.09856334811768572,69.9411012369945,-1.627825272280111,-27.115823209631095,51.27327028498766
QNCCF,1D,1643380200,2022-01-28,0.1488,0.1536,0.144,0.1447,34979.0,5061.4613,-2.9510395707578905,-26.286296484971984,7.703758838853739,11.307692307692301,7.97345026941134,11.060053028981102,9.49428286303479,6.451612903225805,-46.62459769096761,-81.64268581887707,-91.12170860187288,125.05385949310805,-70.01862614925668,47.283525345373164,0.005880970494837712,0.0068133485427628575,-0.0009323780479251458,0.15484705025071557,0.15762571760783195,0.17354896191001373,0.17068263974051479,-6.5529503043721595,-8.200259325696301,-16.622952734786228,-15.222778239202094,0.15205224999999994,0.20461658947792027,0.09948791052207961,69.13983775698202,-4.835344429299765,-29.282371302736305,45.44480755567415
QNCCF,1D,1643639400,2022-01-31,0.15178,0.15178,0.149725,0.151,58000.0,8758.0,4.353835521769177,-28.892656165383436,22.366288492706644,30.172413793103438,7.219933136425327,10.777442853238437,9.266157838381304,1.3539333245486898,73.03303297014244,-77.874324343306,2189.4337847022534,115.71428571428572,-48.599121326128135,49.37276321499603,0.00480663323491376,0.006412005481193038,-0.001605372246279278,0.15448066451255218,0.1573658855447797,0.17310244781278575,0.17048679257891763,-2.2531392673219446,-4.045276727380818,-12.768420141978613,-11.430089266238781,0.15334224999999996,0.20445356151467386,0.10223093848532605,66.663051461256,-1.527465522385359,-26.144597882603993,47.70479684256652
QNCCF,1D,1643725800,2022-02-01,0.168,0.2101,0.168,0.198,181350.0,35907.3,31.125827814569547,7.6672104404567705,57.76892430278885,81.81818181818184,13.470218158586484,13.126694120083783,10.590752219778654,25.05952380952381,309.99429093400323,72.5869200538904,1852.9962063010757,11080.985850365303,97.02412096538737,61.59971007668983,0.007659427310643813,0.006661489847083193,0.0009979374635606195,0.15862536313040435,0.15895938022929815,0.17359546864817613,0.17076055583683886,24.82240928723748,24.560123293375927,14.058276717628072,15.951836201088707,0.15671724999999997,0.21020849147699336,0.10322600852300659,68.26465047975688,26.342186326010726,-5.807801288716983,91.81212451498652
QNCCF,1D,1643812200,2022-02-02,0.2063,0.2063,0.1824,0.1841,32000.0,5891.200000000001,-7.020202020202018,14.12807637468229,34.33053630062022,76.67946257197697,12.788322796808293,13.339836804578624,10.659927681799045,11.585070285991277,-83.59330832449112,-81.5899259282176,-91.78049887542981,-88.76489096777902,-64.66695460948854,57.19993042735277,0.008698403554470574,0.007068872588560669,0.0016295309659099047,0.16105151902274678,0.15994528688697274,0.17380347916999442,0.17089328662453201,14.311247181715736,15.101859881683474,5.924231712263213,7.728046921166857,0.15920724999999997,0.21292846456882755,0.10548603543117238,67.48588970518314,15.635437456522899,-13.539037454294398,74.52547083364578
QNCCF,1D,1643898600,2022-02-03,0.1724,0.174,0.1697,0.1697,15748.0,2672.4356,-7.8218359587181,7.746031746031738,25.890207715133524,59.79284369114877,13.227957123025549,13.584364918383457,10.81804939430791,2.4941995359628764,-54.63682102118415,-87.04250089395565,844.0566624275823,381.611043530758,-84.03937485642491,52.97827802655164,0.008264571226363676,0.007308012316121271,0.0009565589102424055,0.1618751838777233,0.16032782465611106,0.1737222221567272,0.17088141312578045,4.833857750665095,5.845632449633376,-2.315318159526231,-0.6913643234626463,0.16119224999999998,0.21336134875347681,0.10902315124652315,64.72904094765951,5.278014296593049,-20.46356990549599,55.6550127745568
QNCCF,1D,1643985000,2022-02-04,0.1647,0.1734,0.1647,0.1726,23000.0,3969.8,1.7088980553918762,3.6636636636636597,10.287539936102238,80.38355019072999,13.134729097805662,13.050882346680616,10.586419172162465,5.2823315118397,48.54614270218525,-83.24362735073257,-89.43905016682618,130.4900919103772,-76.39671280240586,53.71909177475527,0.008061829986663216,0.00745877585022966,0.0006030541364335559,0.16289659493698774,0.16080908643430278,0.1736999999358019,0.17089851349268811,5.9567881494182044,7.332243362077867,-0.6332757260843117,0.9956122335638027,0.16291224999999995,0.2141965546628306,0.11162794533716931,62.95942099238167,5.946606225130433,-19.419805667886788,54.62078019860187
QNCCF,1D,1644244200,2022-02-07,0.172,0.2022,0.172,0.1854,8930.0,1655.622,7.41599073001159,24.346076458752513,-7.104920332698667,81.76470588235296,12.318219288919002,11.059332436074861,10.597955564269832,17.558139534883725,-58.29457403395637,-82.54071599407767,-96.98615039790079,3.716218755872964,-90.15730574281463,56.94347142318759,0.008832197049727958,0.00773346009012932,0.0010987369595986379,0.16503977637156034,0.16177343598589874,0.17393168310538998,0.1710428068907708,12.336555511685816,14.604724113148412,6.5935755291122335,8.393918089988905,0.16546474999999997,0.21588298315775764,0.11504651684224229,60.941358395377485,12.048034400076178,-14.12014171375519,61.152206158688
QNCCF,1D,1644330600,2022-02-08,0.184992,0.184992,0.184992,0.184992,1000.0,184.992,-0.22006472491910434,27.84519695922598,-5.760570555272548,48.11208967173739,12.139213911197576,11.04992415070531,9.93829623876489,0.0,-88.82643501958782,-96.34508713916276,-99.32905616308985,-85.00130737501394,-98.8979305294281,56.80761326639343,0.009302562161249028,0.008047280504353261,0.0012552816568957674,0.16693998814569744,0.16268396790802037,0.17415069928152088,0.17118160483215616,10.813473784691777,13.712495692625549,6.225240991397775,8.067686467471164,0.16854434999999998,0.21572948060393055,0.12135921939606943,55.99135254777815,9.758648094700304,-14.248159555143586,52.433412904756615
QNCCF,1D,1644417000,2022-02-09,0.1734,0.1734,0.1734,0.1734,11000.0,1907.4,-6.266216917488319,14.834437086092716,-18.34428198064561,32.924492142583354,12.679351323977391,10.92501537575458,10.027955987558823,0.0,931.0716139076286,-78.22105503539622,-95.18126127568188,82.77117669605211,-88.65633266908135,52.942774600377376,0.008640351782398026,0.008165894759962215,0.0004744570224358112,0.16755522736991674,0.16310420446064702,0.17413583394921353,0.1712036784159158,3.4882663595923393,6.312403517370452,-0.42256319823761107,1.2828705576924215,0.17093935,0.21380710832849195,0.12807159167150803,50.155518116211354,1.4394871631371062,-18.898861054895665,35.39302333709978
QNCCF,1D,1644503400,2022-02-10,0.1719,0.1775,0.1719,0.1775,15500.0,2751.25,2.36447520184544,-10.353535353535362,-3.4801522566612375,36.538461538461526,5.337963209664734,10.376219335525509,10.023876528444141,3.257707969749851,44.240851420782214,-92.33790900457566,-86.77623313927067,721.882001493652,-83.71580644279742,54.13141459917867,0.008350125966689714,0.008202741001307714,0.00014738496538200044,0.16850234857278182,0.1636687454621903,0.17420245109873406,0.1712663283819266,5.339778052607846,8.450761016558845,1.8929405874989425,3.639753170963185,0.17296184999999997,0.21296426862825313,0.13295943137174682,46.25577100181707,2.6237866905332123,-16.652684911269773,33.499367565524814
QNCCF,1D,1644589800,2022-02-11,0.1705,0.1754,0.1705,0.175,100000.0,17500.0,-1.4084507042253533,-4.942965779467694,8.486764614716993,29.629629629629612,4.831947215243044,9.800971475021072,10.027394262850253,2.8739002932551245,536.0745115856429,197.05323193916345,-45.31227996737643,0.10010010010010009,3.576028513276084,53.24819289499424,0.007828152738238003,0.008127823348693771,-0.0002996706104557677,0.16912117251823117,0.16411310838524165,0.17421824414628387,0.17130347934330045,3.476103786552857,6.633773329795374,0.44872215165922147,2.1578783284906495,0.17497184999999996,0.21093848103642088,0.13900521896357904,41.11133423624535,0.016088302204058724,-17.0374228826535,25.894553675608396
QNCCF,1D,1644849000,2022-02-14,0.1751,0.1896,0.1585,0.1585,122500.0,19416.25,-9.428571428571422,-6.59988214496169,0.6349206349206354,26.597444089456868,5.193972710751224,10.137966634026172,10.09667451699894,17.761279268989142,10.95,626.5376198401189,-5.858894404140681,1450.8186900958467,10.941908676944236,47.714679264340624,0.0060137503200694276,0.007705008742968903,-0.0016912584228994752,0.16810963227839962,0.1638929864877812,0.17390699178695151,0.1711760815388895,-5.716288917035693,-3.2905535516513753,-8.85932855754654,-7.405287832815366,0.17507184999999997,0.21084308240971703,0.13930061759028292,40.864630618476994,-9.465742208127677,-24.82561050212796,13.782697264262781
QNCCF,1D,1644935400,2022-02-15,0.1775,0.1775,0.1706,0.1736,7000.0,1215.2,9.526813880126184,0.5793742757821557,4.264264264264261,33.02681992337165,6.335626375644365,10.323655415701147,10.192886086322963,3.887323943661966,-93.74132492113564,-69.38888608997935,-94.8706876811452,-76.65903648418094,-93.00332090105375,52.57211998742763,0.005728235601332593,0.00730965411464164,-0.0015814185133090474,0.16863252444236157,0.1642736536843388,0.17390091274166536,0.17120020013054232,2.9457399004521885,5.677323238687021,-0.17303689608137296,1.4017506215692521,0.17377284999999995,0.2077306892909507,0.1398150107090492,39.08302049595292,-0.09946893315034351,-16.430258527254367,24.16406444459411
QNCCF,1D,1645021800,2022-02-16,0.1662,0.1662,0.1662,0.1662,5000.0,830.9999999999999,-4.262672811059918,-10.355987055016193,11.468812877263565,23.752792256142953,5.748169786861206,9.959391562970778,10.239530743948803,0.0,-31.6161948650428,-49.80738356943796,-91.23672854738494,147.5055845122859,-95.21994798935619,50.114953839455914,0.004848949304871147,0.006817513152687542,-0.0019685638478163948,0.16840085544785094,0.16434919667710982,0.17374841942004823,0.17115044689541256,-1.3069146483834198,1.126140778483006,-4.344453575603152,-2.892453385434464,0.17226784999999994,0.20473398409862703,0.13980171590137286,37.692621227497874,-3.522334550526961,-18.82148890340744,18.882661009147096
QNCCF,1D,1645108200,2022-02-17,0.15608,0.1619,0.153,0.1575,63300.0,9969.75,-5.234657039711183,-14.861183186299943,8.845888044229444,21.15384615384615,5.869547548745241,10.044747235197518,10.275085303975626,5.702203997949764,1099.7292418772565,5289.287104307214,96.97374748276748,566.8729096989966,-43.56928334787587,47.315004734510055,0.0034107740092974292,0.00613616532400952,-0.0027253913147120903,0.1673626787385318,0.16408060072898786,0.1734266685404433,0.17101462155316965,-5.8929976580621775,-4.01059034386219,-9.183517549222362,-7.902611736019229,0.16952509999999993,0.19684141587092335,0.1422087841290765,32.226868907227825,-7.0934038676278215,-19.986350787438482,10.752652140703454
QNCCF,1D,1645194600,2022-02-18,0.1598,0.1598,0.1598,0.1598,2000.0,319.6,1.4603174603174582,-7.843137254901962,5.827814569536425,15.629522431259051,5.706783253851845,10.004525063924318,10.230407804980805,0.0,-96.79430276586675,-83.24420677361854,-96.35076501484356,-97.84875307104635,-98.13998708718161,48.13991983386385,0.002428605056818911,0.005394653270571398,-0.002966048213752487,0.1666424236205764,0.16391273403373344,0.17315683351984046,0.17090303327900877,-4.106051431510465,-2.509099770666405,-7.713720127776548,-6.496685907781666,0.16832009999999994,0.1951148938368638,0.14152530616313608,31.837901518432886,-5.061843475615776,-18.099537735130927,12.912668647258533
QNCCF,1D,1645626600,2022-02-23,0.1505,0.1505,0.1414,0.1414,7525.0,1064.035,-11.514392991239049,-20.338028169014084,-28.585858585858592,5.247487904726461,6.543865660763503,6.023114419463087,10.454698346143909,6.046511627906975,232.9270963704631,-61.32539754656974,-97.03671676789955,-98.13357996280516,-93.05361821124885,42.41793734555286,0.0001636167885600004,0.004348445974169118,-0.004184829185609118,0.1642383832757596,0.16302988171868507,0.17252798533132876,0.17060947075881963,-13.905630839907557,-13.267433853634481,-18.042281819699856,-17.12066195909564,0.16732459999999993,0.19646403980518576,0.1381851601948141,34.829833515437464,-15.4935974746092,-28.02754125375178,2.3264725392029004
QNCCF,1D,1645713000,2022-02-24,0.14011,0.14355,0.13405,0.14355,8185.0,1174.95675,1.5205091937765298,-17.97142857142856,-22.02607278652906,16.329011345218813,6.722200606452255,5.935167347337324,10.325836658386622,6.780386838912289,10.424633588180837,-93.28596142857143,-80.0557314299294,207.1461154389084,-92.34268754398376,43.26650412813139,-0.001441301276754653,0.003190496523984364,-0.004631797800739017,0.16226806105902059,0.16226596478854055,0.17195416383961928,0.17034022229355775,-11.53527128928495,-11.534128437180616,-16.51845073441297,-15.727478767397935,0.16662709999999994,0.1973012372357892,0.13595296276421068,36.817705206163076,-13.84954788266731,-27.24323374189113,5.587989464389398
QNCCF,1D,1645799400,2022-02-25,0.1543,0.2106,0.1542,0.18,117730.0,21191.399999999998,25.39184952978055,13.564668769716082,6.069534472598706,43.426294820717125,11.195417156847077,8.876453119716732,11.216750096031461,36.55217109526896,1703.589791709354,9.142599626601418,692.9620455587404,1052.599159675292,32.534561696511346,55.29472373230252,0.00022540167807583167,0.0025974775548026573,-0.0023720758767268257,0.16395681714863766,0.16296141714977425,0.17211348732794365,0.17043633948466663,9.785005058263682,10.455593200055423,4.582158431912684,5.611280167275453,0.16730209999999993,0.19852458957338368,0.13607961042661618,37.32468340012918,7.589803116637552,-9.331131026736692,32.27551095692534
QNCCF,1D,1646058600,2022-02-28,0.164805,0.164805,0.164805,0.164805,2500.0,412.01250000000005,-8.44166666666666,-5.0662442396313345,-4.516222479721898,20.251732944180954,11.329094308560846,9.1810778079983,11.275039303219916,0.0,-98.0557561086101,-66.09508722843977,-89.62132853040457,-99.42515324431577,-96.97360227293943,50.489125016900815,0.00031651764920426206,0.0021412855736829784,-0.0018247679244787164,0.16403759646781502,0.16303371451644977,0.17196876480659823,0.17038030625596348,0.46782173642464864,1.0864534914166601,-4.16573603622427,-3.272271530952441,0.1680873499999999,0.19820978678240647,0.13796491321759335,35.84140838963381,-1.9527644406315572,-16.85324792719647,19.454284539776733
QNCCF,1D,1646145000,2022-03-01,0.1612,0.1715,0.1612,0.17,16300.0,2771.0,3.1522101877977033,2.2864019253911105,-8.306364617044226,26.11275964391692,11.241758067179749,9.001118166288363,11.267584027539048,6.389578163771715,572.552410424441,233.45367027677503,67.36912169565275,878.8752296170694,-79.76912734794422,52.02428895924404,0.000798713721749833,0.0018727712032963494,-0.0010740574815465164,0.1646054444232612,0.16330690218247135,0.1719297793648834,0.1703765221141131,3.277264367311831,4.098478219891843,-1.1224229868799276,-0.2209941307881111,0.1693523499999999,0.1975001441535405,0.1412045558464593,33.241693018774896,0.38242752462549884,-13.924113458955928,20.392716071322678
QNCCF,1D,1646231400,2022-03-02,0.1787,0.1787,0.1787,0.1787,6000.0,1072.2,5.11764705882352,13.460317460317459,-3.4012281612177784,14.185303514376995,11.015465135827052,9.106320769892479,10.956991558761088,0.0,-61.30638758570913,-89.2454675393064,479.59263103269336,-97.14760179073784,-91.4084111213763,54.56504322301066,0.0018614176108183167,0.001870500484800743,-9.082873982426245e-06,0.16594778304961727,0.1639105530772764,0.17206384313983622,0.17045934278959457,7.684475632054633,9.022876590350501,3.85679916190793,4.8343828361330905,0.17073734999999993,0.1978434263982927,0.14363127360170716,31.751782955859138,4.663683722395875,-9.676048755723478,24.415801321611355
QNCCF,1D,1646404200,2022-03-04,0.17422,0.18555,0.17422,0.1797,39654.0,7125.8238,0.559597090095132,12.453066332916146,3.633217993079585,-9.960917927648065,11.03075097355048,8.931256473410569,9.78717111033969,6.503271725404648,564.5983771684388,2129.6069461827283,273.5883296634162,-87.02834268676119,-34.54168512354778,54.860952827281935,0.002752579716375464,0.002046916331115687,0.0007056633852597768,0.16725751799727276,0.16452974707424595,0.17221505416677016,0.17055128962750904,7.439116729527292,9.22037090284245,4.346278476898741,5.364198882618897,0.16982234999999993,0.19429286040967625,0.1453518395903236,28.818951580491415,5.816460554220381,-7.510754836233545,23.631046229952926
QNCCF,1D,1646663400,2022-03-07,0.173755,0.1762,0.17,0.17,31100.0,5287.0,-5.397885364496376,20.226308345120238,-4.2253521126760445,-13.39786041772796,10.109167692619588,9.046495262330598,9.832512822775158,3.568242640499544,-25.80506972400861,396.88215143298856,92.16719672875966,-80.82468395528443,-47.87650313142826,51.36630296994567,0.002645626041625354,0.0021666582732176205,0.00047896776840773356,0.16751870675943725,0.16474426679682455,0.17217119170802223,0.1705458041585786,1.4812036748385267,3.190237393606686,-1.2610656210733817,-0.3200337652816558,0.16911734999999992,0.19269814374639663,0.1455365562536032,27.886900718816516,0.5219156993650246,-11.779119043444892,16.80914017490443
QNCCF,1D,1646749800,2022-03-08,0.18656,0.22,0.183,0.22,48500.0,10670.0,29.411764705882344,53.256704980842905,25.714285714285722,3.6001036001036066,13.588006966998947,11.760662063280495,11.08259206573699,19.8327615780446,101.81577454132777,808.1185328736568,-39.02857142857143,-73.04396446027347,16.23787023508322,64.07108845238959,0.006520284831588952,0.003037383584891887,0.0034829012466970647,0.17251692516330036,0.1669111582949883,0.17311829682271485,0.1710378857092395,27.523719653450414,31.806646270578163,27.080732676855803,28.626473069244422,0.17163234999999993,0.2040128047792348,0.13925189522076506,37.73234449010911,28.180963553782306,7.836368525037028,57.98707777098454
QNCCF,1D,1646836200,2022-03-09,0.2498,0.2499,0.2219,0.24574,103569.0,25451.046059999997,11.699999999999994,36.52222222222222,55.04100946372239,33.62697117998911,11.66552089003828,11.514964698695085,10.934628948900734,11.208967173739001,138.52901649484534,20.100824202270733,31.08116170733276,22.329377359063518,172.6612702777121,68.61633030881751,0.011535014255844328,0.004736909719082375,0.006798104536761953,0.17949055133822414,0.17000248542067503,0.1745563503509779,0.17178119032904807,36.90971372467305,44.550827825787806,40.77975364740048,43.05407916273214,0.1752893499999999,0.22104086083964458,0.12953783916035522,52.20113011959335,40.19106123674948,11.174015096816667,89.70518698848899
QNCCF,1D,1646922600,2022-03-10,0.2182,0.2439,0.2182,0.2266,237385.0,53791.441,-7.788719785138761,37.49582840326446,30.529953917050683,40.47486206682784,11.558529107401657,11.759150439952533,10.77413208820058,11.778185151237397,111.35257416606163,12955.778890203572,4326.550444371297,68.0989294605365,434.6692421458963,62.30456451017185,0.013805642559681475,0.006550656287202195,0.007254986272479279,0.18397716549648852,0.17222199579633482,0.17558691767076054,0.17232665112179385,23.167459064002703,31.5743665332802,29.05289471787018,31.494460389558565,0.1773493499999999,0.22816605843443236,0.12653264156556746,57.306901248222765,27.770414721001295,-0.6863678345402963,79.0842245892567
QNCCF,1D,1647009000,2022-03-11,0.22665,0.2683,0.22,0.2596,234163.0,60788.7148,14.563106796116507,52.70588235294117,56.197352587244296,64.82539682539682,11.945795054897339,11.977789219923535,10.989462079172405,21.310390469887487,13.008154587269754,2093.7464741970407,7215.128134777377,194.73852154887666,433.2578289393395,67.80360940512954,0.018059774221551833,0.008852479874072124,0.00920729434747971,0.19117934021110866,0.17564858419647855,0.17725054306341875,0.17319504265292027,35.78873099642369,47.79509962324224,46.45935381259583,49.888816691037576,0.1810797499999999,0.24327320773270783,0.11888629226729197,68.6917866108253,43.36224784935927,6.711298962782183,118.35990932944691
QNCCF,1D,1647264600,2022-03-14,0.2615,0.32,0.2615,0.30844,128234.0,39552.494959999996,18.813559322033896,72.60212646894236,95.83492063492062,85.24924924924923,12.60045160447875,12.266541848886227,11.372803815961905,22.370936902485656,-34.93447741059991,3588.910180936392,296.72504285463526,66.94955533226668,231.5879918859465,73.87741684733052,0.025083042341575018,0.012098592367572703,0.012984449974002315,0.20234702209576497,0.18085609069857744,0.17984835409186592,0.1745407636215479,52.43120299246327,70.54443608098296,71.50004044098725,76.71516590175015,0.1878317499999999,0.2710062599940487,0.10465724000595111,88.56278024780032,64.21078970940756,13.81286912220158,194.71444114373855
QNCCF,1D,1647351000,2022-03-15,0.3007,0.33129,0.3007,0.3287,90717.0,29818.6779,6.568538451562703,82.91597106288258,105.69461827284105,120.45606975184438,12.20578216144977,12.21352295553339,11.126176563805528,10.172929830395725,-24.60986865643734,318.4593772863145,9229.99934292866,214.45146666160485,136.54224325683234,75.90780327549243,0.03191593853428179,0.016062061600914522,0.01585387693336727,0.21438063903902543,0.1866538910633391,0.18279591143658144,0.17607468637158227,53.32541290734938,76.1013382187993,79.81802624400491,86.68214425003843,0.1953917499999999,0.29852665424075686,0.0922568457592429,105.56730695206633,68.22614056120597,10.107421006001301,256.2879234542534
QNCCF,1D,1647437400,2022-03-16,0.2982,0.3245,0.2772,0.2772,136350.0,37796.22,-15.667782172193487,63.058823529411754,96.03960396039605,91.56876295784382,14.359127726536917,12.676425239215954,11.586440512328414,15.86183769282361,26.753507069473404,614.8897295252507,3452.1594684385377,646.7452136796937,175.94066202016415,62.59031836250276,0.032797370724758246,0.019409123425683267,0.013388247299074979,0.220363435321023,0.19020471886477677,0.18466529932892636,0.1770809083977357,25.79219397091814,45.737709166443565,50.10941471264212,56.53861418950375,0.20050174999999992,0.3090729862126823,0.09193051378731751,108.29953974235383,38.253157391394396,-10.312446455850903,201.53209046705206
QNCCF,1D,1647523800,2022-03-17,0.28725,0.3417,0.28725,0.3417,134577.0,45984.9609,23.26839826839827,55.31818181818182,138.0355276907001,126.29139072847684,13.176655836425713,13.384439328823516,12.154050503483012,18.9556135770235,21.665502264512156,330.9743289597001,3813.7577532109162,425.06235327700387,207.8362075969806,69.74872869868287,0.03825949143553317,0.023179197027653246,0.015080294407879925,0.23191929862378272,0.19614571028184435,0.18777489736201694,0.178718909309201,47.33573360546528,74.20722559214106,81.97320557775419,91.19409430192187,0.2096617499999999,0.3324894777032759,0.08683402229672389,117.1675116737088,62.97679476585508,2.7701695585518196,293.50935377882615
QNCCF,1D,1647610200,2022-03-18,0.35,0.38,0.3454,0.3454,51150.0,17667.21,1.0828211881767575,40.55505819158461,91.88888888888889,74.44444444444443,13.1997991644309,12.460902216057923,11.016028056826919,9.885714285714291,-61.58046097196964,-30.583560462111702,-16.630283983125228,-50.7977207977208,23.28721718311092,70.10215523348563,0.04239808183359858,0.027022973988842312,0.01537510784475627,0.24272698446913674,0.20199881968255634,0.19089618652316512,0.18037742762453235,42.29979446060244,70.99109813750417,80.93603978730395,91.48737430659735,0.2182517499999999,0.3532198307922751,0.08328366920772473,123.68109835753916,58.25760847278435,-2.2138708279020345,314.7271647440378
QNCCF,1D,1647869400,2022-03-21,0.349355,0.36255,0.30249,0.3418,177479.0,60662.3222,-1.0422698320787471,50.838481906443064,107.39662024817207,85.65996740901683,12.391481460940735,12.007198300345433,10.896550518815573,17.19168181362797,243.36107512165194,12.773186723144308,14623.417906010132,929.7107923682779,275.48261389138446,69.25436553113822,0.04487021867728405,0.03059242292653066,0.014277795750753393,0.25216250975779037,0.20748121891069138,0.19388438084943907,0.181983622374537,35.547508758660875,64.73780219458082,76.290631820118,87.81909907065591,0.22703174999999992,0.369926768502221,0.08413673149777884,125.88108799956052,50.551629893175786,-7.603334199388207,306.2434966457228
QNCCF,1D,1647955800,2022-03-22,0.3281,0.35,0.3275,0.34485,332350.0,114610.89749999999,0.8923346986541829,32.83898305084745,102.85294117647057,103.21154979375369,12.087328482742064,12.059800364520628,10.728711320017753,6.857665345931108,88.93259167055096,88.53976083731908,4036.0843558282204,4188.630846707774,476.30747678913326,69.58991489852237,0.04653904134766684,0.0337817466107579,0.012757294736908946,0.26098988978085796,0.21286822993380153,0.19687379905044028,0.18360418334593465,32.13155509186803,62.00162894540091,75.16297326677142,87.82251782915907,0.2363992499999999,0.3843089563845037,0.0884895436154961,125.13551238805019,45.87609732264385,-10.267508921916653,289.70706132064464
QNCCF,1D,1648042200,2022-03-23,0.359895,0.359895,0.3371,0.3385,20545.0,6954.4825,-1.841380310279822,9.745817663078729,89.42361499720202,96.11819235225957,10.766140667811044,12.222592900503773,10.761039796084066,6.333791800386226,-93.93209315021724,-82.41708264666194,548.6180283529192,75.18470703813793,-65.20427203500918,67.92773260229973,0.046809611344717006,0.036387319557549716,0.01042229178716729,0.2683718050398239,0.21779496601482892,0.19967827827716422,0.18514543525294028,26.130984568132913,55.42140674498083,69.52269566855126,82.82924423038097,0.2453342499999999,0.3952321083994784,0.09543639160052136,122.19888450102552,37.97502794656685,-14.354124372440097,254.68650304476813
QNCCF,1D,1648128600,2022-03-24,0.3263,0.3263,0.2606,0.2677,267694.0,71661.6838,-20.91580502215658,-18.557955582598115,48.97050639955481,44.39050701186623,13.103503055197718,13.954437124662974,11.531019877753192,20.134845234446825,930.4387680895021,140.32481936430858,905.6617425763461,4228.384365513383,221.0629632477786,52.78817430078615,0.04084029027295044,0.03727791370062986,0.003562376572320579,0.2683078236074597,0.21975202617111014,0.20102524306375502,0.1859668737081349,-0.226539651094543,21.819127069870614,33.167355462467526,43.95036850495261,0.25164924999999994,0.3939497445274261,0.10934875547257378,113.09431244275609,6.378222863767749,-32.0471700467461,144.8130285919376
QNCCF,1D,1648215000,2022-03-25,0.2766,0.3184,0.2599,0.2688,77199.0,20751.0912,0.41090773253641755,-3.030303030303037,58.11764705882351,45.30358069538142,11.862379278885522,13.758821718657558,11.527771737851717,21.149674620390453,-71.04297568849478,-45.0974430776411,292.49274068469833,11117.291126102751,-9.800103311447222,52.96358030451333,0.035785804643811925,0.036979491889266275,-0.0011936872454543501,0.2683546975496064,0.22167547612518426,0.20236731745853215,0.18679108391999424,0.1659380120637822,21.25833885576212,32.82777247619582,43.90408490542917,0.2579117499999999,0.3913819533891838,0.12444154661081594,103.50067679288281,4.221695987096402,-31.32028759315081,116.00502992835433
QNCCF,1D,1648474200,2022-03-28,0.2685,0.2685,0.23047,0.23423,49764.0,11656.22172,-12.860863095238093,-31.45156570090723,6.468181818181814,35.080738177623985,7.9432768073658755,12.484360840251227,11.74202373862257,14.163873370577285,-43.82839144381959,-74.65210040006797,9.242940206185562,511.1052595155709,-50.03897875573856,47.04765092632676,0.02866020132019842,0.0353156337754527,-0.0066554324552542815,0.2651047263544058,0.2221678103947849,0.20299826166727408,0.18726311293571568,-11.646237612954083,5.429314707554163,15.385224521733365,25.0806933239475,0.2606232499999999,0.3897859503540497,0.13146054964595008,99.11832528682675,-10.126974473689486,-39.908044456901386,78.17512602132646
QNCCF,1D,1648560600,2022-03-29,0.2522,0.2611,0.2473,0.2473,30060.0,7433.838,5.579985484352986,-28.401852924145913,0.6348172865630365,39.32394366197183,8.558898283133631,12.2142287690382,11.76256233235417,5.47184773988898,-36.224291382130644,-57.9229657653925,-70.79162097119712,170.19856428895957,-68.34875737308467,49.35108954738161,0.02379347277525684,0.033011201575413526,-0.009217728800156685,0.2634090381301767,0.2231533864577345,0.2038755238124766,0.18786049489655432,-6.115598099642887,10.820635046396166,21.299504411066508,31.64023662142279,0.2647479999999999,0.38646169398716046,0.14303430601283929,91.94682791723498,-6.590418057926742,-36.00918180309583,72.89558490800202
QNCCF,1D,1648647000,2022-03-30,0.2827,0.2827,0.2827,0.2827,500.0,141.35,14.314597654670447,-17.290813341135163,24.757281553398062,61.54285714285715,10.780712360152034,12.429911636256133,11.957757992442561,0.0,-98.09855958658233,-99.76698880808755,-99.73722585345874,-99.19228571428572,-99.38296923551111,55.05397979552841,0.022533289752578844,0.03091561921084659,-0.008382329458267744,0.2652462725939694,0.22548854777311747,0.2054364045290612,0.1888041715642503,6.580197050590883,25.3722208031814,37.60949557506933,49.731861143648956,0.27038299999999993,0.38420843021662654,0.15655756978337332,84.19570033369453,4.5553899468531975,-26.420146522915566,80.57255257038567
QNCCF,1D,1648733400,2022-03-31,0.2797,0.325,0.2797,0.3206,56900.0,18242.14,13.406437920056593,-7.032042917210379,23.49768875192604,102.27129337539431,12.08121153983817,12.352186338747982,11.913781300843565,16.19592420450483,12805.652635302442,-84.08341580258544,-69.99091022072406,-6.047048219918885,-20.231874199817025,60.218465386937694,0.024312539068115147,0.0295950031823003,-0.005282464114185155,0.27051805615644847,0.22921840864475992,0.2077168717661095,0.19011557284221797,18.51334604244963,39.866602292341284,54.344708387962626,68.63426557175016,0.2774779999999999,0.38507942835483283,0.16987657164516695,77.55672763594445,15.540691514282257,-16.744448964803706,88.72525910733565
QNCCF,1D,1648819800,2022-04-01,0.35,0.3676,0.3386,0.3676,371600.0,136600.16,14.66001247660636,8.596750369276206,19.18039164829464,111.7511520737327,13.111076658054335,11.99642220488597,12.04161806200343,8.285714285714278,648.8165313937949,1864.2030877207612,245.3642055656557,11140.96115865701,398.8722611383909,65.5109583105979,0.029178759596605208,0.029511754465161282,-0.00033299486855607394,0.27976395557012,0.23464513771751444,0.21088287430539446,0.19188158704279293,31.39648360021302,56.66209987378805,74.31477127329569,91.5764850944342,0.2868729999999999,0.39145450316380176,0.182291496836198,72.91136019339703,28.140326904239902,-6.093812428010313,101.65504501305125
QNCCF,1D,1649079000,2022-04-04,0.3715,0.3715,0.34,0.3571,53870.0,19236.977,-2.856365614798697,33.39559208068733,8.640097353209608,114.86161251504213,9.651713864121362,11.98502605820449,12.015065729235527,8.479138627187071,-85.91731005293113,-73.15584008088852,-35.48682116452923,2214.9190132370636,-31.28503429983198,63.47913527339869,0.03182119722323867,0.029973643016776762,0.0018475542064619113,0.2871292931348705,0.2394472891795727,0.21377826293301042,0.19352555135082483,24.369059005157926,49.13511914189767,67.04224045075195,84.5234376067716,0.2962279999999999,0.3902584917779348,0.20219750822206492,63.485215292230976,20.54903655292549,-8.496545873190815,76.60949590328889
QNCCF,1D,1649165400,2022-04-05,0.36,0.36,0.3522,0.3522,36002.0,12679.904400000001,-1.37216465975916,31.026785714285726,27.05627705627706,123.61904761904763,9.783256694294158,11.068415276389008,11.94364899993524,2.1666666666666594,-34.085774495649694,-38.895240362106826,-66.45192455753512,27.183774919130382,-54.8527488152057,62.50486994393017,0.03313796519597728,0.030606507452616866,0.0025314577433604157,0.2933265033125019,0.2438689641137071,0.21651928742938645,0.19510440158614,20.070977570266113,44.42182148105659,62.66449247153706,80.5187361928896,0.3028379999999999,0.39301225543912366,0.2126637445608761,59.55280079720762,16.299803855526765,-10.384473988864027,65.61356084801795
QNCCF,1D,1649251800,2022-04-06,0.34834,0.357,0.325,0.325,75449.0,24520.925,-7.722884724588303,38.7525082184178,-4.887328065554578,103.37922403003756,8.578505468480751,9.671937704167734,12.106162370207741,9.186427054027666,93.38414728111039,110.36769537359143,-46.67620778601119,7572.379536921151,-15.130110340355971,57.25202473235111,0.03162217981625992,0.030809641925345476,0.000812537890914445,0.29634302680654934,0.24705057336414996,0.21866742035157682,0.19639689510269584,9.67020331210889,31.552012033161088,48.6275365015328,65.48123117224316,0.30680099999999993,0.3934887695871811,0.22011323041281877,56.510747740184144,5.93185810998011,-17.40552078755243,47.651279021469
QNCCF,1D,1649338200,2022-04-07,0.3185,0.3185,0.309555,0.309555,2550.0,789.3652500000001,-4.752307692307689,25.17387788111607,-10.377822814128535,118.92149929278644,9.239944307911964,9.7470719473687,11.893040882293208,2.8084772370486593,-96.78085043692275,-89.38145746517479,-95.53203222240523,-25.813976983839815,-97.2670452761392,54.453615898202536,0.02884215218467212,0.030416143977210805,-0.0015739917925386843,0.29760130996783035,0.24950172734986956,0.22046717440402086,0.19752284639520634,4.016679238899125,24.06928131840922,40.408657586693494,56.71857997663635,0.3109487499999999,0.38944098463980553,0.23245651536019424,50.48564089085785,-0.44822498884458,-20.512988563258734,33.16684177268197
QNCCF,1D,1649424600,2022-04-08,0.3193,0.3193,0.3193,0.3193,1000.0,319.29999999999995,3.148067387055595,12.946586487442508,-6.582796957284969,122.43120863810515,8.165672534493217,9.783731957462528,11.888396315841574,0.0,-59.549777495272316,125.893172974885,-99.47364362520233,-72.82453162637688,-98.89342099741252,55.91769069506462,0.02711276128032647,0.029755467437833936,-0.002642706157507467,0.29966785187565603,0.25223891451261976,0.22242426005938679,0.1987345593663983,6.55130271781375,26.5863360603802,43.554484530935426,60.66657003089251,0.3139337499999999,0.3888470321918133,0.23902046780818648,47.725535844306926,1.7093574679371282,-17.88544760128365,33.58688606376492
QNCCF,1D,1649683800,2022-04-11,0.3171,0.3171,0.3026,0.309,21600.0,6674.4,-3.2258064516128964,-3.618215845290081,-10.395824271422356,71.66666666666667,6.833303147185497,9.814534561119858,11.212790798815716,4.572690003153584,1990.3225806451615,-63.41218738590977,-94.17646999928607,-68.50420453580226,-76.47439940354575,53.94394090949848,0.024627195628428022,0.028729813075952754,-0.004102617447524732,0.3005566278874983,0.25446483943369347,0.22413863114731972,0.19983172792991674,2.809245023757096,21.431314710383354,37.861107841291044,54.630099634813654,0.31396174999999993,0.38886721597378693,0.23905628402621296,47.716300456209716,-1.5803676721766053,-20.53842872143037,29.258262864203804
QNCCF,1D,1649770200,2022-04-12,0.3225,0.3225,0.2853,0.3047,147504.0,44944.4688,-1.3915857605177897,-17.11099020674645,-9.985228951255538,84.88516731895271,3.101652850924804,9.810131120631228,11.055343804839735,11.534883720930237,573.385904350953,-67.0977919791602,546.2661858736435,10808.52068808592,50.54145644083442,53.1012591337478,0.02205614338687306,0.027395079138136817,-0.005338935751263756,0.3009512347553556,0.25643484573041136,0.22573390577806587,0.20087519332364892,1.2456387652610192,18.821605204282406,34.98193767114942,51.686226137972746,0.3127617499999999,0.38745299200835237,0.23807050799164745,47.76238910822854,-2.577601001401185,-21.358201824537318,27.987293583920202
QNCCF,1D,1649856600,2022-04-13,0.324,0.33174,0.324,0.3317,7000.0,2321.9,8.861174926156865,-7.112853542425085,23.907358983937243,95.11764705882352,5.055830199952865,8.195280879962711,11.11116450256234,2.3888888888888795,-94.83384705171997,-87.93001623903797,-96.75991425699657,-16.207145434861058,-92.2188965087018,57.58201196642228,0.02194428031002088,0.02630491937251363,-0.00436063906249275,0.3038796885881789,0.25938642040765014,0.22783224427751012,0.20217693269356285,9.15504143796972,27.87870678761913,45.58957668694787,64.06421621934174,0.3154867499999999,0.38875258776051524,0.2422209122394846,46.44622175765881,5.139122324471653,-14.67580912815983,36.94110757540502
QNCCF,1D,1650288600,2022-04-18,0.3091,0.3091,0.2984,0.2984,17300.0,5162.32,-10.039192041000904,-15.275411697898925,11.011904761904768,66.98377168438724,5.989463270805139,8.751347041579914,11.338862464779396,3.4616628922678707,122.33171109866919,-59.28739021092305,-75.12265764607116,381.46987502331655,-82.77882145711676,51.09780057551678,0.018950150773341612,0.024833965652679226,-0.005883814879337614,0.30335781348454277,0.26091636470538937,0.22922962557894555,0.2031343761493483,-1.6343121107033534,14.366149603891207,30.175146099181894,46.897834653358025,0.3133217499999999,0.3859171947107408,0.240726305289259,46.33923097310731,-4.7624366964629505,-22.67771322714402,23.95820209238859
QNCCF,1D,1650375000,2022-04-19,0.30345,0.304055,0.2676,0.2676,44124.0,11807.5824,-10.321715817694368,-17.661538461538463,14.246680613072627,48.91485809682805,6.389912614730966,8.481777914322258,11.562031451369418,12.013511286867693,128.72627810751754,-51.846912789790764,1.2985398153527898,65.70129617855551,-60.81463898817516,45.94439809640519,0.013931386597614615,0.022653449841666305,-0.00872206324405169,0.29995230743839585,0.26117846805027606,0.22998943497342186,0.2037758251428871,-10.785817156962645,2.4586758616287696,16.353170758006563,31.320778513525603,0.3094317499999999,0.38306505124848544,0.23579844875151437,47.59259594303788,-13.518893907945746,-30.142413376569277,13.486751680032583
QNCCF,1D,1650461400,2022-04-20,0.31,0.3201,0.31,0.3201,22100.0,7074.21,19.618834080717484,3.4065028831709943,29.437929640113225,88.29411764705881,9.90438472496289,9.673876448630356,11.896931648569453,3.258064516129031,-40.087566104980134,796.1896916541486,-4.837716398985284,33.80385852090032,-76.56941986723378,54.3885986734861,0.01402857835056226,0.020928475543445495,-0.006899897192883236,0.30187113530140575,0.26348911636202993,0.23177380259771055,0.20493327961907729,6.038624620533357,21.485093737301693,38.10879245727227,56.19717822063382,0.3083467499999999,0.38066808670466995,0.23602541329532983,46.90909614235926,3.8116990044487604,-15.910996697671667,35.62098908369276
QNCCF,1D,1650547800,2022-04-21,0.3215,0.3215,0.29,0.29,53464.0,15504.56,-9.403311465167139,-9.176323207015345,2.5822426600636623,31.818181818181806,10.464438499734886,9.49827286127939,11.01199673321602,9.797822706065327,119.17019709621283,4755.7970560601325,10868.914043155288,45.30984067478913,-48.91979376707629,49.60419198968727,0.011543716295457862,0.01905152369384797,-0.007507807398390107,0.30074055098698615,0.2645287588576366,0.23292679660567667,0.2057797146477432,-3.5713677293392165,9.628911900679737,24.50263525967041,40.927399231953615,0.3056042499999999,0.37632280281855096,0.23488569718144886,46.28113176996136,-5.106031738760156,-22.938499121503586,23.464307737722915
QNCCF,1D,1650634200,2022-04-22,0.2797,0.2797,0.2797,0.2797,3030.0,847.491,-3.5517241379310263,-9.48220064724919,-12.757330006238302,13.819484007487596,10.475655458155176,8.848882080351236,10.881706953406171,0.0,-94.5339242132637,-87.30236425746133,-95.3542128281002,-96.67011329120986,-97.13038293643011,48.046653542133356,0.00864368230589796,0.016969955416257967,-0.008326273110360008,0.2987366889882256,0.2651237094906705,0.233852998653089,0.20651523987512885,-6.372397395411948,5.497920400001964,19.605051725217805,35.43794645330917,0.30266424999999986,0.3725521550533805,0.2327763449466192,46.181803799676175,-7.58736785067938,-24.923263439471004,20.158257517163715
QNCCF,1D,1650893400,2022-04-25,0.2749,0.2749,0.273,0.273,6402.0,1747.746,-2.39542366821594,-10.403675746636036,-25.73449401523394,20.476610767872916,10.488408353500423,7.773306845673045,10.778849252241393,0.6911604219716105,106.2259068237893,-96.11132126674507,-98.72053883392229,-96.7508845877544,-93.71279420867404,47.01256761322213,0.005738599467286609,0.014723684226463696,-0.008985084759177087,0.2962855757512517,0.26543258362829125,0.2346281867985724,0.20717677977686885,-7.859166175136793,2.850974913579597,16.35430666920242,31.771523958439424,0.30292924999999987,0.3723232854983788,0.23353521450162099,45.8153417000035,-9.879947215397609,-26.676624687985367,16.898858522300117
QNCCF,1D,1650979800,2022-04-26,0.2668,0.268,0.26,0.26,2466.0,641.16,-4.761904761904765,-21.615917998191133,-27.19126295155418,0.15408320493066696,9.706720746430008,7.806966467057939,10.535352457113015,2.9985007496251903,-63.31503547998394,-72.38640768336278,-96.66704389156364,-98.94526475496403,-97.51426087476938,44.989288304329484,0.0023601032322801974,0.012250968027626995,-0.009890864795346798,0.29282980663208485,0.2652195411330641,0.2351305989411749,0.20770238395819354,-11.211224366012932,-1.968007753412633,10.576845876638513,25.17911207621621,0.3024892499999999,0.37284819202409714,0.23213030797590262,46.519961964993655,-14.046532232137137,-30.266525207343303,12.006054817706328
QNCCF,1D,1651066200,2022-04-27,0.2536,0.2739,0.2536,0.2696,9100.0,2453.36,3.692307692307691,-9.651474530831097,-23.452583759227714,-12.592400466865513,9.46627375257869,7.941567992014987,9.997512201850691,8.004731861198733,282.64395782643965,-52.47563111159324,-80.65158913974146,-93.79720545446976,-90.00948715894668,46.80976993901388,0.00045204945006965813,0.009891184312115529,-0.00943913486204587,0.29061744409569584,0.26539132383372827,0.23581316133837937,0.20831828063522645,-7.231996744412601,1.585837888547005,14.327800225339548,29.4173507854936,0.3042577499999998,0.36923733036760764,0.23927816963239204,42.713508771827726,-11.390917733401974,-26.984630797869237,12.6722092592868
QNCCF,1D,1651152600,2022-04-28,0.2646,0.2811,0.2076,0.263,28989.0,7624.107,-2.4480712166172087,-1.7189835575485775,-19.076923076923077,-19.98783084879829,8.73331170392696,7.764777111562755,9.932229651908163,27.77777777777778,210.76185313203112,-35.430414612224084,-68.90775123695374,-74.43177385138192,-67.98890760879334,45.69027987685965,-0.001574511769041942,0.0075980450958840345,-0.009172556864925976,0.2879872113246772,0.265297546428484,0.23635151457920353,0.2088623773453237,-8.676500324351752,-0.8660262634970719,11.274937445711325,25.920236733285662,0.3050427499999998,0.36758461033969925,0.2425008896603004,41.00530849508763,-13.78257637658978,-28.451846839574845,8.453210364883667
QNCCF,1D,1651239000,2022-04-29,0.279,0.279,0.2527,0.2527,3120.0,788.424,-3.916349809885943,-21.055920024992194,-18.36668766455074,-8.838383838383846,3.5907224558259894,7.740500265543853,9.54063588989554,9.426523297491055,-89.65880200789417,-88.85495341529301,-0.11924137780325163,-97.91401362358458,-96.50884710703168,43.924765884173304,-0.003965982675536328,0.005285239541599962,-0.00925122221713629,0.2846265245318508,0.264803524999916,0.23667524696377376,0.209298572595619,-11.216988502516777,-4.570756752546951,6.77077693666842,20.736609364382,0.30354274999999986,0.36950180771575525,0.2375836922842445,43.45948484406589,-16.7497823617925,-31.610618751182617,6.362519064511535
QNCCF,1D,1651498200,2022-05-02,0.25189,0.25189,0.2278,0.2378,59277.0,14096.070600000001,-5.896319746735247,-17.99999999999999,-25.524585029752572,-30.40678958150424,2.8702993382150988,7.732035534390175,8.570709412580063,9.563698439795148,1687.8794405040942,-9.08435582822085,4314.679173191357,-69.34634644867123,-34.49940286182029,41.43072479786361,-0.006983049822498755,0.0028315816687802184,-0.009814631491278973,0.28016685552881737,0.2637445632352134,0.2366975193011248,0.2095821688881999,-15.122008436311837,-9.83700399999352,0.46577619492186434,13.463851081173193,0.2994027499999999,0.3707348660120058,0.228070633987994,47.64960643281061,-20.575211817526693,-35.8571254551766,4.265944212931067
QNCCF,1D,1651584600,2022-05-03,0.225,0.2252,0.225,0.2252,1689.0,380.3628,-5.298570227081581,-19.485162674293882,-27.11974110032362,-34.800231615518236,3.0017407835987293,7.777658519894175,8.59961370607906,0.08888888888889143,-97.3016395079633,-55.11895701547274,-94.30116864437252,-97.84706923164438,-98.18393114949717,39.393728695827434,-0.010272398159036245,0.00021078570321692545,-0.01048318386225317,0.27493191690702523,0.2622330117357933,0.23646984565159757,0.2097375701927949,-18.088811756200446,-14.12217763532572,-4.7658700924607365,7.372274692126803,0.29228274999999987,0.3633920307919637,0.22117346920803604,48.65787036146598,-22.951320254103223,-38.028360305753786,1.8205306479036176
QNCCF,1D,1651671000,2022-05-04,0.2201,0.2242,0.2081,0.2242,30890.0,6925.5380000000005,-0.44404973357016025,-17.87545787545788,-26.419428946504762,-34.40608543007606,3.1330060671885738,7.7863113434430975,8.600296596623002,7.314856883234895,1720.7716422321007,296.25540553375606,-84.59090031563572,-88.58346045974481,-63.84110349046698,39.228879168959594,-0.012812230637417099,-0.0023938175649098796,-0.01041841307250722,0.27010030577302285,0.26074152107948767,0.23622687841097187,0.20988147496699594,-16.993800003912206,-14.014461880947565,-5.091240459965056,6.822195734642931,0.28563774999999986,0.3561125873871858,0.2151629126128139,49.34560462486908,-21.508974216468193,-37.04238267875743,4.200113893907159
QNCCF,1D,1651757400,2022-05-05,0.2428,0.2428,0.2252,0.2374,17020.0,4040.548,5.887600356824259,-8.692307692307695,-28.429303587579135,-31.158474699144556,4.183813549611689,7.526671043352419,8.683809036687206,7.248764415156499,-41.657269081477864,530.1933994634725,74.01903613420042,-96.47455164549253,-73.87698823714207,42.6409732971675,-0.013603128098969963,-0.004635679671721897,-0.008967448427248066,0.26698599093749686,0.25982616731166464,0.23625010854144768,0.21015529113647857,-11.081476909559324,-8.631219689571981,0.4867263196836095,12.964084185645476,0.27989774999999983,0.3463370590327584,0.21345844096724126,47.473985791424624,-15.183312477502895,-31.454057887133168,11.216028246188198
QNCCF,1D,1651843800,2022-05-06,0.2255,0.2255,0.2164,0.2164,2000.0,432.8,-8.845829823083399,-19.732937685459937,-27.479892761394098,-36.07090103397341,4.383609943360936,7.442464012170855,8.80040603551602,4.035476718403546,-89.28858164783588,-82.3588874033978,-91.61617257357156,-93.77667569082243,-97.16196724394541,38.89906636439991,-0.0157429693796855,-0.006857137613314618,-0.008885831766370884,0.2621682775148781,0.25812318035826604,0.23585703708518138,0.2102174275430808,-17.457595537004174,-16.164057912333057,-8.24950458364078,2.941037062996216,0.27446774999999984,0.3429936023825155,0.20594189761748422,49.93362781785159,-21.156492884865298,-36.90844421096081,5.078181032370906
QNCCF,1D,1652103000,2022-05-09,0.2129,0.2129,0.1925,0.19525,7597.0,1483.3142500000001,-9.773567467652496,-25.76045627376426,-27.03662182361734,-27.0638774747852,4.964201958194153,7.399934084094173,8.168480289847178,9.58196336308126,242.72510397412202,-80.54441982516771,-87.43761254632447,-97.93011527033084,-88.51098843168259,35.51845178558089,-0.018927255632329498,-0.009271161217117595,-0.009656094415211904,0.25579510822774687,0.2556575654422556,0.23505293734092036,0.21006849791578644,-23.669376888099283,-23.628311306867865,-16.933605591658804,-7.054126660022562,0.26875249999999984,0.3434117490921275,0.19409325090787216,55.559854581540804,-27.349513027785743,-43.144053598579696,0.595975948013208
QNCCF,1D,1652189400,2022-05-10,0.1891,0.1926,0.1137,0.1926,274030.0,52778.178,-1.3572343149808006,-23.783142065690537,-39.831302717900655,-28.348214285714285,5.053353195573435,4.388512049309027,8.166462821020664,41.7239555790587,3458.1251916106103,6594.136403762443,646.0646206431531,154.33928987792217,277.5724727663152,35.10676448194518,-0.021417767589445663,-0.011700482491583208,-0.009717285097862455,0.24977652649177098,0.2531847197386377,0.23421228511634767,0.20989468201612688,-22.891072790082497,-23.929058515529395,-17.76690966303339,-8.239695189036794,0.26241749999999986,0.3402783070533585,0.1845566929466412,59.34116974162065,-26.605504587155927,-43.39927171149388,4.3581768425403355
QNCCF,1D,1652275800,2022-05-11,0.1938,0.1938,0.1938,0.1938,400.0,77.52,0.623052959501561,-18.50294365012616,-33.172413793103445,-17.260812022371173,5.157898736214756,4.1738822508071864,7.8544122471362305,0.0,-99.85312111380578,-99.45005950807312,-99.50001805920323,-99.33494744813416,-99.42967852390218,35.4715058581927,-0.023029219777050136,-0.013966229948676594,-0.009062989828373542,0.24444542873064995,0.2508559071998676,0.23341204184671702,0.20973453592641417,-20.71850105507812,-22.744494174661288,-16.970864713454013,-7.597478334233345,0.25665749999999987,0.33689016962403967,0.17642483037596007,62.5211962432735,-24.490809736711338,-42.4738334703338,9.84848311148355
QNCCF,1D,1652362200,2022-05-12,0.174675,0.174675,0.174675,0.174675,10000.0,1746.75,-9.86842105263158,-22.43561278863233,-37.54915981408652,-29.36716538617064,5.700561857226434,4.559838420129543,7.955642489608887,0.0,2153.2894736842104,359.2326063432071,106.10838345185967,-76.50271636266488,-86.96724089376761,32.35065140298104,-0.025554953316887813,-0.01628397462231884,-0.009270978694568974,0.23780062599439758,0.24786842064301007,0.23224893210717806,0.20938568482266876,-26.54560968055853,-29.529143104690263,-24.789751059268117,-16.577391549983776,0.2501562499999999,0.3347188065410026,0.16559369345899724,67.60779036382478,-30.17364147407868,-47.81440523013978,5.484089611934033
QNCCF,1D,1652448600,2022-05-13,0.19,0.19,0.1875,0.1875,5300.0,993.75,7.342206955775013,-16.36931311329171,-31.318681318681325,-33.67527414220021,6.818288808823426,5.310444304174911,7.60334660231213,1.3157894736842117,-43.10863031343924,-85.65093426676744,-43.141051388474075,603.0420940926778,-92.60117006492598,36.39217438396767,-0.02621950291856248,-0.018271080281567566,-0.007948422636994915,0.23301009018540733,0.24550103159818615,0.2313628146397092,0.209167916814483,-19.531381730806043,-23.625575510052023,-18.958454800964784,-10.35910150298092,0.24294624999999992,0.32293483711560167,0.1629576628843982,65.84879339821195,-22.82243500362732,-41.938750964523464,15.060560320512256
QNCCF,1D,1652707800,2022-05-16,0.1788,0.1788,0.17695,0.17695,2000.0,353.9,-5.626666666666669,-25.46335299073294,-31.942307692307697,-44.80661260137243,5.986511604786082,5.341280140095948,7.148571974109759,1.0346756152125227,-64.3874213836478,-91.24128707294159,-44.803169255724,-98.05998638317652,-97.2426749333265,34.56292990326979,-0.027282959125930817,-0.020073456050440218,-0.007209503075490599,0.2276710339772733,0.24281275584923767,0.23028533316169517,0.2088473405277717,-22.278211281957113,-27.12491591262686,-23.160542805496732,-15.273041278459626,0.2368737499999999,0.3175381806293063,0.15620931937069357,68.1075303863821,-25.297758827223337,-44.27441775684568,13.277492477953645
QNCCF,1D,1652794200,2022-05-17,0.177,0.177,0.177,0.177,10020.0,1773.54,0.028256569652441083,-18.20702402957487,-34.34718100890208,-51.849836779107726,5.745952214573568,5.11308921831927,6.482894218224623,0.0,401.14156541395874,309.7828096118299,-27.70975315485702,-98.7016559863473,-78.73627226884882,34.579713244323756,-0.02780124579408627,-0.021619013999169427,-0.006182231794916844,0.222845221217533,0.24023186346299305,0.2292301780495824,0.20853045156729635,-20.572674148924495,-26.32118094223322,-22.78503576360921,-15.120310405658403,0.2323437499999999,0.3157273183378334,0.1489601816621664,71.77603730492731,-23.819771351714834,-43.93896577216449,18.82370041775753
QNCCF,1D,1652880600,2022-05-18,0.1942,0.1942,0.1942,0.1942,19000.0,3689.8,9.717514124293798,-0.5377720870678593,-26.15969581749049,-45.61747409689162,6.319006860681547,6.051499202356158,6.8245164461807,0.0,108.04718247121579,148.75376205682645,-51.603512385122606,-80.81923162875331,-52.83059379885855,40.256330270828656,-0.02651840776151193,-0.022598892751637928,-0.003919515009874003,0.22011710491110129,0.23842669234679725,0.22853651115751147,0.2083878600094128,-11.774234865376963,-18.5493880368346,-15.024518832286768,-6.8083908576881305,0.2260487499999999,0.3005139675095874,0.1515835324904124,65.8842108258396,-14.089328076355171,-35.377379757297184,28.114180220917522
QNCCF,1D,1652967000,2022-05-19,0.214115,0.2395,0.2027,0.2395,41295.0,9890.1525,23.32646755921729,24.35098650051921,-5.2235852789869375,-31.99886428165815,10.202899960969596,8.84473079921338,8.179669847159477,17.18702566377881,168.04034093988832,-81.26090578572077,1154.4205275334086,-22.001363827317192,27.95413179980403,52.055912864124316,-0.02159745593813875,-0.022398605388938092,0.0008011494507993433,0.22196309491956784,0.23846878284300127,0.22875360994647165,0.20869743354165746,7.90082021823806,0.4324327673855888,4.6978012963568085,14.759437112193394,0.22352374999999994,0.29235543506400286,0.154692064935997,61.58780448520835,7.147450774246609,-18.079169642401784,54.82371387251946
QNCCF,1D,1653053400,2022-05-20,0.227,0.227,0.22,0.22,10500.0,2310.0,-8.141962421711895,13.519091847265221,-7.485281749369221,-32.30769230769231,11.003817944987274,8.969451764566427,8.191557058928014,3.083700440528637,-76.64343396120536,2879.876160990712,-83.61245438143592,-90.57947446925432,-66.94847402454293,47.689556985423835,-0.019051440054434515,-0.021729172322037377,0.002677732267602862,0.2217761334986566,0.2377445168491581,0.22858027113565044,0.20880989688950166,-0.80086773569229,-7.463691312139269,-3.7537234044833614,5.35899077447461,0.22053874999999992,0.2843626414416075,0.15671485855839234,57.87997931575073,-0.24428813530498447,-22.634000414159207,40.38234920655431
QNCCF,1D,1653312600,2022-05-23,0.23515,0.23515,0.23515,0.23515,900.0,211.635,6.886363636363635,34.621439816802635,4.418294849023084,-24.03611636058213,9.835840600279212,9.020963234744187,8.278563456331458,0.0,-90.83831168831168,-87.88407041648776,-44.35970079092908,-73.18921753902899,-96.96355561338618,51.11994653196946,-0.015631040828689796,-0.02050954602336786,0.004878505194678064,0.22304983507021311,0.23764277109036758,0.22871036477652865,0.20907198746771558,5.424870601665279,-1.0489572558551181,2.8156289417681073,12.473221710924488,0.21864624999999988,0.27824007576030996,0.1590524242396898,54.51163764328007,7.548151408954021,-15.486653258903626,47.84433567993419
QNCCF,1D,1653399000,2022-05-24,0.2273,0.2273,0.2273,0.2273,1500.0,340.95,-3.3382947055071215,21.22666666666667,1.3826940231935734,-28.8130284998434,10.145176397587809,9.077721547003458,8.262908314121193,0.0,61.102842157488126,-65.69056603773585,-95.0769167680547,6.7804572502349005,-95.1087082443568,49.31535500752506,-0.013399320172295032,-0.019087500853153295,0.005688180680858263,0.22345461268257377,0.23723717222407864,0.22868243676115185,0.20925336072674328,1.720880706494413,-4.188707920819693,-0.6045224901096106,8.624300804813934,0.21701124999999988,0.27370059748919023,0.16032190251080952,52.245537951779355,4.741113651942067,-16.953049395890638,41.77725965089178
QNCCF,1D,1653485400,2022-05-25,0.216955,0.216955,0.216955,0.216955,5000.0,1084.775,-4.551253849538052,22.60808137892061,-8.612047177759052,-29.788025889967635,10.016701208365038,9.03234756006646,8.27927719107482,0.0,218.1624871682065,206.52020344730153,-73.15277531661548,-83.74722821527028,-84.01034562734402,46.962551141908854,-0.012323364442386964,-0.017734673571000028,0.005411309128613064,0.22283560195090008,0.2364417929211736,0.228450210290634,0.20932999395334284,-2.6389867235827995,-8.241687174005744,-5.031823028750907,3.6425769201315177,0.21437899999999988,0.26569032882707444,0.1630676711729253,47.869734280945984,1.201610232345582,-18.34290658686113,33.045991544166846
QNCCF,1D,1654003800,2022-05-31,0.23585,0.2453,0.23585,0.2453,6700.0,1643.51,13.064921297043156,38.58757062146893,13.35489833641404,-19.494584837545137,10.417221701328934,9.302541910323171,8.646097444179288,4.006783972864103,51.50699453803783,-7.331664354906006,279.73890942698705,-96.34324301992862,-69.22764471057413,53.507643379814674,-0.00907880238114972,-0.016003499333029966,0.006924696951880246,0.22497506843176673,0.2367891735909315,0.22878386949279966,0.20968790446126978,9.034303983064532,3.5942633187155333,7.219097458144935,16.983380910894606,0.2134939999999999,0.26195161948342177,0.16503638051657804,45.39483028415027,14.8978425623203,-6.3567537838702375,48.63389467957909
QNCCF,1D,1654090200,2022-06-01,0.1689,0.2478,0.1689,0.2416,2440.0,589.504,-1.508357113738272,24.407826982492274,23.738796414852754,-27.16309918601145,10.47465634453813,8.830751050728415,8.475973443686007,46.714031971580816,-64.13140169515243,-84.02341590330099,-60.25764601128858,-74.61113743055256,-88.84174211129164,52.595234533244856,-0.006728461137945035,-0.01414849169401298,0.0074200305560679445,0.22655839524778895,0.23697783345011064,0.22903765425531847,0.21000543775021238,6.639173417414049,1.9504636710515124,5.484838632986406,15.044640076114254,0.2129389999999999,0.25981624550355026,0.16606175449644955,44.028802148549936,13.459723207115706,-7.011203425038075,45.48804493401007
QNCCF,1D,1654263000,2022-06-03,0.2468,0.266,0.1957,0.2516,19518.0,4910.7288,4.139072847682111,5.052192066805845,30.63343717549325,-15.683646112600538,6.861289633514444,8.79934669213813,8.336752648078997,28.484602917341977,733.0272228856801,-50.3472893870949,-90.69553177830429,-4.873607215360533,-6.900889525625602,54.836750342679416,-0.004012627273463382,-0.01212131880990306,0.008108691536439679,0.22894330998609477,0.23755125174618474,0.22948443337897553,0.2104193139915038,9.896200948296462,5.913986203207148,9.637066137946853,19.57077286648647,0.213629,0.2623208110774281,0.16493718892257195,45.58539437756866,17.77427221959564,-4.086908329306629,52.54291748485601
QNCCF,1D,1654522200,2022-06-06,0.2248,0.2441,0.20335,0.2387,12150.0,2900.205,-5.127186009538949,8.499999999999998,23.168214654282764,-10.79970104633782,6.3538152863864825,8.999603918179137,8.177939092563863,18.12722419928826,-40.9414545555845,25.549999999999994,3641.2345201238386,-75.43777462861492,-41.737443395310315,51.456605352076515,-0.0028681690916220193,-0.010270688866246852,0.007402519774624833,0.22987251855884766,0.23759630069731474,0.22966691984671858,0.21070071385228484,3.840163885833307,0.464527140972328,3.9331220009003296,13.28865272252685,0.21430400000000005,0.26398300327099844,0.1646249967290017,46.36311340058829,11.383828579961149,-9.57751179345571,44.99620637377279
QNCCF,1D,1654608600,2022-06-07,0.2193,0.22555,0.2193,0.22555,10400.0,2345.72,-5.509007121910345,-4.082500531575589,29.125518820666958,-29.537644486098092,6.2956939877743565,8.656544354508112,7.3655382201853845,2.8499772001824013,-19.11882091093561,1008.3799938573488,34.29053957349362,-66.84124446404616,-51.3356628632318,48.195317091435484,-0.0029878309822976568,-0.008814117289457014,0.005826286307159357,0.22946085012467168,0.23712389674840045,0.22958539668143702,0.2108484679433069,-1.7043648720672058,-4.880949118629279,-1.7576887466568096,6.972558159941704,0.21437150000000002,0.26410773911193863,0.1646352608880614,46.4019136050628,5.214545776840661,-14.599246217316045,36.9998132741173
QNCCF,1D,1654695000,2022-06-08,0.28218,0.28218,0.201,0.201,2850.0,572.85,-10.884504544446902,-11.570611526616801,7.200000000000006,-30.689655172413783,7.27561142662635,9.141264877246213,7.427067586366052,28.768870933446728,-75.57892672612248,68.01583809942808,-42.35471698113207,-96.30528051102385,-86.74719040002702,42.748093157402636,-0.005005938378327884,-0.008052481507231188,0.0030465431289033035,0.22675029296994104,0.2357072733465024,0.22901934922239867,0.21075047323740334,-11.356233605111413,-14.724735835996384,-12.23448993176088,-4.626548679878762,0.21255150000000006,0.26144056749979905,0.16366243250020107,46.002091257694225,-5.434682888617603,-23.118281939869753,22.813767905932274
QNCCF,1D,1654781400,2022-06-09,0.22501,0.22501,0.22176,0.225,10023.0,2255.175,11.940298507462682,3.7081422414786456,27.154563435998874,-19.556667858419736,8.472116385248093,9.36345095578756,7.759443426787543,1.444380249766666,293.67635506677146,107.89334193726809,537.2350946595084,166.10017097526702,-48.38710743483777,48.836141661348115,-0.004615499006233842,-0.0073650850070317185,0.0027495860007978766,0.22658359840137524,0.23528738027409055,0.2289397581486878,0.2108922595733496,-0.6989024856821316,-4.372261811112259,-1.720871106244934,6.689548708516568,0.21298150000000007,0.2621488892025991,0.16381411079740107,46.17057275171693,5.642978380751345,-14.17091230697108,37.35080507092045
QNCCF,1D,1654867800,2022-06-10,0.22274,0.2276,0.22274,0.2276,794.0,180.71439999999998,1.1555555555555517,-7.215654300856092,28.587570621468934,-16.63003663003664,6.903692066732122,9.349731217207474,7.755716075161328,2.1819161354045087,-91.98667952597914,-89.00436261416115,-89.81052584097343,-89.66014512406265,-95.81405225089671,49.46310691978586,-0.0040495935266019745,-0.006701986710945769,0.002652393184343795,0.2266803985536252,0.23498591438098895,0.22891322828435737,0.2110585057467491,0.40568194349510217,-3.1431306852775758,-0.573679509130888,7.837397594911049,0.21459900000000004,0.2634541514786301,0.16574384852136997,45.531574218547206,6.058276133625951,-13.609256592617555,37.320330154307165
QNCCF,1D,1655127000,2022-06-13,0.2296,0.2296,0.2296,0.2296,300.0,68.88,0.8787346221441132,-4.9668874172185475,18.228630278063843,-11.692307692307697,6.920585234680268,9.11812869474102,7.713926703528596,0.0,-61.8846090848322,-88.3156009119531,-98.13323215350425,-89.25697173872356,-98.3974284695476,49.970966480426725,-0.003400526914051627,-0.006041694751566941,0.002641167837515314,0.22695845583423233,0.23477470205232273,0.2289268277242711,0.21124299822688095,1.1638888518421293,-2.204113989747277,0.29405565193945205,8.689993006728258,0.21644900000000003,0.2646293966982415,0.16826860330175855,44.51893674559962,6.075796145974325,-13.237152461253471,36.448508809605414
QNCCF,1D,1655299800,2022-06-15,0.1579,0.20695,0.1579,0.20695,5643.0,1167.8188499999999,-9.864982578397214,-17.746422893481718,-13.590814196242171,-23.238130563798222,7.3075219644992035,7.291636353935426,7.87234685305146,31.063964534515502,1595.4396777003485,-76.21903188789412,-88.19210472234883,-52.39920557928719,-72.55575111954576,44.5150820068387,-0.004660084104628398,-0.005765372622179232,0.001105288517550834,0.2250528886119245,0.23368353726595714,0.22849164301685979,0.21120028182661346,-8.04383748352622,-11.440060168008964,-9.42775969065542,-2.012441361277524,0.21710650000000004,0.264383049800085,0.1698299501999151,43.55148261345002,-4.67811880344441,-21.723423586918063,21.857187001697337
QNCCF,1D,1655386200,2022-06-16,0.20554,0.20554,0.2,0.2,6000.0,1200.0,-3.358299106064259,-16.212819438625882,-9.090909090909086,-23.954372623574145,7.242156185033207,7.046404671210823,7.881235828881564,2.6953391067432078,2.755662832467563,-58.62361453759303,-48.05194805194805,-84.26045174864414,-70.30514291614229,42.96496954926641,-0.006148226244201305,-0.005841943346583647,-0.0003062828976176579,0.22266689922031263,0.2323626142359196,0.22792745206603088,0.2110888362362989,-10.17973452708181,-13.927633902010408,-12.252781230555874,-5.253160912728576,0.21837275000000003,0.2622714815847498,0.17447401841525026,40.205320109537254,-8.413481077652783,-23.74313867770923,14.63024799715314
QNCCF,1D,1655472600,2022-06-17,0.18725,0.18725,0.18725,0.18725,357.0,66.84825,-6.375000000000005,-16.980713810684993,-20.369976610674037,-25.900277008310248,7.304165324908864,6.888239173057109,7.927830118797612,0.0,-94.4293125,-97.15020334907832,-68.41342405556736,-91.52128169614319,-98.33588756247431,40.1993935735147,-0.008261178333676372,-0.006325790344002192,-0.0019353879896741805,0.21929386119933048,0.2305934921090208,0.22712195796571344,0.21085163388568895,-14.612292849458164,-18.796494086888067,-17.55530743167182,-11.19347924924515,0.21836025,0.2622942662601822,0.1744262337398178,40.2399395129674,-14.24721303442362,-28.61071548767376,7.351971079826624
QNCCF,1D,1655818200,2022-06-21,0.19485,0.19485,0.1948,0.1948,30050.0,5853.74,4.032042723631509,-3.0845771144278658,-14.298284205895293,-18.082422203532385,6.652715364849445,6.999306953453884,7.9109069912833085,0.02566076469078496,8656.758778277666,921.8626167408569,1616.8910397418977,-58.47254056744012,56.42062802708199,42.55730424869821,-0.009220201442710407,-0.006904672563743835,-0.002315528878966572,0.21696111251367994,0.2291898257518043,0.22648191919411514,0.21069191613558258,-10.214324704056184,-15.00495305103375,-13.988718970082958,-7.542727042909399,0.21925275000000005,0.2604239398631784,0.17808156013682172,37.5559165056569,-11.152767753198098,-25.19888912580615,9.388080298899755
QNCCF,1D,1655904600,2022-06-22,0.19015,0.19015,0.19015,0.19015,6000.0,1140.9,-2.3870636550307944,-15.488888888888885,-12.355096679034821,-15.5639431616341,4.425534141114128,6.93960638818342,7.867486574308181,0.0,-80.50989623727737,-49.40969104393229,5.173883985158212,199.95046834233003,-69.71859046053824,41.47269159373031,-0.010237439474657745,-0.007571225945926617,-0.002666213528731127,0.21440767322666282,0.22765885219291002,0.2257624752496772,0.21048751896010415,-11.313808345384453,-16.475903234865797,-15.774311125129337,-9.662102085947867,0.21991025000000003,0.2587132483989628,0.18110725160103724,35.28984974457787,-13.532907174631475,-26.50163794210922,4.993034966309973
QNCCF,1D,1655991000,2022-06-23,0.19,0.19,0.1612,0.1794,33827.0,6068.5638,-5.6534315014462315,-21.177504393673107,-26.865063187933135,-19.982158786797505,4.311629075441326,5.881206982833966,7.926795298212971,15.1578947368421,431.9102287667631,3258.0964217572036,269.24410560325157,-12.37411736099059,62.30045190151422,38.9982035826052,-0.011775304719349705,-0.008412041700611234,-0.003363263018738471,0.2110736091098378,0.2257663481853449,0.22484440643285192,0.21017819041323743,-15.005954199302854,-20.53731592773961,-20.211490761022574,-14.643855460323232,0.21917025000000004,0.26039518134924444,0.17794531865075564,37.61909415100306,-18.14582499221497,-31.10471588973567,0.8174878441727367
QNCCF,1D,1656077400,2022-06-24,0.1588,0.1589,0.145,0.1536,36543.0,5613.0048,-14.381270903010043,-33.10104529616725,-36.42384105960266,-35.29907329401854,5.396015162951103,6.6788458355235365,8.217294222225226,8.753148614609586,-7.506866781230845,8048.961672473868,852.1572033438281,38.91691919016925,48.04150246913679,33.78772091895948,-0.014904113048161388,-0.009710455970121264,-0.005193657078040124,0.205599932051758,0.22293629531533138,0.2234336261074489,0.209615223344449,-25.29180410364507,-31.1013938835123,-31.254752171396994,-26.72287940289638,0.21487525000000005,0.26389502819972177,0.16585547180027832,45.62626752008127,-28.516662575145368,-41.795038334806364,-7.389247799455337
QNCCF,1D,1656336600,2022-06-27,0.145,0.1499,0.1379,0.1379,41647.0,5743.1213,-10.22135416666666,-33.36554723363132,-45.190779014308426,-36.27541589648799,5.439156425294132,6.612705693273901,8.264013484597717,8.275862068965525,2.3181255786561965,391.78186325730235,16.950488082339223,1226.9688770794824,44.71701698873231,31.067499344111397,-0.01843803281520001,-0.011455971339137014,-0.0069820614760629975,0.1991523194754001,0.21960153863629878,0.22173989093700439,0.20890163903256392,-30.756518245305287,-37.204447265559374,-37.81001721554154,-33.98807178410701,0.21077025000000002,0.2700603821026522,0.15148011789734783,56.26043723215414,-34.573309088925036,-48.93734544610729,-8.964950704983313
QNCCF,1D,1656423000,2022-06-28,0.1457,0.1498,0.1445,0.1496,13555.0,2027.8280000000002,8.484408992023216,-25.2,-37.32718894009216,-23.38028169014084,7.343661230834424,7.334218873242141,8.279530554532922,3.63761153054221,-64.69118630665174,68.98566666666667,-30.079839183781825,36.70926440570499,-49.134775829845765,35.251085952218105,-0.020063320008005786,-0.01317744107291077,-0.006885878935095017,0.19443305095393343,0.2168563802584047,0.22031137824518252,0.2083115729725384,-23.058348739564657,-31.01425015868217,-32.096108157649695,-28.184498890168868,0.20649275000000006,0.27030197499725167,0.14268352500274845,61.802872011004354,-27.55193584278384,-44.654492442564994,4.847423693182753
QNCCF,1D,1656509400,2022-06-29,0.13483,0.13483,0.13483,0.13483,800.0,107.864,-9.872994652406419,-27.994659546061413,-40.22168033695411,-29.99480789200415,7.616771352782015,7.524074037578579,8.446593045437,0.0,-94.68081119305977,61.356505218910016,-95.40166771822723,-99.79562765505091,-95.16519923822753,32.56422727230917,-0.02228628495954299,-0.014999209850237213,-0.007287075109305777,0.18875656991070167,0.21363965946395747,0.21861867768587198,0.2075804130424634,-28.569373736879005,-36.88905873642492,-38.326404025856355,-35.046858215655114,0.20186925000000003,0.2720592193884386,0.1316792806115615,69.54003087487423,-33.20924311156851,-50.44093697574957,2.392722206413592
QNCCF,1D,1656595800,2022-06-30,0.1481,0.1481,0.1481,0.1481,8675.0,1284.7675000000002,9.84202328858563,-23.97330595482546,-26.318407960199004,-23.58101135190918,8.715269861407503,7.919137570339147,8.659077431084441,0.0,1091.0994400356005,-78.0521939819671,124.27642489307848,1557.33681630547,-43.43304350126312,37.195875831619716,-0.022715373910638603,-0.01654244266231749,-0.006172931248321113,0.18488451563349198,0.2110694767398807,0.2172222682267458,0.20698856813656827,-19.895941803159,-29.83353050971148,-31.82098630633626,-28.450154840297447,0.19842650000000003,0.2719923356236094,0.12486066437639064,74.14920448993392,-25.36279176420489,-45.549936302269586,18.612215255842894
QNCCF,1D,1656682200,2022-07-01,0.14935,0.1494,0.14935,0.1494,1500.0,224.1,0.8777852802160672,-21.430449645017095,-33.6,-14.469729497638466,8.846352445849845,7.003534836761527,8.48580473610501,0.03347840642785035,-82.55715528295977,-80.35761241125428,-90.06285543250524,-87.17045942464577,-89.90757939766435,37.647684913098985,-0.02268898634912503,-0.017771751399678997,-0.004917234949446032,0.1815050379541118,0.20865106588733634,0.215879253014335,0.20641554755809496,-17.688235167460533,-28.39720259053441,-30.79464658418129,-27.621731130523546,0.19363150000000004,0.2668521160244499,0.12041088397555016,75.62882694649358,-22.843132444875977,-44.01393467447286,24.075162532928648
QNCCF,1D,1657027800,2022-07-05,0.149,0.15,0.149,0.15,25700.0,3855.0,0.4016064257028042,-16.38795986622074,-34.09490333919157,-20.000000000000004,8.839587979438607,6.977054425520903,8.371699744709755,0.671140939597316,1620.2141900937083,-36.475908846834564,2033.200231968233,287.92452830188677,66.4613278986154,37.86984284616197,-0.02236188513883236,-0.01868977814750967,-0.003672106991322692,0.1785045581489583,0.20635102408783296,0.2145747133506848,0.20585419882617362,-15.968532369448992,-27.308332651573004,-30.09427921040665,-27.132892670961624,0.18905150000000004,0.2611479574095005,0.11695504259049957,76.27176447634685,-20.656540678069224,-42.56129686483121,28.254410137066383
QNCCF,1D,1657114200,2022-07-06,0.1913,0.1913,0.1761,0.1761,22500.0,3962.25,17.40000000000001,14.648437500000014,-23.301393728222994,-0.48036168409154545,9.514182356841967,8.671541594219809,8.89653342153463,7.945635128071088,2.782101167315175,-29.409467100402264,5652.395470383276,1019.59593105397,62.645158315219696,46.75669910529331,-0.019768721681892726,-0.01890556685438628,-0.0008631548275064467,0.17827555261096226,0.20516470941772186,0.21381283783879004,0.2055581371463112,-1.2203314358586228,-14.166524788892998,-17.638247646862368,-14.330805656865634,0.18527650000000004,0.25154853008056954,0.11900446991943053,71.5385168443591,-4.95286774091697,-29.993627892162124,47.97763488986993
QNCCF,1D,1657200600,2022-07-07,0.1926,0.1949,0.1926,0.1949,418.0,81.4682,10.675752413401467,41.33430021754895,-5.82266247885963,10.112994350282486,8.278866663989753,8.86849230812101,9.086313700010438,1.1941848390446503,-97.94389046627549,-98.5814647515803,-93.02390092435996,-95.40646390834151,-96.57657678756787,52.07430501375513,-0.01601204123349964,-0.018326861730208952,0.0023148204967093113,0.17985883331468014,0.20476217179349748,0.21343832619841796,0.2054520860304275,8.362762288691098,-4.816403199436411,-8.685565769094463,-5.136032558396483,0.1830865,0.24489674066447217,0.12127625933552785,67.52026027530393,6.452414569069798,-20.415437350786004,60.70746333029755
QNCCF,1D,1657287000,2022-07-08,0.2,0.2,0.2,0.2,100.0,20.0,2.616726526423818,33.68983957219251,0.0,2.9866117404737382,8.221108058761983,8.842181941943322,8.94020326136827,0.0,-75.45054389320003,-99.01372305737962,-98.33333333333333,-99.45796520136592,-99.1140259578345,53.433013598752,-0.012479462064718727,-0.017157381797110908,0.004677919732392181,0.18177703966566297,0.20457541995845838,0.21317222072914235,0.20539783641818443,10.02489663593047,-2.236544331370534,-6.1791450518681925,-2.6279908845751287,0.18180900000000005,0.2410589903459899,0.1225590096540102,65.17828088377344,10.00555528054164,-17.03275629216661,63.18669722006513
QNCCF,1D,1657719000,2022-07-13,0.1743,0.1743,0.1601,0.1641,52143.0,8556.666299999999,-17.950000000000006,21.70881851220054,-12.363150867823768,-31.48225469728601,10.434993343007699,9.912346298128039,8.483578732449791,8.14687320711418,42683.3315,7832.828654602091,12700.135082070214,-13.482969044208378,286.66282257226834,43.98086353210944,-0.012433373404679926,-0.01621258011862471,0.0037792067139447855,0.18009351207845697,0.20298814858753844,0.21220049358599102,0.20498691267272987,-8.880670876966114,-19.15784190266062,-22.66747488336969,-19.946108822082476,0.17996400000000004,0.2390064262374093,0.12092157376259077,65.61581898314024,-8.815096352603877,-31.34075824513749,35.70779381533921
QNCCF,1D,1657805400,2022-07-14,0.1654,0.1654,0.1519,0.1519,52200.0,7929.18,-7.43449116392443,2.5658338960162035,-22.02258726899384,-30.95454545454545,10.66225532083538,9.982615001376491,8.4643514507502,8.162031438935905,-7.333303391766005,517.168476008305,35.45493991875281,243.25454545454548,230.34685832687703,41.30667950950826,-0.013228792563855424,-0.015615822607670854,0.0023870300438154305,0.1774084156900325,0.200984691780184,0.2110064244060704,0.20445868468593653,-14.378357188308765,-24.422104661517047,-28.011670532041855,-25.70626176465456,0.17630900000000002,0.2327398546453085,0.11987814535469155,64.01358370282682,-13.844443562155087,-34.73399722127825,26.712003718912435
QNCCF,1D,1657891800,2022-07-15,0.17205,0.17205,0.1692,0.1692,2000.0,338.4,11.38907175773534,13.253012048192762,-11.017617670260332,-28.04592813098023,11.270435469728719,10.488889144775408,8.638637741595875,1.6564952048823127,-95.73221947288371,51.004016064257016,-70.33920589008677,59.8979374867106,-85.92629694871304,46.29351690391412,-0.01232117176191197,-0.014956892438519078,0.0026357206766071083,0.1766266618147913,0.1997382332790003,0.2101785744178314,0.20410785200249437,-4.2047229667845,-15.289127563446305,-19.497027483099536,-17.10265022144654,0.17338900000000002,0.22471433483573158,0.12206366516426845,59.20252707580246,-2.4159548760302125,-24.704402981818284,38.61618834097545
QNCCF,1D,1658151000,2022-07-18,0.2265,0.2265,0.174,0.17408,1502.0,261.46816,2.884160756501196,16.05333333333335,-2.9654403567446996,-23.413990321161457,11.23964641625934,10.406221964272302,8.64791369662911,23.178807947019877,-22.733995271867606,-93.21742775616083,-95.6914326252943,-23.31187564158967,-89.11381693309781,47.64482550563512,-0.011080372879911676,-0.014181588526797597,0.0031012156468859207,0.176384122594335,0.19873202805237286,0.20946375116203275,0.20380906740545462,-1.306309525168674,-12.40465781684479,-16.89254153319411,-14.586724616286114,0.17061300000000004,0.21501598958403498,0.1262100104159651,52.05112105646689,2.032084307760821,-19.03857925321219,37.928837361049396
QNCCF,1D,1658237400,2022-07-19,0.17,0.1902,0.17,0.1902,30000.0,5706.0,9.260110294117643,8.006814310051109,23.828125000000018,-12.332050425203384,10.024053283906547,9.780251571518596,8.787025421215157,11.882352941176467,2082.292482572256,44.00908574673481,1.6567810524587525,426.0076974487797,123.2502778255676,51.94600189333897,-0.008696039022163177,-0.013084478625870713,0.004388439603707536,0.17769992044249358,0.1983974387169857,0.2090822907429826,0.2036736537994302,7.034375438311828,-4.131826887482835,-9.03103303291904,-6.615315014036384,0.16977550000000005,0.21198301661730326,0.12756798338269684,49.721563614659594,12.030298835815504,-10.27583103821403,49.09697163543819
QNCCF,1D,1658323800,2022-07-20,0.2213,0.2252,0.2,0.2124,90961.0,19320.1164,11.671924290220819,8.978963571062092,54.0246555474982,-13.41214838972686,10.1575829069545,9.44151486889461,8.721034858963145,11.387257117035698,238.59299684542586,23614.9174770033,236.40446354493682,1075.5399358689635,514.2933581312021,57.16512740902224,-0.004957930854158937,-0.011459169071528358,0.0065012382173694205,0.18100468992416086,0.1989465587673,0.20914798795599285,0.20376048311485875,17.345025749881657,6.762339251334311,1.5548856461824623,4.240035532439919,0.17039550000000006,0.21467418989705928,0.12611681010294085,51.97166579758174,24.651179168463916,-1.0593681048242414,68.41529676070294
QNCCF,1D,1658496600,2022-07-22,0.22045,0.2228,0.1984,0.2007,101943.0,20459.9601,-5.508474576271194,0.3499999999999892,34.15775401069517,-16.928807947019877,10.455167456508574,9.609534901477977,8.772040031163684,11.068269448854618,5.89977656656355,102199.8005,908.9593446781482,3370.7075948594065,437.3672395904257,53.84588979633138,-0.0029060463253332836,-0.009748544522289343,0.00684249819695606,0.18288043374090743,0.19901532116858234,0.20898070106577515,0.2037300305465517,9.743834206090145,0.8465071038377948,-3.962423814038634,-1.487277324026787,0.17106800000000005,0.2167369288685418,0.12539907113145832,53.392719700401855,17.32176678279978,-7.3992599933298555,60.04903241237108
QNCCF,1D,1658755800,2022-07-25,0.21767,0.21767,0.2,0.2114,20948.0,4428.4072,5.331340308918793,28.823887873248026,56.79003189201216,-15.977742448330678,7.223752642281957,8.978130024406646,8.794413431520548,8.1177929893876,-78.35573882668521,-48.24611542932322,4005.5469850923387,-9.821792643079785,16.80238070696502,56.342488516787725,-0.000411765895907662,-0.007881188797013007,0.007469422901105345,0.18559658290844006,0.19950099484824577,0.20902860797536377,0.2038063486505661,13.902959142458723,5.964383867261135,1.134482044159109,3.725915016736557,0.17189800000000005,0.2198102942886264,0.12398570571137371,55.74502820117316,22.97990668885033,-3.8261603333204572,70.50352602107053
QNCCF,1D,1658842200,2022-07-26,0.2072,0.2072,0.187925,0.1882,11583.0,2179.9206,-10.97445600756859,23.897300855826202,27.07629979743416,-21.156263091746958,8.076100268634002,9.539917688391895,8.964830326909142,9.30260617760617,-50.77416096694992,-72.50761617216409,69.67432628860861,-24.835637480798773,-42.13661834859207,50.02409731042595,-0.00030357734412514437,-0.006365666506435434,0.00606208916231029,0.18584452739335053,0.1990578185796871,0.2086161602926833,0.20365106159931667,1.2674425444145503,-5.454605429296653,-9.786471126704622,-7.587027279885543,0.17180050000000002,0.21957155670801062,0.12402944329198942,55.61224409476176,9.54566488456086,-14.287623214207548,51.73816394300877
QNCCF,1D,1658928600,2022-07-27,0.1892,0.2,0.1853,0.2,2769.0,553.8000000000001,6.269925611052074,18.20330969267141,33.86880856760375,-11.327865218355127,7.5365996505476325,9.587946646679724,8.989698852787138,7.769556025369988,-74.5954049886037,63.65248226950357,147.12182061579654,-76.39104411438704,-85.06322276323178,52.91624385399258,0.0007259558784295517,-0.004947342029462437,0.005673297907891989,0.18719266764160286,0.19909476687067976,0.20844554325718462,0.2036147326281792,6.841791678997778,0.4546744967476922,-4.051678498476848,-1.7752804924877648,0.17283050000000003,0.22207805972634528,0.12358294027365477,56.9894315255065,15.720315569300547,-9.941576287883128,61.834634745808614
QNCCF,1D,1659015000,2022-07-28,0.2,0.219,0.2,0.219,9080.0,1988.52,9.499999999999995,25.80422794117646,46.00000000000001,8.955223880597009,7.9056073439228,9.726043853823496,8.910731446362314,9.499999999999995,259.06825568797393,660.5208986057805,-48.41712062256809,247.12752029327046,-47.04081506224955,57.210187207090726,0.003039966740790878,-0.0033498802754117745,0.006389847016202653,0.19022193739002163,0.19987536424830016,0.2086545424006067,0.20376781986570974,15.12867706261095,9.568280625090837,4.958175115847948,7.475262847847519,0.17610050000000005,0.2283968924090364,0.12380410759096369,59.39380343501165,24.360805335589585,-4.114282077099146,76.89235378486306
QNCCF,1D,1659101400,2022-07-29,0.202755,0.202755,0.202755,0.202755,200.0,40.550999999999995,-7.417808219178086,6.600946372239738,15.136286201022136,-9.886666666666672,8.356170161048139,9.229695611572634,8.772341732711105,0.0,-97.96074467443124,-99.28932702418506,-98.9765663448798,-98.20186903455387,-98.89836860016068,52.778274528630256,0.0035223972826319283,-0.0019754247638030338,0.005497822046434962,0.19141556240049576,0.1999882911405237,0.20853771977881252,0.2037577420561007,5.923989385867647,1.3834354219929046,-2.772985043159592,-0.4921246407533428,0.17934325,0.22977228709917508,0.12891421290082494,56.23745203588656,13.054157321226183,-11.758287929437634,57.279011706786385
QNCCF,1D,1659360600,2022-08-01,0.2545,0.2545,0.2086,0.2086,64513.0,13457.4118,2.882789573623347,-1.7890772128060253,7.02924576706004,-8.347978910369063,7.2908993792862,8.885131160403416,8.785117510172881,18.03536345776031,33086.38701881582,-30.34507908037241,16418.60701476159,7346.7844289110335,226.35485636790128,54.15442133937096,0.004326496456067114,-0.0007150405198290042,0.005041536975896118,0.19305217550521045,0.20032600521344432,0.2085389530505192,0.20380592372718428,8.053690384012235,4.130264953738718,0.029273643407051995,2.3522752357449135,0.18229325000000002,0.23231861439397467,0.13226788560602537,54.88449450977987,14.431006084975712,-10.20951956684441,57.71024012687278
QNCCF,1D,1659447000,2022-08-02,0.202,0.2099,0.2,0.2,2289.0,457.8,-4.122722914669222,-0.34877927254607793,0.0,-12.891986062717764,7.155884004701597,8.961018133065418,8.816158316733963,4.900990099009897,-96.5981571582732,-97.76245897957543,2189.0,564.6341463414635,-88.93271502401501,51.76413201842724,0.0042211439970084585,0.00027219638353848845,0.0039489476134699705,0.1937138730761428,0.20031322069527002,0.208369864871301,0.2037680538393516,3.245057684323073,-0.15636546313960156,-4.0168307813947095,-1.849187725138835,0.18555175000000002,0.23107338851126097,0.14003011148873906,49.0662454126797,7.786641732023543,-13.447411106686847,42.82642345541773
QNCCF,1D,1659533400,2022-08-03,0.2006,0.2006,0.1948,0.1991,7426.0,1478.5166,-0.45000000000000595,-5.818353831598867,21.32845825716027,-3.793186760086976,6.84395273739992,7.39628004694342,8.627333165990171,2.891326021934197,222.96124945390997,-66.61290316753166,-82.72088044382426,26.60496103483859,-64.34622449169234,51.507908371946804,0.00401870381971739,0.0010214978707742688,0.002997205948943121,0.19422683754508158,0.20026564341310257,0.20818630319068118,0.20372160554244262,2.509005715436891,-0.5820486196417206,-4.36450575826734,-2.2685888078178196,0.18810175,0.23055635955832643,0.1456471404416736,45.14004740341482,5.846968462547523,-13.643674639288603,36.700246497274925
QNCCF,1D,1659619800,2022-08-04,0.1991,0.1991,0.1946,0.1946,5100.0,992.4599999999999,-2.2601707684580634,3.4006376195536605,28.110599078341004,-2.700000000000008,5.5088991894393935,7.053795378407465,8.614278235682455,2.2601707684580634,-32.87461229721736,-54.47265372876424,-87.48344721648392,-17.29500000000001,-76.02727257241595,50.17071189817909,0.0034553252897062403,0.001508263354560663,0.0019470619351455772,0.19426237682650238,0.2000434613184711,0.20791726748393502,0.20363084329823922,0.1737975098488313,-2.7211393377187427,-6.405080080693154,-4.434909344756081,0.19036175000000002,0.22897319691344714,0.1517503030865529,40.566392054545744,2.226418910311536,-15.011886708486829,28.23697616538345
QNCCF,1D,1659706200,2022-08-05,0.19,0.1991,0.19,0.1991,115600.0,23015.96,2.312435765673178,-0.45000000000000595,17.67139479905438,6.3284379172229634,5.087957786771936,6.56415355981156,8.531189407212182,4.789473684210525,2219.0818773552587,4056.0057782592994,6701.406619385342,34330.160849386484,369.2418469843095,51.52594907396668,0.0033335292871082556,0.0018733165410701816,0.001460212746038074,0.19472310284302596,0.20000646283539378,0.2077426681278175,0.20358576028034628,2.247754423111482,-0.45321677236990177,-4.160275886367233,-2.2033762450621284,0.19281675,0.22681958756909026,0.15881391243090975,35.26958894296295,3.258663990550608,-12.22098490971233,25.366850392667118
QNCCF,1D,1660051800,2022-08-09,0.196,0.196,0.1941,0.1941,12963.0,2516.1183,-2.5113008538422927,-11.369863013698632,11.500459558823518,-0.35934291581109146,3.342008722259611,6.622901016934969,8.523614196600603,0.9693877551020472,-89.06794111564322,26.532209884738407,862.3038996411648,-57.01691055632809,-47.51165851959979,49.901933568289984,0.0028012557319433695,0.002058904379244819,0.0007423513526985505,0.19466375971511873,0.19977483684184894,0.2074725162837023,0.20349137460591496,-0.2896069180744145,-2.8406164317588236,-6.445439869932676,-4.615121709262847,0.19371675000000002,0.22684366296740338,0.16058983703259666,34.201392463381055,0.19784040357892327,-14.434462280794916,20.866926317760328
QNCCF,1D,1660224600,2022-08-11,0.209,0.22,0.1556,0.2194,23943.0,5253.0942000000005,13.034518289541483,8.209415304184864,15.352260778128288,15.382592689981593,5.357129462226064,7.018704210391931,8.803179510508334,30.81339712918661,108.77771128646853,12854.290153140491,-7.9373606729758075,360.4342361293715,6.537558262846016,57.24512734738587,0.004370542767276359,0.002521232056851127,0.0018493107104252315,0.19701959212320266,0.20054445108334507,0.20770870408006464,0.2036496693859556,11.359483407519269,9.4021793247317,5.628698119183668,7.734032007778257,0.19494175000000002,0.2299136774954917,0.15996982250450836,35.87936139435668,12.546440154558983,-4.572880400165769,37.15086793561751
QNCCF,1D,1660311000,2022-08-12,0.2268,0.2428,0.2268,0.2428,9600.0,2330.88,10.665451230628976,16.39501438159155,14.312617702448202,35.34002229654403,6.301046755220938,6.916181226312983,8.887114124517234,7.054673721340382,-55.628437045732014,-82.67958181973744,-87.93547641358931,-61.59091216936699,-51.502183112723344,62.69198676527654,0.007416901068266313,0.003500365859134164,0.003916535209132149,0.20137963096861194,0.2022015314330178,0.20840358122699407,0.20403922491445356,20.56830118923201,20.078220119925756,16.50471578774896,18.99672727231612,0.19708175000000003,0.237796397889303,0.15636710211069704,41.31752218488315,23.197607084369785,2.104153870752159,55.27562813571518
QNCCF,1D,1660570200,2022-08-15,0.24,0.27457,0.24,0.26253,37150.0,9752.9895,8.126029654036243,31.264999999999986,30.807174887892373,70.91796875,5.942485219081562,6.863214563322291,8.461946708130847,14.404166666666661,318.4252085049423,2030.403997378768,-52.331336657885274,73.75701335584107,97.26306169333834,66.5602776408131,0.011293029069688432,0.005058898501245018,0.006234130568443414,0.20720347563826794,0.2045673537297622,0.20947539149972685,0.2046212226764988,26.70154262195876,28.334260190317394,25.327370494658947,28.30047468490283,0.20200325000000002,0.24890669787699446,0.1550998021230056,46.4383101529252,29.963255541680617,5.473256541187146,69.26520627782253
QNCCF,1D,1660656600,2022-08-16,0.2551,0.2552,0.2438,0.2438,59495.0,14504.881,-7.134422732640077,22.45102963335007,15.326395458845782,76.79477882523568,7.037988347672152,7.1959377855115925,8.32843710279384,4.4688357506860035,48.72240967756604,881.0428235976518,227.5417174825296,152.5609375515018,177.01092428122956,60.180996380027665,0.01270705495035035,0.006588529791066084,0.006118525159284265,0.21068885891081385,0.20610588887761466,0.21015508671755403,0.20501106125683213,15.715658274651501,18.288711364655878,16.009564083340187,18.920412637918183,0.20659825000000004,0.25090179221447667,0.16229470778552343,42.88859389126153,18.006807898905215,-2.83050676991813,50.22054836328235
QNCCF,1D,1660743000,2022-08-17,0.24885,0.24885,0.2304,0.2304,13600.0,3133.44,-5.496308449548809,18.396711202466598,22.42295430393198,54.01069518716576,7.472753910560456,6.646933578177354,8.358556499788287,7.41410488245931,-78.39734086753279,215.7245632065776,43.74101515440517,54.521981154220164,-40.57651118178741,56.04264862845661,0.012601154373087148,0.007791054707470297,0.004810099665616851,0.2125661104431173,0.20705859911770821,0.21055597608948365,0.20526368751298305,8.389808478739159,11.272847870965606,9.424583561609708,12.245864230334,0.20965825000000002,0.25159782907215994,0.16771867092784007,40.007563806489784,9.893123690577392,-8.425282980514218,37.37289875086607
QNCCF,1D,1660829400,2022-08-18,0.2379,0.2422,0.23439,0.23439,51141.0,11986.938989999999,1.7317708333333306,17.72476142641888,17.19499999999999,73.84113327894384,7.479967962080587,6.524292751142185,8.073029702994639,3.282891971416566,282.54885971966905,-47.919013632279515,2064.488802816901,11013.011746273083,111.44582583916338,56.99102234309521,0.01269287153479734,0.008771418072935706,0.003921453461861634,0.21464457611520135,0.20813041876015104,0.21102793695899882,0.20555350156758023,9.199125476248287,12.6168877169802,11.070602014907742,14.028706985046968,0.21267375000000005,0.2525701765160418,0.1727773234839583,37.51890067866085,10.211062719305946,-7.198069370984152,35.66016377245373
QNCCF,1D,1660915800,2022-08-19,0.2318,0.2318,0.226,0.227,65068.0,14770.436,-3.1528648833141264,16.950025759917576,3.6529680365296837,53.274814314652254,7.546051455177069,6.200666143978957,7.998964430859869,2.5021570319240722,23.22108264939122,487.032652637994,642.7853881278539,1049.6582844755956,141.40388069613743,54.639698164119004,0.012030565931752085,0.009423247644698981,0.0026073182870531043,0.21582128315184884,0.20887040233818432,0.21134421543505824,0.20576689956193267,5.179617452411297,8.679830870657229,7.407718509216766,10.319006838938398,0.21451375,0.2534780522361495,0.1755494477638505,36.32802301591342,5.820722447861735,-10.44589541483519,29.30829626155298
QNCCF,1D,1661261400,2022-08-23,0.2041,0.2041,0.2022,0.2022,2599.0,525.5178,-10.925110132158597,-7.839562443026445,-0.2737293778205223,35.34136546184738,7.442402917812926,6.5728952092903254,8.316349666404207,0.9309162175404275,-96.44209690221737,-89.99603319506436,1195.9428867352224,134.5014725568942,-91.42516455449974,47.549705023726915,0.00939621748569952,0.009417841612899089,-2.1624127199568188e-05,0.214524018089768,0.20860881793276534,0.2111631418620868,0.205731408024003,-5.744819717394538,-3.072170196962101,-4.244652633526705,-1.7165138069686436,0.21400375,0.2533306943098497,0.17467680569015026,36.75350951546385,-5.515674374864927,-20.183379060774843,15.756639355239663
QNCCF,1D,1661347800,2022-08-24,0.2133,0.214,0.2095,0.2095,40000.0,8380.0,3.6102868447082104,-13.714991762767708,0.43144774688398085,39.666666666666664,6.180946373572234,6.596788156640267,8.323959246623245,2.1097046413502127,1494.6177275060904,259.5208676551345,-37.72948227682235,117.38002594033723,33.451424466994155,49.62192086939446,0.007807526053770025,0.009095778501073275,-0.0012882524473032501,0.21404554017645677,0.20864376624912748,0.21113020835986726,0.20576890645162485,-2.1236322759677626,0.4103807011660937,-0.7721341121819058,1.8132445823403847,0.21444375,0.2533602368500489,0.1755272631499511,36.29528661949709,-2.3053831132872826,-17.311412949147005,19.354678151066675
QNCCF,1D,1661434200,2022-08-25,0.21,0.21,0.19325,0.19325,17500.0,3381.875,-7.756563245823384,-26.389365024949523,-3.375000000000003,9.738784781374218,4.861503794644658,6.830865647422242,7.934715328998414,7.97619047619047,-59.64349642004774,-65.32473453396007,638.723241590214,-14.64761183670894,-45.97723657783514,45.32876974868015,0.005177553837258098,0.00831213356831024,-0.0031345797310521426,0.21206501254060375,0.20804008914131855,0.2107761448279887,0.20564434021827535,-8.872285114453412,-7.109249569332696,-8.315051422110185,-6.027075778073797,0.21353624999999998,0.25352600929847563,0.17354649070152434,37.45477341526382,-9.500143418272064,-23.775079119205007,11.353447262937138
QNCCF,1D,1661520600,2022-08-26,0.1975,0.1975,0.19135,0.19135,30182.0,5775.325699999999,-0.9831824062095796,-21.513535684987694,-3.8925163234555535,-1.8214468958440213,4.800070895039782,6.834671529699984,7.715612371416983,3.1139240506329195,70.77289077804471,-60.18357062012436,290.616223044097,6989.055238731185,-10.458509361987,44.84027957169279,0.0029064638803070475,0.007230999630709602,-0.004324535750402554,0.2100921542034034,0.207385575841659,0.210391468692781,0.20550210797729748,-8.920920571483103,-7.7322522439566095,-9.050494685497844,-6.886599907218918,0.21369375000000002,0.2533061527136701,0.17408134728632993,37.07399277112229,-10.4559679447808,-24.459000324284865,9.919875381746955
QNCCF,1D,1661779800,2022-08-29,0.19455,0.19623,0.19455,0.1951,30554.0,5961.0854,1.9597596028220556,-15.321180555555555,0.2569373072970198,-2.4500000000000077,5.013004152593592,6.823720978448617,7.709766457254826,0.8635312259059301,3.216436780353367,90.24093009599673,500.63734558571633,29705.426999999996,-10.331625353937172,46.07546083526337,0.0013931431005840544,0.006063428324684492,-0.004670285224100438,0.20866432999355547,0.2069037885537508,0.2100886673325279,0.20539860441533433,-6.500550426598741,-5.7049649193273915,-7.1344482893043795,-5.013960267475645,0.21344875000000002,0.25345555065626335,0.17344194934373672,37.48609505210344,-8.596325815916009,-23.023978170991096,12.48720435754569
QNCCF,1D,1661866200,2022-08-30,0.2,0.2,0.1988,0.2,43450.0,8690.0,2.511532547411592,-14.672127650497025,0.45203415369161826,21.876904326630115,5.107279850699141,6.828213337245584,6.9388453985316225,0.6000000000000033,45.77882074965744,-27.50442788396973,-62.2435909690493,1.5582435416465998,30.63016660050078,47.722753774949496,0.000582499833273048,0.004967242626402203,-0.004384742793129155,0.20783915570845496,0.20663305174772137,0.20988889174178477,0.20534488695846534,-3.7717415093098596,-3.210063294143118,-4.7114888547558476,-2.6028829047720223,0.21249875000000001,0.2528341513088997,0.17216334869110034,37.96295395516414,-5.881799304701793,-20.896762180022762,16.16874411454721
QNCCF,1D,1661952600,2022-08-31,0.1982,0.1982,0.1982,0.1982,2955.0,585.6809999999999,-0.9000000000000119,-12.687224669603534,2.112313240597626,30.48057932850558,5.102098086610473,6.793977853627797,6.774398959714327,0.0,-93.26028768699656,-96.03477514137023,-76.72283532932454,-92.61359938858747,-90.85956744190443,47.1529123403369,-0.00020284745403070792,0.003933224610315621,-0.004136072064346329,0.20692114087907829,0.206302343836046,0.20965742853897715,0.20527379355589354,-4.214717182607652,-3.9274124013274285,-5.46483309407142,-3.4460285618326827,0.21227100000000002,0.25287444610990517,0.17166755389009486,38.25623482237815,-6.628790555469201,-21.621182745425525,15.455713970790166
QNCCF,1D,1662039000,2022-09-01,0.2,0.2,0.195,0.195,8600.0,1677.0,-1.6145307769929267,-3.560830860534117,-11.121239744758434,15.24822695035462,3.5110489664147297,5.822776205323759,6.514385327350109,2.500000000000002,186.3333452852321,219.1138340128536,-68.07595797539668,395.5673758865248,-74.00888597235515,46.09905290492076,-0.0010711070386244803,0.0029323582805276006,-0.004003465319152081,0.2057857941286899,0.20585911466600498,0.20936718242929442,0.20517156675434237,-5.2412724475747305,-5.275022523837863,-6.862194094887037,-4.957590817893913,0.211591,0.25286753662796846,0.17031446337203157,39.01539916912198,-7.8410707449749735,-22.884525787549435,14.494092949725493
QNCCF,1D,1662125400,2022-09-02,0.195,0.195,0.195,0.195,38462.0,7500.09,0.0,-6.921241050119326,-19.68698517298187,12.017463235294114,3.119601338207397,4.917394200393323,6.502489248125325,0.0,347.2325581395349,-10.50011933174224,221.77074752883033,2768.452510623091,12.050472016114904,46.09905290492076,-0.001739161048905924,0.001998054414640896,-0.0037372154635468197,0.20475857564024322,0.205433267032044,0.2090826837673282,0.2050703571348962,-4.765893496636173,-5.078664805742779,-6.7354615473559285,-4.910683960174631,0.211341,0.2529545131417665,0.16972748685823352,39.38044500760996,-7.732053884480529,-22.911041365483086,14.89005323155205
QNCCF,1D,1662557400,2022-09-07,0.1827,0.1827,0.1827,0.1827,550.0,100.485,-6.30769230769231,-5.4592496765847365,-30.407953376756936,-3.943217665615145,2.6793952469810436,4.27715350418755,6.410299611406498,0.0,-98.66021607740707,-97.0287192755498,-98.96970052105561,-98.23895899053629,-98.45565501864868,41.922256403936544,-0.00322394227007905,0.0009536550776969067,-0.004177597347775956,0.20265775891260102,0.20454176636412072,0.20856025438579695,0.20484776651663852,-9.848011257840898,-10.67838943232674,-12.399416399809514,-10.81181742581489,0.210521,0.25368450120182534,0.1673574987981747,41.00636155236326,-13.215308686544342,-27.98141032090556,9.167501493510997
QNCCF,1D,1662643800,2022-09-08,0.18805,0.18805,0.184,0.185,31575.0,5841.375,1.2588943623426363,-3.318526260778675,-24.11812961443806,-12.900188323917142,2.7664094173548555,4.166921839707025,6.044135553314034,2.15368253124169,5713.181071801762,1.1436463228385647,-59.7282114896358,-69.76532191079346,-3.565513780846266,42.962933278641685,-0.004167016534302126,-7.04792447028999e-05,-0.004096537289599226,0.2009760675875914,0.2037754225851356,0.20809371469498908,0.20465027630254262,-7.949238821994839,-9.21378169503802,-11.097747343709262,-9.601881149426275,0.210041,0.2541061208553882,0.16597587914461182,41.95858985187481,-11.921958093895956,-27.19577183845819,11.461979266766111
QNCCF,1D,1662989400,2022-09-12,0.189,0.189,0.189,0.189,27000.0,5103.0,2.162162162162164,-3.1266017426960504,-17.968749999999996,-5.829596412556048,2.7922953406266795,4.156554217539646,5.979333003507941,0.0,-12.640431405277011,-14.39478454712291,62.85615808823529,-75.05860238701052,-7.978646335062319,44.814948120838736,-0.004539316695339551,-0.0009642467348302302,-0.003575069960509321,0.19983548972210652,0.2031959942484636,0.20771562133469226,0.20449455216022877,-5.422204903230387,-6.986355366388302,-9.010213682742606,-7.576999972149985,0.209536,0.25431678177075506,0.16475521822924494,42.742804836166634,-9.800702504581551,-25.68323699127043,14.71563816389731
QNCCF,1D,1663075800,2022-09-13,0.1809,0.1809,0.1809,0.1809,10100.0,1827.0900000000001,-4.285714285714284,-9.550000000000002,-22.820939459874563,-14.427625354777673,2.7883867503785664,4.13034874800839,5.941428102438012,0.0,-64.19576719576719,-78.97479861910242,-84.7576599703708,-58.74159901103945,-66.52909789662688,41.85143187553789,-0.005425428597060161,-0.0018564831072762165,-0.0035689454897839448,0.19803210974857258,0.20232164153283758,0.20718461893202508,0.2042597804969429,-8.651177715737111,-10.587914061265046,-12.686568659157446,-11.436309409571955,0.20887599999999998,0.2549186551797356,0.16283334482026435,44.086113464194675,-13.393592370593069,-29.036186122803464,11.095181518059249
QNCCF,1D,1663248600,2022-09-15,0.1699,0.1703,0.1699,0.1703,6900.0,1175.07,-5.859590934217799,-14.076690211907156,-24.97797356828194,-9.511158342189159,3.178274782774364,4.253268424873794,5.702461897301277,0.2354326074161339,-35.68625519268346,100.63310914986145,-92.04444608134791,-46.095743120185205,-78.34070729199935,38.28361252933254,-0.006903431612971633,-0.0028658728084153,-0.004037558804556333,0.19539095643918472,0.201065890884491,0.20645423043832162,0.20392187223329172,-12.841411340854075,-15.301397342508723,-17.511983339630678,-16.48762433625926,0.20642100000000002,0.25511687904535607,0.15772512095464397,47.181128901958665,-17.498704104718033,-33.24628278722274,7.972654558288222
QNCCF,1D,1663335000,2022-09-16,0.165,0.165,0.164,0.164,14500.0,2378.0,-3.69935408103347,-15.897435897435896,-18.892185954500487,-18.000000000000004,3.216991167661494,3.5037387304887266,5.607073273665554,0.6060606060606066,102.37092258333547,41.800834824090636,352.50608066938935,329.3968941856265,-56.65371867693697,36.302762583849095,-0.008485303701073532,-0.003989758986946946,-0.004495544714126586,0.19240134154021474,0.1996123265360796,0.2056135526078598,0.20352463967375647,-14.761509100121545,-17.840745185464648,-20.238720687455828,-19.420075985449824,0.202481,0.2515158463442072,0.15344615365579278,48.434022297605416,-19.00474612432771,-34.79536085549022,6.877882627075419
QNCCF,1D,1663594200,2022-09-19,0.1661,0.1694,0.164,0.1694,10490.0,1777.0059999999999,3.292682926829261,-13.128205128205133,-19.140811455847253,-22.648401826484022,3.7316485412691582,3.471968278340978,5.342371011063683,3.251053582179403,-25.273086627418007,-76.30687098421487,-78.79467780429596,-10.636754973548172,-67.5669802225535,39.20634918853219,-0.009197194326212355,-0.005031246054800028,-0.004165948271412327,0.1902107375840038,0.19842752941701766,0.204896452556219,0.20318509102028626,-10.940884751478897,-14.628781350199176,-17.324093274128096,-16.627741164785125,0.19782450000000001,0.24043175547368656,0.15521724452631347,43.07581262552064,-14.368543835571437,-29.543416731181527,9.137358105388973
QNCCF,1D,1663767000,2022-09-21,0.1784,0.1784,0.17,0.17,17950.0,3051.5,0.35419126328218253,-6.951286261631083,-12.031047865459247,-16.154965352272438,3.3177825510342975,3.017289848121802,5.197330162546668,4.708520179372192,71.72142356300431,2936.7716574613128,-9.768989096285345,7425.09185963355,-45.30742134746757,39.53615033098927,-0.009602268812275966,-0.005945450606295215,-0.0036568182059807507,0.1882859054331463,0.1973127243418405,0.2042054336937196,0.20285489110963664,-9.71177603075498,-13.842353265834856,-16.75050123544856,-16.19625286327437,0.19413450000000002,0.23277392363700566,0.15549507636299437,39.806859303220854,-12.43184493225058,-26.967764540025158,9.328220530368904
QNCCF,1D,1663853400,2022-09-22,0.16,0.16,0.1518,0.15565,43238.0,6729.9947,-8.441176470588236,-15.864864864864858,-18.656911418865942,-25.383509108341322,4.04438643290796,3.5943123859310706,5.350393081271955,5.125000000000008,120.5470981484516,15.21250904110762,16.530132664206295,-49.990423121331546,25.6740142728317,34.68915123300964,-0.01095493664252778,-0.006947347813541728,-0.004007588828986051,0.18517772396332285,0.1956788920147095,0.2032439399572103,0.20238519070058553,-15.94561339849454,-20.456417962393438,-23.417150822420787,-23.092198860403233,0.19039699999999998,0.22874153655998516,0.1520524634400148,40.27850917817527,-18.2497623386923,-31.953766534578488,2.365983739161483
QNCCF,1D,1663939800,2022-09-23,0.1691,0.1691,0.1691,0.1691,2499.0,422.5809,8.641182139415347,-10.52910052910053,-13.326499231163504,-15.450000000000005,5.46415206093322,4.368606168017804,5.5743929372965155,0.0,-93.72093264798559,-91.71897119341564,-92.91100744840864,-7.693119266055051,-92.107113691049,41.88116524018581,-0.01081694207486153,-0.007721266665805688,-0.0030956754090558413,0.1836465121572921,0.1946365825239366,0.20256782233429524,0.2020539947732165,-7.920930262390777,-13.120135070598085,-16.521786110265673,-16.309499255485523,0.18713249999999998,0.2207674710123261,0.15349752898767385,35.947760022792544,-9.636220325170658,-23.403570632668686,10.16463985786967
QNCCF,1D,1664199000,2022-09-26,0.1676,0.1798,0.1676,0.1798,4250.0,764.15,6.32761679479597,-0.6080707573244983,-10.100000000000012,-9.693621295831246,5.914815937236355,4.6820514008286755,5.703787417214293,7.279236276849635,80.82928026325847,-58.17666343748803,-91.20655926352129,-48.316440951694425,-85.66358784707533,46.8915913495684,-0.009731995424127449,-0.008123412417470041,-0.0016085830066574075,0.18328017766612142,0.194054755758292,0.2021169743672795,0.20183256198940341,-1.8988292735405465,-7.345738939811018,-11.041613123856644,-10.916257402787256,0.1847725,0.21309038260092913,0.15645461739907088,30.65162034494216,-2.691147221583308,-15.62265842061705,14.921504388318391
QNCCF,1D,1664371800,2022-09-28,0.1705,0.1763,0.1705,0.1763,1171.0,206.4473,-1.9466073414905316,3.5231943628890225,-11.049445005045397,-9.403905447070906,5.496417985799221,4.693819719876341,5.700248460429462,3.4017595307917885,-72.98340639926715,-82.4310636813126,-64.75089681925826,-79.19842613304314,-96.10765687031466,45.50952461973595,-0.009050262345357107,-0.008308782403047454,-0.0007414799423096537,0.18261539884077652,0.1933584908265943,0.20160574715208585,0.20157850664622526,-3.4583057512487976,-8.822209334418362,-12.552096113111237,-12.540278756300932,0.18347750000000002,0.21084184678555246,0.15611315321444758,29.828558581354592,-3.911923805371232,-16.38282310279942,12.930907082391977
QNCCF,1D,1664544600,2022-09-30,0.1667,0.1667,0.1594,0.1594,7300.0,1163.62,-9.585933068633027,-2.8048780487805005,-18.256410256410266,-19.939728779507792,6.462478068977054,5.221314754934637,5.923461877883656,4.379124175164968,463.64021229630987,-51.06728343145501,-30.61299940369708,-94.9442908312319,-74.56858692725012,39.461531110284845,-0.00976115224266974,-0.00859925637097191,-0.0011618958716978298,0.1804044084749883,0.19202678530398273,0.2007699897827376,0.20115882001292948,-11.642957426897029,-16.990747021220926,-20.605664137108327,-20.759129532697322,0.18097250000000004,0.20750961504666504,0.15443538495333503,29.327234852438906,-11.920319385542028,-23.184282345589676,3.214687520068725
QNCCF,1D,1664803800,2022-10-03,0.1472,0.1472,0.1462,0.1462,7500.0,1096.5,-8.2810539523212,-13.695395513577333,-25.025641025641033,-24.6780010303967,6.829063797520072,5.502905341371604,6.075282291264143,0.6793478260869571,-5.768206115398488,-38.2950873547979,-85.38017543789475,-56.42096796482106,-75.78508969903827,35.49387237469573,-0.01125987051272756,-0.009131379199323041,-0.002128491313404519,0.17714684576308465,0.19022965646853243,0.19968939592565368,0.20061196608245258,-17.469600223349623,-23.145526983494168,-26.786297628727525,-27.12299128761291,0.17862000000000003,0.20851580907083755,0.1487241909291625,33.47420117661798,-18.15026312842908,-29.885412213357625,-1.6972295585489394
QNCCF,1D,1664890200,2022-10-04,0.1509,0.1562,0.14575,0.14575,7080.0,1031.9099999999999,-0.30779753761970313,-14.264705882352951,-20.224411603721954,-33.56882406563355,6.802452893740259,5.3737906071056125,5.511647512100722,6.9251159708416266,-5.8905608755130086,-66.18351630345732,926.9293924466338,-80.35614895312557,-76.48066040484042,35.363334405307555,-0.012341659806787364,-0.009773435320815906,-0.0025682244859714584,0.1741566699761242,0.18848535621486448,0.19862128907564075,0.20006607587267694,-16.310985953060875,-22.673037881069224,-26.61914506833446,-27.14906844438933,0.17634000000000002,0.20884603943884855,0.1438339605611515,36.86745995105878,-17.34717023931044,-30.21174814154112,1.3321189456045626
QNCCF,1D,1664976600,2022-10-05,0.14,0.1437,0.138,0.138,10016.0,1382.208,-5.317324185248699,-11.339543848377769,-25.405405405405396,-43.16309719934102,6.455040175233937,5.403369107852493,5.095610793639712,4.071428571428559,33.94656510742219,-79.46197491061918,-76.33762598703215,-40.700164744645804,-68.26794713961789,33.10518165160107,-0.013666803443936337,-0.010552108945439991,-0.003114694498496346,0.1707131775974457,0.18650553832408548,0.1974208675097865,0.19944850297842145,-19.162655196182794,-26.007559217785126,-30.098574815978296,-30.809207419856953,0.17348500000000006,0.20880697757770558,0.13816302242229453,40.72049753892903,-20.45421794391448,-33.91025453225355,-0.11799280258667215
QNCCF,1D,1665063000,2022-10-06,0.1432,0.1467,0.1432,0.1443,9000.0,1298.7,4.565217391304347,-14.665878178592543,-23.650793650793645,-45.03485315963889,5.647727359253623,5.566186122732571,4.902363372552273,2.4441340782122927,-6.04163772746215,207.3257688646127,-74.55026455026456,-86.68408286505384,-68.12273617349987,36.64672613904836,-0.014046710242911348,-0.011251029204934263,-0.0027956810379770845,0.16819763687387945,0.18485041917412134,0.19636896914325608,0.19889976165525308,-14.208069339166004,-21.93688245625483,-26.51588454653976,-27.450893455513125,0.17070000000000002,0.20600383831823374,0.1353961616817663,41.36360669974659,-15.465729349736382,-29.952761473751732,6.576137910881995
QNCCF,1D,1665408600,2022-10-10,0.1567,0.1567,0.1567,0.1567,2500.0,391.75,8.593208593208589,-12.847608453837589,-13.377556661138751,-35.72600492206726,6.161687160512057,6.109353603719265,5.144476030505751,0.0,-69.83521983521985,-48.73388732578682,-78.55880115374721,-97.29918501227276,-89.12900474044851,43.038844824890035,-0.013195107760707564,-0.011639844916088923,-0.0015552628446186406,0.16710262383827187,0.18374648116729306,0.19558344500180547,0.19847986352933017,-6.225290542618836,-14.71945530356493,-19.880744508537788,-21.049925562426733,0.16862500000000002,0.20204787390395948,0.13520212609604057,39.64165918927733,-7.071905114899936,-22.444123280166227,15.900544262660826
QNCCF,1D,1665495000,2022-10-11,0.1386,0.1426,0.134,0.1395,47007.0,6557.476500000001,-10.976388002552644,-20.873511060692003,-18.085731062830295,-39.45312499999999,6.960357350235115,6.537192534303758,5.381078172699531,6.204906204906202,1573.8931716656034,3076.344035499617,458.04986085935315,109.2740406709559,76.3824377750528,37.401707189093976,-0.013749606012420201,-0.01206179713535518,-0.001687808877065022,0.16447380252034122,0.18201132504308548,0.194472881734443,0.1978929992156055,-15.18406101011289,-23.356417537767083,-28.267633638251766,-29.507359758586503,0.16585000000000005,0.1992687222975377,0.1324312777024624,40.299936445628745,-15.887850467289738,-29.994030979078662,5.337653173911929
QNCCF,1D,1665581400,2022-10-12,0.1282,0.1382,0.1282,0.1382,21000.0,2902.2,-0.9318996415770777,-13.29987452948557,-15.731707317073182,-41.038440206493455,6.4375718764853,6.5003250294232275,5.348716159296388,7.800312012480484,-55.74212122605397,149.41131984668533,22.043734230445743,-75.78864794072001,-15.014507988658204,37.007173999750826,-0.01413105500151221,-0.012475648708586586,-0.0016554062929256246,0.16197153561364205,0.18029323386492527,0.19335856724465203,0.19729903902440543,-14.676366142718663,-23.34709570768546,-28.526570107887284,-29.954043018473612,0.16301000000000004,0.1956827501138171,0.13033724988618298,40.08680463016632,-15.219925157965797,-29.375481528332365,6.03261931695134
QNCCF,1D,1665667800,2022-10-13,0.1283,0.1283,0.128,0.128,9500.0,1216.0,-7.380607814761207,-12.448700410396713,-24.43919716646989,-43.61233480176212,6.314767642052357,6.577481253131676,5.442647315294661,0.23382696804364358,-58.10075115429674,10.898312813497492,-31.570292953428403,-91.76733848614896,-58.962192685952864,33.97859416371567,-0.015082548596937445,-0.012997028686256757,-0.002085519910680688,0.15873615126948568,0.1782425188113988,0.1920643381903025,0.19660949634754568,-19.363044286808393,-28.187729362465525,-33.355665499352526,-34.89632882547291,0.160275,0.19499082492178454,0.12555917507821546,43.320324344763115,-20.13726407736702,-34.35588569290691,1.9439638085102624
QNCCF,1D,1665754200,2022-10-14,0.1219,0.123,0.11,0.11,111350.0,12248.5,-14.0625,-24.52830188679245,-35.294117647058826,-45.59841740850643,7.592922642587658,7.258610591557161,5.644516420598036,10.664479081214107,907.2779605263157,1086.9736701844154,301.3927576601671,2230.7488347682993,265.2030829240583,29.405239865112975,-0.017092037327291254,-0.013816030414463656,-0.003276006912827598,0.15409461305334418,0.17556634160310866,0.19043930179049454,0.19574771031423677,-28.615285232637945,-37.34562160629296,-42.238813645193446,-43.80521753055741,0.156525,0.1956681794825103,0.11738182051748967,50.01524291009144,-29.72368631209072,-43.78237673038079,-6.288725532579209
QNCCF,1D,1666013400,2022-10-17,0.120665,0.120665,0.1011,0.104,48280.0,5021.12,-5.4545454545454595,-24.6376811594203,-33.1834243495021,-50.35799522673031,7.597392418540367,7.1322689975156885,5.586709931712772,16.21431235238056,-59.006245662734216,263.2680464879381,-25.39191747060366,-40.082100238663486,54.88083439487267,28.049971520436216,-0.018950274511160575,-0.01484287923380304,-0.004107395277357536,0.14932369752445426,0.17275981840298676,0.1887276324481085,0.1948347977737966,-30.35264882657473,-39.80081655480486,-44.894132008679094,-46.621444840287666,0.152275,0.1947106984153675,0.10983930158463248,55.73560783499263,-31.702511902807423,-46.58742388251235,-5.316222427118435
QNCCF,1D,1666099800,2022-10-18,0.103,0.10533,0.103,0.10533,11000.0,1158.6299999999999,1.2788461538461517,-27.006237006237015,-37.71141336487286,-45.4954721862872,7.163517439836201,6.5316613887434265,5.519352064920835,2.2621359223300956,-76.92486935185775,-10.785400785400798,174.17945297574974,-65.74001108852337,-63.42496499073855,28.832976357899042,-0.02008410393429283,-0.015891124173900997,-0.004192979760391832,0.14513382156974433,0.17011551179894807,0.18707619418180932,0.19394420277107224,-27.425600138708216,-38.08324773787541,-43.69673786626458,-45.69056538166837,0.1484965,0.19344723671253894,0.10354576328746105,60.541139639707254,-29.06903529712822,-45.55104441397654,1.723138307055198
QNCCF,1D,1666186200,2022-10-19,0.1098,0.1098,0.1,0.1,17940.0,1794.0,-5.0602867179341,-36.18379068283344,-44.38264738598442,-47.73974392474523,4.949357214907577,5.993128415103864,5.5465533634864155,8.925318761384325,54.83804148002383,357.94511805998724,134.77066021069163,-68.93681684480583,-40.89167887486329,27.539524799065035,-0.021168738337780574,-0.01694664700667691,-0.004222091331103663,0.14083536237262584,0.16736588388526383,0.1853519131089022,0.1930094345842954,-28.995105834699793,-40.250666576377,-46.04857412977134,-48.189061215903536,0.1449815,0.193421683845646,0.09654131615435402,66.8225723221873,-31.0256825870887,-48.299488448357316,3.5825944615423615
QNCCF,1D,1666359000,2022-10-21,0.10434,0.10787,0.101,0.10787,31200.0,3365.544,7.869999999999989,-22.67383512544804,-38.81452070334658,-44.710404920553565,6.4532093582558865,6.713821017640141,5.7829944211776345,6.5842438182863585,87.6,-48.676232389090536,1530.219431302807,-43.54142284222266,14.140885106524049,32.36421502406239,-0.021149477675695125,-0.017787213140480554,-0.003362264535214571,0.13769580405142337,0.16503271196819466,0.18381761779981504,0.19216227603121783,-21.660648453953428,-34.63720088367157,-41.31683279810814,-43.8651528136168,0.142175,0.1923552516932706,0.09199474830672938,70.58941683597062,-24.12871461227361,-43.92146871455876,17.25669343682453
QNCCF,1D,1666618200,2022-10-24,0.1009,0.1009,0.1009,0.1009,2280.0,230.05200000000002,-6.461481412811709,-26.989869753979733,-36.70012547051442,-49.55,6.442201378934268,6.548322466530863,5.785071940135886,0.0,-93.1644928724747,-92.07318585900352,-80.22962822914697,-97.35268124280782,-91.37279985433177,30.431640081363625,-0.02144937912077695,-0.01851964633653983,-0.002929732784237117,0.13419144176081163,0.16251770365571644,0.1821756847740761,0.19125419368264848,-24.80891577284911,-37.914456252870565,-44.61390381206448,-47.24298690808047,0.13874999999999998,0.19036027184582532,0.08713972815417464,74.39318464263113,-27.279279279279265,-46.99524274596544,15.791042888588743
QNCCF,1D,1666704600,2022-10-25,0.1,0.1,0.09538,0.09538,15800.0,1507.0040000000001,-5.470763131813674,-25.484374999999996,-34.76060191518467,-51.87689202825428,6.340578922777674,6.425112186999205,5.812000341603829,4.619999999999999,555.0710274198877,23.931250000000013,37.43766529867762,157.30798847836968,-44.12916855078321,28.956903774691654,-0.021880249151872075,-0.01919176689960628,-0.002688482252265794,0.13049511397406766,0.15988485253196286,0.1804569583429063,0.19030022160620422,-26.909140813537142,-40.344567675082025,-47.14529111215657,-49.87919656900158,0.135019,0.18782825672644887,0.08220974327355113,78.22492645694142,-29.358090342840633,-49.21956809783394,16.020311221049717
QNCCF,1D,1666877400,2022-10-27,0.1004,0.1034,0.1004,0.1034,1700.0,175.78,8.408471377647304,-5.999999999999995,-29.0566037735849,-46.97435897435897,6.069803710970115,7.029716658261042,6.118181909771255,2.988047808764943,-88.3357973834177,-98.5648854961832,-82.96556870269694,-89.51818723911748,-93.35992547986423,33.964040815826664,-0.021328705738606193,-0.019619154667406262,-0.0017095510711999315,0.12791462692891836,0.15766976027580745,0.17893107797968041,0.18943554278425193,-19.164834794492293,-34.41989141156479,-42.21238637385161,-45.416790069980564,0.13240650000000004,0.18603803522881804,0.07877496477118204,81.01042657092815,-21.907157125971928,-44.41996773787529,31.259976187036592
QNCCF,1D,1666963800,2022-10-28,0.0861,0.09,0.08479,0.09,111830.0,10064.699999999999,-12.959381044487436,-13.461538461538462,-34.782608695652186,-53.846153846153854,7.344193234783771,7.5315931127848,6.41871903474078,6.0511033681765305,5625.736716349982,100.44731056019371,628.1610293096262,34.194389667323975,268.29981106650644,30.141535614903844,-0.02172246852606334,-0.02003981743913768,-0.0016826510869256614,0.12430371007854518,0.1550160441865601,0.17717006653453823,0.18844613439833896,-27.596690442199446,-41.941493558120996,-49.20135113091746,-52.240994336473214,0.1284515,0.18234169512861298,0.07456130487138703,83.90745943583839,-29.9346445934847,-50.64211729713308,20.706042035132867
QNCCF,1D,1667223000,2022-10-31,0.1,0.1,0.08222,0.083,12370.0,1026.71,-7.77777777777777,-21.2000379758853,-42.48094248094249,-54.5703338806787,7.489314009860532,7.3476913437667735,6.4543766590214,17.780000000000005,-89.79890110981947,-11.38586088742738,-20.943250943250945,921.7544907200081,-62.84909748297047,28.346760301743103,-0.022341827194001962,-0.020500219390110534,-0.0018416078038914277,0.12037002340439802,0.1521918855910087,0.1753053127417751,0.18739691913069378,-31.04595508704754,-45.46358389760069,-52.654030444440046,-55.70898369886519,0.12361150000000003,0.17553726249801216,0.07168573750198791,84.01445253558467,-32.85414382965987,-52.71659201080459,15.78314305226802
QNCCF,1D,1667309400,2022-11-01,0.0886,0.0963,0.0886,0.0888,32984.0,2928.9792,6.987951807228915,-11.200000000000001,-43.33120612635609,-52.0,8.184997378034744,7.166836799546884,6.641368781955166,8.690744920993227,185.27814085769108,63.26528428093646,647.6653988513083,-49.85805225653206,9.841906460218281,31.96179284221259,-0.022109793931629068,-0.02082213429841424,-0.0012876596332148278,0.11736335450874107,0.1497059292933221,0.17359233625183895,0.18641585525874657,-24.337540988242377,-40.6837121153617,-48.8456680073863,-52.36456691049967,0.11923650000000001,0.16726643661249185,0.07120656338750818,80.56247308918299,-25.526160194235825,-46.91104695096481,24.70760527614264
QNCCF,1D,1667395800,2022-11-02,0.075,0.075,0.075,0.075,245.0,18.375,-15.540540540540547,-30.471864281079075,-46.23655913978496,-60.317460317460316,8.513380006936085,7.581604572349524,7.004736452151232,0.0,-99.3726483274446,-99.4540258573354,-99.71978549980317,-99.63991769547324,-99.26413263411699,28.30294922112286,-0.022776892726845424,-0.021213085984100478,-0.0015638067427449463,0.11332874931743239,0.14677628500730946,0.17164001276170351,0.18530723978353517,-33.82085265061388,-48.901827024532615,-56.303895115571756,-59.5266757588044,0.11501650000000001,0.1630205982729599,0.06701240172704014,83.47341168086297,-34.79196463116162,-53.993543886754225,11.919582147638188
QNCCF,1D,1667482200,2022-11-03,0.0712,0.0712,0.0712,0.0712,100.0,7.12,-5.066666666666664,-29.43508424182359,-48.480463096960925,-60.64123825317856,8.485809232755132,7.535184248758523,7.0117213451961735,0.0,-61.2517006802721,-96.90504755446595,-99.75466887189029,-99.61030928963544,-99.70776406681085,27.37369336338078,-0.023343116652136356,-0.021639092117707655,-0.0017040245344287011,0.10931648747767693,0.1438125091246699,0.16965110161790742,0.18417184436280348,-34.86801337763486,-50.491093971333676,-58.03151331114933,-61.34045339756612,0.11126650000000002,0.16063894627319966,0.06189405372680037,88.74629160295262,-36.009490727217994,-55.67700009752945,15.035283218442874
QNCCF,1D,1667568600,2022-11-04,0.0677,0.0677,0.06165,0.0667,7780.0,518.9259999999999,-6.320224719101129,-30.06919689662404,-47.890625,-60.833822665883744,8.505042135377543,7.509474917227648,7.018886056232616,8.936484490398808,7188.286516853931,-65.56571847188197,-57.32516447368422,-55.83871599138776,-78.50807473590196,26.273582361472407,-0.023879695321214603,-0.022087212758409046,-0.0017924825628055571,0.10525777438456484,0.14078848915899655,0.16761246594230528,0.18300297028954177,-36.631759136091915,-52.62396777006838,-60.20582381804517,-63.55250415090571,0.10731400000000005,0.1576584302381104,0.056969569761889695,93.82639774514105,-37.84594740667577,-57.69335017527229,17.080048662434447
QNCCF,1D,1667831400,2022-11-07,0.0704,0.0704,0.06705,0.06705,5700.0,382.185,0.5247376311844125,-35.154738878143135,-39.04545454545455,-59.11585365853659,7.114976320913591,7.0764875016021795,7.0422456320784885,4.758522727272735,-26.3507706301091,117.42234611446125,-96.87974037637262,-83.92830109335576,-83.72287912779875,26.520929549524297,-0.024000038206432997,-0.022469777848013836,-0.001530260358419161,0.101618938728892,0.13789678370178102,0.1656211299830517,0.18184920939113836,-34.018204835929325,-51.376675945536206,-59.51603517808305,-63.128792132506575,0.10376650000000003,0.15495374891025093,0.05257925108974911,98.65852449538318,-35.38377029195359,-56.729023678649234,27.521785895258056
QNCCF,1D,1667917800,2022-11-08,0.068,0.068,0.065,0.065,7000.0,455.0,-3.0574198359433202,-27.777777777777775,-37.49999999999999,-61.629279811097994,6.495608610720066,7.049230561238043,6.954327757838892,4.411764705882357,19.052291429543285,-95.47924925730523,-90.93827671913836,-74.39513428767263,-80.25106827035555,25.971327313302837,-0.023984351997342765,-0.02277269267787962,-0.0012116593194631438,0.0981314207547118,0.13503808630171119,0.16362863235962494,0.180686530690729,-33.76229601070052,-51.86543161255068,-60.27590094553731,-64.02609549725827,0.09980150000000004,0.1500929001694125,0.04951009983058756,100.78285430461958,-34.87071837597634,-56.69348788208279,31.28634404377168
QNCCF,1D,1668177000,2022-11-11,0.076,0.0761,0.06705,0.06705,23300.0,1562.2649999999999,3.153846153846148,-19.216867469879524,-36.34292224437482,-60.55882352941177,6.784564707554046,7.147256948113825,7.015815629329301,11.90789473684211,243.35494505494503,52.16224639869095,34.837264700551515,-48.80337538915288,-30.697856414452563,27.587391568413437,-0.023535203520165596,-0.022925194846336816,-0.0006100086738287797,0.09517128544473925,0.13237188683889897,0.16171618419408781,0.17955581894256256,-29.548077777164988,-49.34725068805426,-58.5384726122846,-62.65785180626846,0.09531900000000004,0.1402177527220967,0.05042024727790341,94.20735157124312,-29.657256160891354,-52.18151860350441,32.98229108325803
QNCCF,1D,1668436200,2022-11-14,0.07,0.07,0.07,0.07,100000.0,7000.000000000001,4.39970171513797,-21.171171171171167,-30.0,-55.0273048506264,6.296203298103451,7.356346265373733,7.050316377668986,0.0,348.0673893353561,138.99111335444104,290.1895206243033,4.011968984165778,209.28548867878223,29.95699816635488,-0.022679771482261357,-0.022876110173521723,0.00019633869126036568,0.0927740201642879,0.1299259304922755,0.15990002213083854,0.1784657112913928,-24.5478422989095,-46.12314898590492,-56.22264520844009,-60.77677919558096,0.09184400000000006,0.13314065477977566,0.05054734522022448,89.92782278597528,-23.783807325464963,-47.424023026035805,38.48402857761229
QNCCF,1D,1668522600,2022-11-15,0.0661,0.0661,0.06225,0.06225,15100.0,939.975,-11.07142857142858,-17.0,-42.29164735329563,-63.18746303962153,5.122531995094143,7.110923183702981,6.910335678242918,5.824508320726181,-86.57178571428571,5015.510204081633,-72.070637020345,122.43669791985393,-58.78256357260726,27.418536023381478,-0.022369335880116886,-0.022774755314840755,0.0004054194347238686,0.08986697062483191,0.12727197243375488,0.1579663583262675,0.1773093360546625,-30.73094645654032,-51.08899562910353,-60.592875179519325,-64.8918656032816,0.08804650000000006,0.12537095432956763,0.050722045670432474,84.783504919713,-29.298722833957104,-50.34735092120226,22.727699912717725
QNCCF,1D,1668609000,2022-11-16,0.0636,0.0644,0.0622,0.0644,5400.0,347.76,3.4538152610441757,-9.55056179775281,-36.17443012884044,-64.18242491657396,5.37213689341552,7.281326305675494,6.798964930131106,3.4591194968553465,-63.0032713636001,4784.269662921348,51.165823379062104,-54.490610482235155,-84.65752003211439,29.210634451517762,-0.021699685925386986,-0.02255974143695,0.0008600555115630161,0.0874415448510384,0.12480640488733312,0.15611355915148992,0.1761858600740191,-26.350797999155862,-48.400084067691864,-58.74797785020881,-63.44769099350861,0.08486650000000005,0.11870789847878616,0.05102510152121394,79.7520776249429,-24.116111775553417,-45.74918701681111,26.21238974551648
QNCCF,1D,1668695400,2022-11-17,0.0643,0.0643,0.06165,0.062,2000.0,124.0,-3.726708074534161,-7.046476761619185,-34.99685468651709,-64.83267158252978,5.0935352728237495,7.250810199634859,6.796175938007814,4.121306376360797,-64.34322521279043,-76.10449274077614,-91.77175375778698,-39.93624523062302,-94.52272543816824,28.368596905823125,-0.021119194525807863,-0.022271632054721574,0.0011524375289137107,0.08501854057951094,0.12234340861724162,0.15424992431680695,0.1750496823618398,-27.07473031483476,-49.322974812668036,-59.8054908132979,-64.5814838601982,0.08246650000000007,0.11563933604095353,0.0492936639590466,80.45166471465002,-24.817956382288628,-46.38502595860393,25.776813935985526
QNCCF,1D,1668781800,2022-11-18,0.0587,0.0612,0.05815,0.0612,4000.0,244.79999999999998,-1.2903225806451648,-8.724832214765103,-40.812379110251456,-61.60602258469259,5.060327301124754,6.583597927154504,6.698203647545698,5.1959114139693305,97.41935483870967,-35.947250677028144,39.264990328820105,-78.96220415599593,-89.03850652505213,28.078046964809005,-0.020487536654048635,-0.021914812974586986,0.001427276320538351,0.08275010814336704,0.11994562788715371,0.1524073515580583,0.173916849701523,-26.04239272537365,-48.976881376970496,-59.84445673102168,-64.8107701438752,0.08032650000000005,0.11318731452125004,0.04746568547875006,81.81811611672354,-23.810946574293716,-45.930336576268736,28.93524950229289
QNCCF,1D,1669041000,2022-11-21,0.0608,0.06215,0.0585,0.06215,4600.0,285.89,1.5522875816993456,-4.384615384615392,-30.944444444444446,-57.489740082079344,5.070833212864316,6.131565361574059,6.667845838132192,6.0032894736842,16.78513071895425,-37.16703296703297,-97.15947817619998,-73.92704058367534,-87.04182471921533,29.007893547868633,-0.019683388331114215,-0.021468528045892433,0.0017851397147782173,0.08078819308209399,0.11767913267589278,0.1506200772697799,0.17280474174429392,-23.070441819579436,-47.186898316823026,-58.737240661029965,-64.03455173008746,0.07816750000000004,0.10982551691515124,0.04650948308484885,81.00045905306217,-20.491252758499424,-43.4102367594448,33.62866210879535
QNCCF,1D,1669127400,2022-11-22,0.068,0.068,0.068,0.068,10000.0,680.0,9.4127111826227,1.4168530947054532,-18.072289156626503,-53.34476843910806,6.086988647332044,6.634842379382888,6.99844613249047,0.0,137.85371996222324,-56.473453607422556,-33.76902922928578,-34.10278028122606,-69.0137484889133,34.61388350531384,-0.018362378809372276,-0.020847298198588403,0.0024849193892161267,0.07957026993141837,0.11573093139448522,0.14898403613572486,0.1717619084931069,-14.540945935448987,-41.2430201842821,-54.35752597140554,-60.41031413974481,0.07656750000000004,0.10685502276103155,0.046279977238968525,79.11326022406764,-11.189473340516576,-36.36237376311841,46.93179222815791
QNCCF,1D,1669213800,2022-11-23,0.0658,0.0687,0.06155,0.0687,12744.0,875.5128,1.029411764705871,-1.8571428571428703,-22.635135135135144,-50.217391304347835,5.880579612475404,6.278465536941708,6.998681329371033,10.866261398176286,28.751882352941173,-87.49267428571429,-70.10860302456227,-36.65839005417419,-59.795186987111514,35.272538043160665,-0.01706230150533658,-0.020090298859938037,0.003027997354601457,0.07853500612842615,0.11388658114372109,0.14739425324194813,0.17073641686630983,-12.52308570822957,-39.676826444282426,-53.39031306245792,-59.76253850179278,0.07460900000000005,0.10141201020407963,0.047805989795920475,71.84926806170718,-7.919956037475437,-32.25654450419688,43.7058416597464
QNCCF,1D,1669386600,2022-11-25,0.072,0.072,0.061,0.061,28666.0,1748.626,-11.208151382823871,-2.008032128514058,-18.666666666666664,-57.72695772695773,5.917129643795739,5.660615099090188,7.074345805988002,15.277777777777773,99.72592062617474,86.02899013271629,9416.331972789116,34.64433664433664,-20.24981331204018,31.51218956784595,-0.016463525252826156,-0.01936494413851566,0.0029014188856895037,0.07686500554476651,0.11181259756945752,0.14568347595002837,0.1696445122208739,-20.640088987603942,-45.44442994260369,-58.128401589673814,-64.04245607392288,0.07261400000000005,0.09713498888707385,0.04809301111292626,67.53790973386339,-15.994160905610553,-37.200795821455515,26.837556202848468
QNCCF,1D,1669645800,2022-11-28,0.0571,0.065,0.0571,0.065,185500.0,12057.5,6.557377049180333,0.9316770186335456,-8.707865168539323,-58.51946394384173,6.273188465854198,5.895028768874944,6.976000807123715,13.835376532399307,589.5413884958818,3367.19001610306,169246.91011235956,2977.8557753669434,367.07563541154735,35.36697169793945,-0.0154876917187758,-0.018589493654567687,0.003101801935791886,0.07573500501669352,0.1099768094294788,0.1440857833569585,0.16860327329330302,-14.174429663439387,-40.89663053765857,-54.88798513940212,-61.44796080742412,0.07109500000000005,0.09345536448719031,0.04873463551280978,62.90277653053028,-8.57303607848659,-30.4480803679179,33.3753691107732
QNCCF,1D,1669732200,2022-11-29,0.0677,0.0677,0.0599,0.0599,17446.0,1045.0154,-7.846153846153846,-3.3870967741935445,-10.194902548725628,-57.060931899641574,6.797669228186026,6.015058701098652,6.873177724476839,11.52141802067946,-91.33306738544475,742.7543548387097,101.3804280379091,-84.06375684304777,-56.41663213899955,32.829801073747575,-0.014953489471656284,-0.017862292817985407,0.002908803346329123,0.07422690930081795,0.10801301298126394,0.14241873814196923,0.1675216486834194,-19.301503236185628,-44.54371899579329,-57.9409277308095,-64.24342735952987,0.06892000000000005,0.08616547476876191,0.051674525231238194,50.04490646767802,-13.087637840975106,-30.482597396752332,15.917852620713308
QNCCF,1D,1669818600,2022-11-30,0.0573,0.0599,0.05467,0.05467,39600.0,2164.9320000000002,-8.731218697829714,-10.669934640522866,-18.46383296047725,-60.441389290882775,7.4287694508028865,6.356326290507437,6.954635638637012,9.127399650959859,107.16747332144581,784.3676470588238,466.4617920640528,-25.403762662807512,-8.774422433570491,30.419763420516432,-0.014781752788338653,-0.017246184812056056,0.002464432023717402,0.07236434651026386,0.10592113011925358,0.14068113936688073,0.16639874670646995,-24.451746424261785,-48.38612471520214,-61.13906935497108,-67.14518523601699,0.06715350000000005,0.08253737243186873,0.05176962756813136,45.817038372888014,-18.58950017497232,-33.76333848629858,5.602459527165057
QNCCF,1D,1669991400,2022-12-02,0.05725,0.0601,0.05725,0.0601,14000.0,841.4,9.932321199926829,-3.2984714400643544,-7.538461538461541,-53.04687500000001,8.40598316371586,6.944311512960851,7.26173180594926,4.978165938864626,-61.135037959621826,194.3089999650215,84.92307692307692,-30.80592105263158,-64.35767781129493,35.697708318116185,-0.014045585839433508,-0.016606065017531545,0.0025604791780980372,0.07119631350928635,0.10412422305575345,0.1390854732408039,0.16534104773426628,-15.585516949327749,-42.28048168213521,-56.78916093850677,-63.65088958635858,0.06600850000000004,0.07983410996846113,0.05218289003153895,41.89039280838402,-8.951119931524024,-24.718895189358523,15.17185032043264
QNCCF,1D,1670337000,2022-12-06,0.058,0.0589,0.0575,0.0575,10254.0,589.605,-4.326123128119797,-15.441176470588239,-14.243102162565243,-47.72727272727273,7.5064152591889926,6.944770066209348,6.935361615602913,2.413793103448273,-29.925719039695743,-13.293382352941174,-62.2596038444182,-95.18630852757481,-70.10187709127888,34.35397183755728,-0.013516160613488648,-0.015988084136722966,0.002471923523234318,0.06989190269887813,0.10229582215160625,0.1374699193152434,0.16426800248317905,-17.7300977944002,-43.790470822178015,-58.172667674197086,-64.99622620912557,0.06444350000000003,0.0740319832481481,0.05485501675185196,29.75779791025646,-10.77455445467739,-22.33086636722195,4.821770924094637
QNCCF,1D,1670423400,2022-12-07,0.0549,0.0549,0.0549,0.0549,9666.0,530.6634,-4.521739130434791,-20.087336244541483,-21.571428571428584,-47.21153846153846,7.428360242912521,6.842632146682361,6.921403959067245,0.0,-9.996794464090364,-39.3882762193768,-92.41909428571428,-89.43137387674463,-70.8805095608564,33.01559745518297,-0.013154745856825426,-0.015421416480743457,0.002266670623918032,0.06846410244184212,0.1004371624593864,0.13583487140801087,0.16317976365250064,-19.81199191702594,-45.33895755746802,-59.583279734483355,-66.35612237010452,0.06343850000000004,0.07259418954257481,0.054282810457425265,28.864773103319802,-13.459492264161407,-24.374112658420934,1.1369889240698072
QNCCF,1D,1670509800,2022-12-08,0.0464,0.053,0.0464,0.053,3300.0,174.9,-3.460837887067394,-13.114754098360656,-14.859437751004018,-49.681951960505074,6.640057034503812,6.343518056840714,6.901963054257652,14.224137931034486,-67.04125439968162,-89.99786117786192,-81.3931221575042,-84.90458558815152,-90.22672431251505,32.03346620341404,-0.012873241465059922,-0.01491178147760675,0.0020385400125468283,0.0669913307807143,0.09857688157862615,0.13419457692468392,0.16208344759625684,-20.885285629737297,-46.23485836511623,-60.50511040416634,-67.30079425999081,0.06252850000000003,0.07202894898939087,0.05302805101060918,30.387580029557213,-15.238651175064211,-26.418473761422845,-0.05289843785427692
QNCCF,1D,1670596200,2022-12-09,0.04965,0.05285,0.04965,0.05285,7152.0,377.9832,-0.28301886792452335,-18.692307692307693,-17.93478260869565,-47.150000000000006,5.791638273268403,6.230595995883672,6.88508166187246,6.445115810674726,116.1138936535163,-96.8651611030479,8.690821256038653,-78.93070234113712,-78.30641854559957,31.952653498908333,-0.012517951796695952,-0.01443301554142459,0.001915063744728638,0.06564453737302722,0.09678367053632708,0.13258379322320504,0.16099654762017468,-19.49063529890057,-45.39368086875449,-60.1384160799903,-67.17320912701527,0.061836000000000044,0.07201414796512651,0.05165785203487358,32.91981358796318,-14.531987838799463,-26.611642998827,2.3077768783758494
QNCCF,1D,1670855400,2022-12-12,0.0494,0.0555,0.0489,0.05325,31760.0,1691.22,0.7568590350047257,-11.101836393989988,-14.112903225806454,-50.63502363956614,5.484043819701262,6.208083968542188,6.664836274857389,13.36032388663968,347.4325843053342,61.83684948566308,1263.8870967741934,-49.748985602327586,0.2761454911082505,32.44210003989052,-0.012065027392174937,-0.01395941791157466,0.0018943905193997222,0.06446410524226273,0.09507646777019661,0.13101282702076533,0.15992444266873015,-17.395890627999837,-43.992450236259046,-59.35512482944899,-66.70302605943557,0.061146000000000054,0.07168151213752821,0.050610487862471895,34.4601842721622,-12.913354921008812,-25.713062668328618,5.215346164416889
QNCCF,1D,1671028200,2022-12-14,0.0612,0.0626,0.0612,0.0626,2000.0,125.2,17.5586854460094,14.50521309676239,2.287581699346414,-37.95837462834489,7.78032152199938,7.811578302645565,7.484942814748521,2.287581699346414,-92.59706011045282,-94.21690842945645,-48.85620915032679,-45.57752160381131,-92.5612017913244,42.79908504571629,-0.010826809953964178,-0.013332896320052563,0.0025060863660883847,0.06428657140966629,0.09380288079881635,0.12965811757480958,0.15895604025411592,-2.6235205466451235,-33.26430972385454,-51.719181821468815,-60.61804263623818,0.06102600000000006,0.0714371275085831,0.05061487249141702,34.120301211231364,2.579228525546393,-12.370496710581373,23.67906292881672
QNCCF,1D,1671114600,2022-12-15,0.063,0.063,0.0567,0.0567,20050.0,1136.835,-9.42492012779553,-5.657237936772047,-8.76910699919549,-40.55357517299225,7.990811532006785,8.203546578076102,7.59132690552416,10.0,808.0151757188497,35.11231281198004,297.6476966665501,-24.563239380917373,-31.955734761468722,38.760984824061914,-0.010203969397486072,-0.012707110935539265,0.0025031415380531927,0.06356404079922189,0.09234786586552944,0.1282134023753084,0.15793856721676153,-10.798622480441662,-38.601721362394436,-55.77685409671383,-64.09996557574026,0.06050850000000006,0.0706969979756574,0.05032000202434273,33.676253669012866,-6.294157019261852,-19.798574729406315,12.678850792913105
QNCCF,1D,1671460200,2022-12-19,0.05293,0.0533,0.05293,0.0533,12404.0,661.1332,-5.99647266313933,-7.30434782608696,-21.617647058823536,-48.45261121856867,8.124468545965083,7.849232366812653,7.407209685418889,0.6990364632533578,-41.84440134232321,12.131545695847214,-2.7745294117647075,276.1140061440437,-60.807964853830946,36.61692887565482,-0.009870929424205657,-0.012139874633272544,0.0022689452090668867,0.0625865131040579,0.0908165770080577,0.12672996866490624,0.1568973874434604,-14.837882226507665,-41.31027422970263,-57.942071191595176,-66.02875237855238,0.05967350000000007,0.06933742109860046,0.050009578901399676,32.38932222376894,-10.68062037587884,-23.12953214079686,6.579581693914706
QNCCF,1D,1671633000,2022-12-21,0.05666,0.05666,0.0545,0.0545,150000.0,8175.0,2.251407129455909,-0.728597449908921,-20.669577874818046,-39.44444444444444,8.022403677816612,7.882774589152089,7.149611012888424,3.8122132015531274,1136.513307757045,1440.524558505448,833.7384901739872,-18.77552237026438,403.41241569827974,37.92209377038854,-0.009401784950277069,-0.011592256696673449,0.00219047174639638,0.06181636899890953,0.08939239751754563,0.12529967225570018,0.15587850796641106,-11.835649872994955,-39.03284673699133,-56.504275694527486,-65.03687345291775,0.059286000000000075,0.06912551706131816,0.04944648293868199,33.193391564005225,-8.07273217960407,-21.15791343498308,10.220174946688958
QNCCF,1D,1671805800,2022-12-23,0.0715,0.0715,0.06815,0.06815,15202.0,1036.0163,25.04587155963303,28.58490566037737,11.721311475409841,-17.891566265060245,11.577836629880379,9.909562337812357,8.478355104258052,4.685314685314674,-87.32701773700306,492.34779874213837,-40.75255085993231,0.9064195342404345,-36.21481846213331,50.42683804981397,-0.007838189878677432,-0.010841443333074244,0.0030032534543968127,0.06241957195139434,0.08855936232077913,0.12416799557736949,0.15500558748913335,9.180498791417389,-23.04596802182526,-45.11468137734775,-56.03384297048153,0.05947349999999999,0.0698252617341207,0.04912173826587929,34.811341972881046,14.588850496439608,-2.399220128239149,38.736947033769844
QNCCF,1D,1672151400,2022-12-27,0.0787,0.0787,0.0787,0.0787,802.0,63.1174,15.48055759354366,48.91201513718071,21.07692307692308,-11.37387387387387,11.99814976400919,10.49976110745867,8.850851413721331,0.0,-93.90768272661347,-83.30153297818528,-99.47652996060545,-97.8450717574232,-95.87116759540186,57.54504528895362,-0.005682231462140093,-0.009809600958887414,0.004127369496747321,0.0639700889084044,0.08817272066114074,0.12326763922930277,0.15424632791212706,23.026247646281426,-10.743368912870038,-36.15518193416354,-48.97771566734815,0.06030849999999999,0.07361357763975888,0.04700342236024109,44.12339103031546,30.49570126930702,6.909625266594749,67.43461656224034
QNCCF,1D,1672237800,2022-12-28,0.0709,0.0739,0.0709,0.0739,2000.0,147.79999999999998,-6.099110546378669,38.77934272300468,23.372287145242055,-1.4666666666666717,12.688943997530046,10.39316786464353,8.452467819590398,4.231311706629039,134.16680661750954,-91.26074667991155,-85.85666775819763,704.3537414965986,-90.35885345476169,53.76255868989705,-0.004311241461010945,-0.00870992905931212,0.004398687598301174,0.0649157947266516,0.08761300612540973,0.12229006221486113,0.15344686196275265,13.83978323176851,-15.651792732440736,-39.56990563128572,-51.84000568357122,0.0609435,0.07551055224127406,0.04637644775872593,47.80510551994575,21.25985543987463,-2.1328836744935677,59.34812511830509
QNCCF,1D,1672324200,2022-12-29,0.06655,0.06655,0.06655,0.06655,316.0,21.029799999999998,-9.945872801082539,6.3099041533546245,21.730382293762567,-6.530898876404496,12.618807230653623,10.487142466521869,8.599622509970361,0.0,-85.77144790257104,-83.20303514376998,-99.0286161412922,195.36235955056176,-98.62861921541861,48.50497131358305,-0.003774297825242967,-0.007722802812498289,0.003948504987255322,0.06507143332411335,0.08678700588519758,0.12118629860664606,0.15258221657008844,2.272220850771923,-23.31801365744456,-45.08455100521547,-56.38417012415707,0.061163499999999996,0.07592835187870187,0.04639864812129813,48.27994434164778,8.806722963859169,-12.351580992675972,43.43090304273735
QNCCF,1D,1672410600,2022-12-30,0.066477,0.066477,0.066477,0.066477,1034.0,68.737218,-0.1096919609316358,17.243386243386233,10.610648918469208,-0.33433283358320987,11.852193244534394,10.255894592169938,8.516284480516829,0.0,226.85626111517948,-93.95363284909419,-91.83061350130734,-86.75394603469474,-95.4732582528673,48.45428870069919,-0.003316426910322273,-0.006841527632063086,0.0035251007217408127,0.06520529681705493,0.08599053506617023,0.12010294615898971,0.15172544824600795,1.9503065625374738,-22.692654547566722,-44.64998392962054,-56.1859920214478,0.061087349999999985,0.07572554543898814,0.04644915456101182,47.925455725246444,8.822857760240067,-12.2132437414263,43.11778250491348
QNCCF,1D,1672756200,2023-01-03,0.0628,0.0628,0.0607,0.0607,17300.0,1050.11,-8.69022368638777,13.88367729831144,5.565217391304338,-9.470544369873231,12.175632996774075,10.483196209647232,8.668673213299673,3.3439490445859836,1427.7167603728158,58.83486111422024,78.10398487122733,174.76483901775316,-31.84353383679771,44.492228299093334,-0.0033807454025032435,-0.006149371186151118,0.0027686257836478743,0.06477622092971637,0.08499874937730081,0.11892665019544536,0.15081972239281383,-6.292773599959099,-28.58718458249443,-48.96013643683316,-59.753274282056225,0.06068734999999999,0.07490270387213457,0.0464719961278654,46.8478319522424,0.020844541737297606,-18.96153695116244,30.616295958079675
QNCCF,1D,1672842600,2023-01-04,0.0578,0.0578,0.055,0.055,30115.0,1656.325,-9.390444810543652,0.9174311926605512,0.18214936247723656,-15.384615384615389,12.87922684917399,10.734928609003688,8.81704490335357,4.8442906574394415,57.72871413470971,-79.73914373088685,212.12346658917875,264.0274725274725,4.779076551731289,40.935534284368856,-0.0038473112251236202,-0.005688959193945619,0.0018416479688219984,0.06384515226974338,0.08382232783309294,0.11766077593414942,0.1498662923192535,-13.854070286140042,-34.3850243463579,-53.255450201364006,-63.30062007350129,0.06038734999999999,0.07481530639409857,0.045959393605901414,47.78469793457928,-8.921322098088412,-26.48563154940391,19.670856564429798
QNCCF,1D,1673015400,2023-01-06,0.06,0.06,0.06,0.06,10000.0,600.0,9.090909090909086,-11.958914159941312,13.20754716981132,-10.514541387024611,9.325715579767458,10.88564461302916,8.955302246841672,0.0,-63.775225272817835,-42.085853282424225,243.05317324185248,-61.594223771255194,-61.25790145793896,45.08269970343245,-0.00377014984711823,-0.005305197324580141,0.0015350474774619106,0.06347894729167258,0.08288811889846184,0.11651897839089893,0.14897210035587785,-5.480474141588304,-27.613268587383256,-48.50624264940648,-59.72400210732973,0.06013734999999999,0.07440937248141485,0.04586532751858514,47.46475353973815,-0.22839383511244582,-19.3649966407308,30.817772915035512
QNCCF,1D,1673274600,2023-01-09,0.0591,0.0591,0.0591,0.0591,1000.0,59.1,-1.499999999999997,-24.904701397712838,11.82592242194891,-15.57142857142858,6.361812985351201,10.903948612595624,8.921533273286878,0.0,-90.14999999999999,-6.364964336300294,-84.36438444883264,-99.15571428571428,-95.51368516385966,44.47732959661357,-0.003738525977203838,-0.00499186305510488,0.0012533370779010417,0.06306190469246567,0.08195525149067903,0.11538196891781183,0.148077850601093,-6.282564270436664,-27.887476488652364,-48.77882518879726,-60.0885616855626,0.06009734999999998,0.07437629175735784,0.04581840824264212,47.519372342899864,-1.6595573681701115,-20.539195214510812,28.98745780739937
QNCCF,1D,1673361000,2023-01-10,0.0603,0.06742,0.0603,0.06742,10999.0,741.5525799999999,14.077834179357012,-8.768606224627876,26.610328638497645,8.305220883534128,8.780964910413,11.380665508852061,9.039838658390572,11.807628524046425,1154.7420981387477,401.727050067659,-56.152802119180244,-21.10932950344425,-43.424264406336654,51.02452381312554,-0.003007441452601914,-0.004594978734604287,0.0015875372820023728,0.06347696138842132,0.08138524162829947,0.11443222695904327,0.14727528492347017,6.2117633316611665,-17.159427617209953,-41.08303072339014,-54.221782673831534,0.06073485000000001,0.07512566539420178,0.046344034605798244,47.388988016605836,11.007107122187652,-10.257034468537976,45.47719155976306
QNCCF,1D,1673447400,2023-01-11,0.0683,0.0701,0.0683,0.0701,25130.0,1761.6129999999998,3.9750815781667193,5.3343350864011985,11.980830670926505,8.850931677018629,8.059222632935615,10.590968894812587,9.045700710026285,2.635431918008779,137.55739613231472,8276.746331396398,1307.0391373801915,406.55998389694037,29.735090580288553,52.949158993981314,-0.002186592421046532,-0.004113301471892736,0.0019267090508462035,0.06410772697047644,0.08094268313307204,0.11355436107866618,0.14650737164064956,9.347193096213163,-13.395507429925901,-38.267452404194884,-52.152578252553795,0.06123485000000001,0.07618664479895303,0.046283055201046995,48.83426610485047,14.477295200363823,-7.989123047766339,51.4593185248804
QNCCF,1D,1673533800,2023-01-12,0.0755,0.0755,0.07,0.07,15079.0,1055.5300000000002,-0.1426533523537646,5.299577297411154,23.4567901234568,12.903225806451623,8.059917066904454,10.178810678378134,9.010411429300692,7.284768211920518,-40.081618380427464,1435.6018627346837,-7.151873402912458,751.2338709677421,-24.00271664021514,52.86567687974514,-0.0015265358587618766,-0.003595948349266564,0.0020694124905046873,0.06466889583043106,0.08051355830432412,0.11269189848304903,0.1457461042611406,8.243691346683397,-13.058121545920379,-37.88373348725746,-51.9712719905175,0.061859850000000015,0.07717550923197543,0.0465441907680246,49.51728538616052,13.159019945893807,-9.297650645112242,50.39470843714682
QNCCF,1D,1673620200,2023-01-13,0.06825,0.07,0.06825,0.07,37501.0,2625.07,0.0,15.321252059308089,31.33208255159476,14.379084967320278,7.071095705775585,9.956915072207957,9.00344676209626,2.564102564102566,148.69686318721398,149.98047823561345,297.0561454182002,972.3325163398692,78.78937025344227,52.86567687974513,-0.0009920011064446926,-0.0030751589007021896,0.002083157794257497,0.06517662003705668,0.08010126190023298,0.11184651435467183,0.14499241168142776,7.400475753730332,-12.610615189576174,-37.41423199115002,-51.72161136694412,0.06261485000000001,0.07797238312579848,0.04725731687420155,49.05396443750471,11.794566304957996,-10.224624163322092,48.12521029566537
QNCCF,1D,1673965800,2023-01-17,0.0667,0.0718,0.0667,0.0669,39305.0,2629.5045,-4.428571428571436,21.636363636363637,22.752293577981654,7.642799678197916,6.03652641766839,10.112953516212183,9.051441531999982,7.646176911544239,0.16892882856456565,58.75534692768629,-67.83480733944954,819.7609220329499,70.04393293835051,50.02975780422681,-0.0008091946639575132,-0.0026219660533532544,0.0018127713893957413,0.0653407514620989,0.0795835653551258,0.1109564843674506,0.1442153727592245,2.3863339539422723,-15.937417855719223,-39.70609254484877,-53.611048031825824,0.06330985000000001,0.07811205111030774,0.04850764888969229,46.761131515262534,5.670760553057677,-14.353804503833063,37.91639366429079
QNCCF,1D,1674052200,2023-01-18,0.066,0.066,0.061915,0.061915,1570.0,97.20655,-7.451420029895371,3.191666666666667,-9.148936170212773,-8.948529411764717,6.419401799428929,8.06949645396003,9.012464268529778,6.189393939393947,-96.30323697867793,-83.79890833333333,-90.61727600231772,-85.70491911764707,-93.6339038453171,45.77713559441862,-0.001054412469257221,-0.0023084553365340476,0.0012540428672768267,0.06501448941808949,0.07889068043923851,0.10998536586512485,0.14339646357754068,-4.7673825416939986,-21.517979493551405,-43.706147165136116,-56.822505621611874,0.06376310000000002,0.07779131600774647,0.049734883992253565,44.001047652157595,-2.8983848024955168,-20.408853870225702,24.490086293643596
QNCCF,1D,1674138600,2023-01-19,0.0651,0.0651,0.0651,0.0651,6500.0,423.15000000000003,5.144149236856993,10.1522842639594,-17.280813214739517,-5.240174672489071,6.522126925011813,6.985891243112164,9.057170583903833,0.0,335.31017199972644,615.9898477157361,570.4173492570986,-51.66832512328774,-72.01134396233748,48.77322243615547,-0.0009804445107967907,-0.002042853171386596,0.0010624086605898054,0.06502263328303334,0.07834986944162131,0.10909654673908277,0.1426173942882119,0.11898428756321937,-16.911157014108134,-40.32808375163852,-54.35339404081311,0.06435559999999999,0.07753281614606092,0.05117838385393905,40.95126499033786,1.1566980962030036,-16.035553413459454,27.202141016786808
QNCCF,1D,1674484200,2023-01-23,0.0634,0.0799,0.0622,0.0799,671648.0,53664.6752,22.734254992319496,18.510827647582328,8.119079837618411,30.98360655737705,9.087556863479785,9.130887140350934,9.660059529521503,27.917981072555207,12582.1872149356,7136.799742507807,36208.981867388364,2968.9624425120064,1555.092422783689,59.8696233436741,0.0002693075308550785,-0.0015804210309382613,0.0018497285617933398,0.06643952535131588,0.07841065887528322,0.1085183972987049,0.14199334061370233,20.259739330629532,1.89941156735549,-26.371931406184196,-43.729755455665604,0.06522059999999999,0.07999745262023038,0.05044374737976961,45.31345194687073,22.507305973879436,-0.12181965429950983,58.39425924974753
QNCCF,1D,1674570600,2023-01-24,0.067,0.068,0.06398,0.068,165000.0,11220.0,-14.89361702127659,-2.9957203994293735,2.178812922614586,4.615384615384619,10.955445216972977,9.628157180961912,10.034199699327994,6.000000000000014,-79.0923918607822,536.9162807041048,53252.86117794749,-6.945884304374871,249.04547922548886,50.4137062139508,0.0002961012098603305,-0.0012051165827785429,0.0015012177926388734,0.0665881419845239,0.07800239774291917,0.10771605279774045,0.14125708846829235,2.1202844431434142,-12.823192661186052,-36.87106217335654,-51.86082288871202,0.06578559999999999,0.08007207477021565,0.05149912522978433,43.43344066244182,3.3660861951552006,-15.07651051238413,32.041077778681284
QNCCF,1D,1674657000,2023-01-25,0.08052,0.08052,0.0762,0.0762,25438.0,1938.3756,12.058823529411763,8.857142857142852,14.62611128661042,27.212020033388985,11.716442471506973,10.064140610665993,10.109806695683812,5.365126676602075,-82.72392513368985,83.6400291796538,2719.97970880928,85.48775453452649,-40.25214071082692,55.61578847098041,0.0009678500898802761,-0.000770523248246779,0.001738373338127055,0.06750355703361686,0.07793171547849097,0.10709197254431985,0.1406097542546775,12.882940319800182,-2.2220933645030754,-28.846207433087713,-45.80745809285479,0.06693059999999998,0.08069189228524752,0.05316930771475244,41.12107850593763,13.84927073715166,-5.566720717576661,43.315764818313475
QNCCF,1D,1674743400,2023-01-26,0.08685,0.08685,0.07,0.07325,429600.0,31468.199999999997,-3.871391076115496,4.642857142857127,20.675453047775946,33.98573257728186,11.882352919964498,9.789410420390126,9.986107194791451,19.40126655152561,1523.431495939177,1098.7566045857823,2896.6574930245406,1353.5421897777849,645.5090817160502,53.44356821353897,0.001247791803971346,-0.000366860237803154,0.0016146520417745,0.06805083731612954,0.07774811879305996,0.1064218344741353,0.13993950794368568,7.640115667817268,-5.785501775332314,-31.170139697410836,-47.655954293138436,0.06786809999999999,0.08063291650318602,0.055103283496813954,37.616542980239714,7.92994057591123,-9.1562066998957,32.932187252026964
QNCCF,1D,1674829800,2023-01-27,0.07321,0.07321,0.07321,0.07321,1000.0,73.21,-0.05460750853242099,9.431988041853506,33.1090909090909,21.81364392678868,11.676455546398712,9.309645776770099,9.863580467159228,0.0,-99.76735243833458,-97.21582526289649,-95.57997373703833,-91.29902543380081,-98.25500552859076,53.413104962859016,0.0014497086249376095,-3.5464652550012965e-06,0.0014532550901926108,0.06854218614316482,0.07757015335019486,0.10576417438553855,0.1392755327402659,6.810132736480662,-5.620916244049054,-30.779963607402568,-47.43513195779414,0.06812109999999999,0.08109706971174058,0.0551451302882594,38.096770932179865,7.470372615826825,-9.725468182482004,32.758776010339155
QNCCF,1D,1675089000,2023-01-30,0.07,0.0731,0.07,0.0724,15400.0,1114.96,-1.1064062286572756,16.934506985383198,20.666666666666682,25.91304347826087,11.14547666717984,9.161764926853662,9.821169582428412,4.428571428571416,1422.961344078678,1047.0008965445231,85.82666666666667,89.10287395798882,-73.53487489335289,52.75730242969651,0.0015267692838150243,0.00030251668455900385,0.0012242525992560206,0.06890959698667293,0.07736740223842252,0.10510349766503284,0.1386101045537956,5.065191447864832,-6.420536420642002,-31.11551793381758,-47.767155769007424,0.0678061,0.08002322167247299,0.055588978327526996,36.03546486960021,6.775054161793721,-9.526261893921317,30.241645337360683
QNCCF,1D,1675261800,2023-02-01,0.0719,0.0719,0.07,0.07,25695.0,1798.65,-3.3149171270718223,7.526881720430109,18.443316412859573,27.504553734061947,11.289820338251104,9.219534661032183,9.799990050231235,2.6425591098748242,61.31968859869412,325.0620347394541,2943.401015228427,238.94366937685928,-57.7306091849921,50.7683287398422,0.0013782923722937407,0.0005176718221059513,0.0008606205501877894,0.06901344489270408,0.07707848450358241,0.10440837889938863,0.13792741694629515,1.4295114652365633,-9.183476490451,-32.955572399553944,-49.24866893776751,0.0676111,0.0795543607758521,0.05566783922414789,35.32928994159865,3.5332955683312552,-12.009851732417182,25.745854295050552
QNCCF,1D,1675348200,2023-02-02,0.069,0.069,0.0675,0.06818,43400.0,2959.012,-2.600000000000003,-14.668335419274086,1.1272619400771444,28.641509433962277,7.310103285887298,8.589242862981735,9.787356931863933,2.1739130434782625,64.51294026075112,-94.48610843357905,299.02929068091174,1591.830760434534,-31.945611334564735,49.25192618775355,0.0011010720869446544,0.0006343518750736919,0.0004667202118709625,0.06893406918863702,0.07672952432697135,0.10369098525781657,0.13723341279757578,-1.0938991379915786,-11.14241799615338,-34.246935902404914,-50.31822162685121,0.06769259999999999,0.07962802842800408,0.0557571715719959,35.263613535317276,0.7200196180971228,-14.376882931811938,22.280234233121465
QNCCF,1D,1675434600,2023-02-03,0.0675,0.0679,0.0675,0.0675,40533.0,2735.9775,-0.9973599295981227,-0.7352941176470594,-3.708987161198276,27.719962157048254,5.07615647204363,8.538046680577827,9.792036623318703,0.592592592592589,-7.537465207981589,-75.61517379679144,55.310928109635896,623.8357419059894,-38.192493205770205,48.667030132441454,0.0008170838623897392,0.0006708982725369013,0.00014618558985283786,0.06879749117067159,0.07636758219650189,0.10297433208439447,0.1365395479936198,-1.885957101913488,-11.611710023350815,-34.44968407789315,-50.56377365248482,0.06774374999999999,0.07966666360154906,0.05582083639845092,35.2000401558788,-0.35981179075558567,-15.271963267346472,20.922587970883928
QNCCF,1D,1675693800,2023-02-06,0.078,0.082,0.078,0.082,25777.0,2113.714,21.48148148148148,7.611548556430445,17.14285714285714,53.99061032863851,8.310228631489053,10.16044159370037,10.440888684101557,5.128205128205133,-22.743736013910933,9.045635943828422,100.25143766638556,24.98161090810184,-52.40126339699713,59.666368683568955,0.0017419696253465344,0.0008851125430988279,0.0008568570822477065,0.07005487296394096,0.07658846132605084,0.1025589987757926,0.13599686592403154,17.05110084520103,7.065736248325026,-20.04602133522896,-39.704492862500544,0.06880875,0.08178350312867282,0.05583399687132719,37.71250932090123,19.17089033008157,0.2647194887049109,46.863926272328214
QNCCF,1D,1675780200,2023-02-07,0.07975,0.0858,0.0706,0.08575,27880.0,2390.71,4.573170731707322,17.064846416382267,22.499999999999996,36.98083067092652,8.07242703754857,10.176561499995932,10.047095815038274,19.059561128526653,13.10470574543198,-92.40277486478413,-8.927761926348635,1809.5127795527158,-47.06380487175916,61.93786122759477,0.002745889016548056,0.0012572678377886736,0.0014886211787593824,0.07154964696737516,0.07694773735248021,0.10222614731488582,0.13549689710886706,19.84685268831564,11.439274175403774,-16.117351331000037,-36.714417946336546,0.07034624999999999,0.08369366430952119,0.05699883569047878,37.947763553909994,21.897044973968086,2.4569789212167232,50.44166948540649
QNCCF,1D,1675953000,2023-02-09,0.0833,0.0865,0.08274,0.08274,278734.0,23062.451159999997,-3.5102040816326676,13.01734735691845,23.67713004484304,45.92592592592592,8.319636477388007,10.138133572912002,9.886949167051407,4.513805522208883,864.6695400111263,31401.77729818331,777.0645252746286,1928.654216311074,339.53055551096537,59.062605329174694,0.0032610294054774835,0.0016580201513264356,0.001603009254151048,0.0726153948752442,0.07717488490728491,0.10184028301162075,0.13497195285902758,13.942780511143987,7.211044239846689,-18.755135440306336,-38.69837529400024,0.07148324999999998,0.08498489518679155,0.05798160481320843,37.775689232908576,15.747395368845165,-2.6415225692252844,42.700431053180345
QNCCF,1D,1676039400,2023-02-10,0.08,0.08,0.08,0.08,18000.0,1440.0,-3.311578438481983,10.497237569060767,29.209399983848833,50.093808630394,8.474450153994031,9.915681554877132,9.828610898527218,0.0,-93.7560843380882,29.152615340460642,1381.381655865783,117.80784870582812,-72.69120543128375,56.49177015996418,0.0034088911984509335,0.002008194360751335,0.0014006968376995984,0.07331869060141141,0.07728567373445021,0.10140780215990548,0.13442496825346512,9.112696017596326,3.512069099476425,-21.11060658444058,-40.48724649935871,0.07252824999999999,0.08524691159428766,0.05980958840571232,35.07229691682253,10.30184790064563,-6.154957987521094,33.757817320741374
QNCCF,1D,1676385000,2023-02-14,0.072,0.072,0.0697,0.0697,10101.0,704.0396999999999,-12.875000000000004,-0.4285714285714408,7.066052227342539,27.88990825688073,9.842239458180856,10.609392593322518,10.17525155981982,3.19444444444444,-51.10835416666667,-60.85732632807941,66.3806451612903,-91.38789357798164,-85.98645583141706,48.02860278426658,0.0026642371479492083,0.00213940291819091,0.0005248342297582984,0.072974053401277,0.07698819633309922,0.1007799248894123,0.13378093871860477,-4.486599344116607,-9.466641225839242,-30.839400727393762,-47.899902132838825,0.07264224999999999,0.08521576680119804,0.06006873319880194,34.617641389681765,-4.0503288375566475,-18.20762446155669,16.033743826963466
QNCCF,1D,1676471400,2023-02-15,0.0675,0.0675,0.0675,0.0675,3000.0,202.5,-3.156384505021512,-0.9973599295981227,-15.519399249061319,-0.953778429933966,9.868312292962706,8.758680024863079,9.194648679266871,0.0,-71.23741743540883,-93.15649953430402,-99.62265680497401,-80.45397548281818,-95.94692834473561,46.428661483761324,0.0018749584799156727,0.0020865140305358623,-0.00021155555062018962,0.07245271498210776,0.07661611020238945,0.10012091647576057,0.13312142689055895,-6.835789360455062,-11.89842472856987,-32.58152004996692,-49.2944136968328,0.07251225,0.0852410231046633,0.059783476895336696,35.107924811775405,-6.9122803388392935,-20.812775889468107,12.90745119788311
QNCCF,1D,1676557800,2023-02-16,0.0676,0.0676,0.0675,0.0675,16025.0,1081.6875,0.0,0.0,-0.7352941176470594,-14.23125794155019,9.855529227138383,7.8420687008963945,8.756208410867652,0.14792899408282395,434.1666666666667,-60.46431302889004,-90.35929144385027,1613.7706876392247,-78.49597536651903,46.428661483761324,0.0012352107088932085,0.0019162533662073315,-0.000681042657314123,0.07198102784095464,0.07625861568464869,0.09947495773366631,0.13246847736925985,-6.225290156811421,-11.485411328299058,-32.14372588051344,-49.044481116936424,0.07238725,0.08526053298259625,0.059513967017403746,35.56781887030176,-6.751534282625733,-20.830896032777098,13.418754256897197
QNCCF,1D,1676644200,2023-02-17,0.06605,0.0663,0.0648,0.06615,15140.0,1001.511,-2.0000000000000058,-19.32926829268293,-13.188976377952761,-10.487144790257096,4.857635042867821,7.131913077897325,8.693973330480468,2.2710068130204415,-7.412168486739473,-52.618424252287674,-48.33245940570032,577.6123139377538,-80.20189330748985,45.353447615436956,0.0006122150397571691,0.001655445700917299,-0.00104323066116013,0.07142569185610181,0.07586219938328992,0.0988150575805244,0.13180859202230202,-7.386266368592574,-12.802422632409485,-33.0567611660861,-49.81359030919061,0.07219475,0.08531778527199418,0.05907171472800581,36.35454176929537,-8.372838745199617,-22.46634181945422,11.982528871196594
QNCCF,1D,1677076200,2023-02-22,0.0648,0.0648,0.0648,0.0648,10000.0,648.0,-2.0408163265306185,-24.431486880466483,-11.535836177474403,-2.6296018031555244,3.851804471317892,7.0904661530981725,8.506526576738704,0.0,-35.297765076968695,-72.89508137749874,-97.94077830953152,2981.3417150900154,-87.24288679036236,44.24986381746987,9.443902516600988e-06,0.0013262453412371594,-0.0013168014387205584,0.07079467358409211,0.07542838764276874,0.09814149208388036,0.13114183986287614,-8.467690124980171,-14.090699768242597,-33.97288076217935,-50.587852002262714,0.07208975,0.08541264550923547,0.05876685449076453,36.96196896017942,-10.112047829268375,-24.133013778395,10.266238616163479
QNCCF,1D,1677508200,2023-02-27,0.067,0.067,0.0581,0.0581,2000.0,116.2,-10.339506172839503,-29.780033840947546,-20.6392569321131,-12.601350843148754,4.460934359115419,7.512359519579675,8.716803033324044,13.283582089552246,-82.0679012345679,-99.49615069450405,58.721486135773816,69.049611521956,-97.71309415090505,39.15733127984248,-0.0009973932437831873,0.00086151762423309,-0.0018589108680162774,0.06958565705227382,0.07474884302932683,0.09734859125053619,0.13041505538662862,-16.505782281606706,-22.273044444038888,-40.31757496061353,-55.44992882320475,0.071899,0.08589155216177523,0.05790644783822478,38.9228004889504,-19.192200169682476,-32.35656064222746,0.3342497580165012
QNCCF,1D,1677594600,2023-02-28,0.0673,0.0673,0.0618,0.0618,24500.0,1514.1,6.36833046471601,-22.75,-14.64088397790056,1.812191103789133,5.961434607111857,7.773295809360249,8.640034606648738,8.172362555720651,1203.0120481927709,5.145833333333327,35.798593671521836,44.184894915770734,-70.29176995834541,43.054866884959466,-0.0014797027658837864,0.0003932735462097147,-0.001872976312093501,0.06884416590443822,0.07424104526347088,0.09664465875052557,0.12973231851710992,-10.232044810036832,-16.75763752964331,-36.05440714574004,-52.36345059858819,0.071734,0.08611576957123142,0.057352230428768594,40.09749789843425,-13.848384308696021,-28.236140363488726,7.7551815125229195
QNCCF,1D,1677853800,2023-03-03,0.0587,0.0587,0.0581,0.0581,5100.0,296.31,-5.987055016181233,-16.642754662840744,-17.00000000000001,5.636363636363634,4.771783496416722,7.864063529021171,8.532181642227771,1.0221465076661045,-80.42995839112345,-57.912884742153025,-83.52597781669586,-82.1103950009811,-94.1339082888145,40.27632854146602,-0.002135874582163355,-0.00011255607946489927,-0.002023318502698456,0.06782091200877743,0.07360806309627593,0.09588139818120824,0.12901955912887997,-14.333207444216242,-21.068429794154625,-39.40430458659394,-54.96806810356338,0.07064400000000001,0.08567474768599337,0.05561325231400666,42.55350117771743,-17.756638921918366,-32.1853853448832,4.47150199371999
QNCCF,1D,1678113000,2023-03-06,0.06379,0.06379,0.06085,0.0614,8653.0,531.2942,5.679862306368338,-9.037037037037038,-9.944265180404813,2.3333333333333424,5.527136164531892,8.033144534918874,8.439575247052101,4.608872864085277,79.30349971313828,162.3675061728395,-82.0448784932268,-11.450966666666659,-89.47712126727325,43.76226044339981,-0.0023623809956910546,-0.0005625210627101303,-0.0017998599329809243,0.06720939657937006,0.07312931552387296,0.09519859821722391,0.12834672769476177,-8.643726733224755,-16.039143043864453,-35.50325199127655,-52.16083720807949,0.07031400000000002,0.08584396896326565,0.05478403103673438,44.17319157853523,-12.677418437295573,-28.47488211283161,12.076455197006968
QNCCF,1D,1678199400,2023-03-07,0.06455,0.06455,0.06455,0.06455,2400.0,154.92,5.130293159609109,-4.370370370370382,-4.370370370370382,9.221658206429774,5.959372031497366,8.156662141284194,8.473226719507846,0.0,-70.84101426290745,-85.67793378401804,-94.33767273305426,162.13197969543145,-96.93357513485546,46.94554564801968,-0.002261639513461297,-0.0009023447528603637,-0.0013592947606009334,0.06695612071466815,0.07279287177783872,0.09459169528222938,0.12771193438436612,-3.5935784346315094,-11.323734833536554,-31.759337003735062,-49.45656385899837,0.06973149999999999,0.08520852978610588,0.054254470213894096,44.39035381744518,-7.430644687121305,-24.24467343582129,18.976371431730072
QNCCF,1D,1678285800,2023-03-08,0.058,0.058,0.0577,0.0577,47730.0,2754.021,-10.611928737412851,-12.773998488284203,-29.63414634146342,-14.417086917828529,6.956706535799911,6.030174998549591,8.325627818583712,0.5172413793103476,1677.7052672347018,174.98659525457037,30.292981926599357,271.3858024740472,-46.20232912158828,41.45082548395954,-0.0027033760785124955,-0.00126255101799079,-0.0014408250605217054,0.06607458540850929,0.07220099445321759,0.0938611666627793,0.1270152982213376,-12.674442611683464,-20.084203220515843,-38.52622756405501,-54.572401271340055,0.06895399999999999,0.08518963537407775,0.05271836462592222,47.091206816363865,-16.321025611277065,-32.26875576279616,9.44952562437465
QNCCF,1D,1678372200,2023-03-09,0.0577,0.0577,0.05595,0.05595,113000.0,6322.35,-3.032928942807628,-13.657407407407405,-34.75218658892128,-20.18544935805991,6.972583100242474,5.7219877891093756,8.303916049409795,3.032928942807628,129.5679662573379,875.6712962962963,164.45491088421434,258.89551223793205,19.94037088393128,40.15766679943317,-0.00315825941490859,-0.00164169269737435,-0.0015165667175342401,0.06511033917912745,0.07156370055309141,0.09311045049123912,0.12630818082610043,-14.06894710519954,-21.81790549177649,-39.91007485753234,-55.70358179963713,0.06809099999999998,0.08514429516545141,0.05103770483454856,50.08971865724231,-17.830550292990246,-34.28802259590193,9.62483556299381
QNCCF,1D,1678458600,2023-03-10,0.0544,0.055,0.05,0.05,38000.0,1900.0,-10.634495084897225,-13.94148020654044,-39.56973652405124,-28.571428571428577,7.024598120380491,6.065888149923027,8.503472114296013,9.191176470588232,-69.9478833028858,1535.1118760757315,-91.76150016831082,80.00435800024628,-64.1468394292505,36.04071624918897,-0.0039533018076416265,-0.0021040145194278054,-0.001849287288213821,0.0636712592573058,0.07071806523728391,0.09225677820428389,0.1255488954447462,-21.471633224745933,-29.296708228325443,-45.803440166439415,-60.17487862168815,0.06697099999999999,0.08561344179285552,0.04832855820714446,55.673177324082154,-25.340819160532153,-41.59795593666633,3.4584971181872537
QNCCF,1D,1678800600,2023-03-14,0.0592,0.0592,0.05655,0.05655,11536.0,652.3608,13.100000000000001,-8.495145631067958,-29.312499999999996,-19.214285714285715,8.41060589363764,7.3982829580200455,8.860566644074614,4.476351351351351,-65.66522105263158,-56.914285714285704,-54.69716666666666,-75.1488226980614,-87.53522874917617,42.97186707617014,-0.004008639274225727,-0.00248493947038739,-0.001523699803838337,0.06299304408994334,0.0701624548358218,0.09154971328934758,0.12486233927116665,-10.228183417749696,-19.40133774919159,-38.23028170359112,-54.71012290007721,0.06629849999999998,0.0854195902147343,0.04717740978526566,57.68181848679631,-14.7039525781126,-33.79738786168339,19.86669098069383
QNCCF,1D,1678887000,2023-03-15,0.059,0.059,0.059,0.059,12000.0,708.0,4.332449160035356,1.5490533562822686,-15.351506456241035,-11.808669656203294,8.294758459649266,6.93267422046652,8.865097850816454,0.0,8.528899958427907,138.93894907360533,0.5625108924965561,-73.07477511447499,-86.30451313412057,45.357174572403395,-0.003810870744920092,-0.0027501257252939303,-0.0010607450196261615,0.06261275417661541,0.06972471150892683,0.0909051645113407,0.12420699261175205,-5.769997222011202,-15.381507182792356,-35.097196823575885,-52.49864861922629,0.06583949999999998,0.08519715944012891,0.04648184055987105,58.80257122283413,-10.388140857691791,-30.748864882682614,26.93129034768944
QNCCF,1D,1678973400,2023-03-16,0.0538,0.0568,0.0538,0.0568,14698.0,834.8464,-3.728813559322023,-7.491856677524429,-15.851851851851853,-8.261326011467325,8.117636510356382,6.947284617451685,8.78618573579486,5.576208178438667,17.916158192090396,57.13448405798519,312.26982716049383,758.8375989066582,-83.92725450604746,43.5938911085436,-0.003787993740536247,-0.0029576993283423935,-0.0008302944121938534,0.062059158540747277,0.06921786007720421,0.09022981471903693,0.12353627626735651,-8.47442773058899,-17.940254239806855,-37.04963245589356,-54.021602628628884,0.06530449999999999,0.08503683739322354,0.045572162606776434,60.431784618896266,-13.022839161160388,-33.20541809739703,24.637490851825465
QNCCF,1D,1679059800,2023-03-17,0.0557,0.0557,0.0557,0.0557,6557.0,365.2249,-1.9366197183098657,-13.71030209140201,-17.481481481481488,-14.43932411674348,7.751251758993179,6.9456110347591205,8.742093199403087,0.0,-56.25244356327104,135.75064549444875,-66.23563644768014,-13.689022805151845,-92.96595181885213,42.70005224109059,-0.0038146514295171532,-0.0031290897485773453,-0.0006855616809398079,0.06145352439400944,0.06868774791731384,0.08954605601172927,0.12286128844380073,-9.362399391645468,-18.908390959255886,-37.797372122448266,-54.664320466183035,0.06398949999999999,0.08256770171598982,0.045411298284010165,58.066406882347344,-12.95446909258549,-32.54020780232847,22.656700215092954
QNCCF,1D,1679405400,2023-03-21,0.0553,0.0553,0.0528,0.0528,11332.0,598.3296,-5.206463195691203,-8.492201039861353,-20.18140589569161,-33.917396745932415,7.0732664770371025,7.023236170508178,7.677885892112218,4.52079566003617,63.82497469367506,-78.27432688421766,-40.257311202772605,-98.88505875090064,-82.52218011304778,40.35107552703459,-0.004023404303453569,-0.00330795265955259,-0.0007154516439009792,0.060629379213627585,0.06806469897937997,0.08881841133822968,0.12216416119560371,-12.913507139897924,-22.42674867923,-40.55286600552655,-56.779468312757416,0.06234199999999999,0.07860944183945373,0.046074558160546245,52.18774450435901,-15.305893298257981,-32.832495989686684,14.596866704655168
QNCCF,1D,1679491800,2023-03-22,0.0525,0.0525,0.0525,0.0525,17500.0,918.75,-0.5681818181818213,-6.1662198391420935,-18.98148148148148,-22.794117647058833,7.025247973494957,7.023138162878348,7.2369079984126286,0.0,53.55249013252895,-85.4682198865928,41.782407407407405,-91.81149732620321,-70.17035942634958,40.1052879748134,-0.004165037987552425,-0.003479369725152557,-0.0006856682623998683,0.05985515262185353,0.06745431862724742,0.08809923487608652,0.12147098546231412,-12.28825305704444,-22.16954960272446,-40.40810902178392,-56.7798023534699,0.06082999999999998,0.07467349666811136,0.04698650333188859,45.51535975048953,-13.693901035673164,-29.693931123464257,11.73421360846303
QNCCF,1D,1679578200,2023-03-23,0.0536,0.0536,0.0505,0.0505,5500.0,277.75,-3.8095238095238,1.0000000000000009,-13.080895008605845,-33.727034120734906,5.967729105124236,6.608264687287391,6.862160365368347,5.783582089552236,-69.7687074829932,-85.38157894736842,139.02753872633392,-85.67099173142708,-90.81707680743621,38.42489490358443,-0.004388083888341526,-0.0036611125577903506,-0.0007269713305511757,0.058964185705486526,0.0667894433869632,0.08735469557160956,0.1207648065024901,-14.35479114010548,-24.38924860113863,-42.18971324947002,-58.18318145613165,0.05935499999999999,0.07079107887346048,0.047918921126539504,38.53450888201664,-14.918709460028623,-28.663327634448,5.386345962682765
QNCCF,1D,1679664600,2023-03-24,0.0502,0.0524,0.05,0.05,19000.0,950.0,-0.990099009900991,-11.582670203359859,-19.09385113268608,-31.740614334470983,2.905483863394985,6.304544092845166,6.843317096854473,4.780876494023903,242.03420342034204,45.6249363848962,-37.25645598045043,-96.98107931181319,-52.6742217756003,37.99627244010696,-0.004552714336101174,-0.0038394329134525153,-0.0007132814226486588,0.058110453733535426,0.06613103384237641,0.0866149986295975,0.12006067907460462,-13.956961635036928,-24.3925323787086,-42.273277387186454,-58.354391808053606,0.05836999999999999,0.06946064470623811,0.04727935529376187,38.00118110754882,-14.339557992119223,-28.0167925140067,5.754403141358188
QNCCF,1D,1679923800,2023-03-27,0.0501,0.0525,0.05,0.05,13000.0,650.0,0.0,-15.254237288135583,-13.94148020654044,-31.703319218685966,1.8087877004614654,6.17412430046567,6.843585748796726,4.990019960079831,-31.57894736842105,-8.192090395480225,119.36485437548514,787.8568501570824,-67.92640231611402,37.99627244010696,-0.004629815520686642,-0.00399750943489934,-0.0006323060857873018,0.05733802956843682,0.06549844427993028,0.08588994915178369,0.11936355788978269,-12.797840497253885,-23.66230900644343,-41.785970892076556,-58.11116819576646,0.057494999999999984,0.06832458447956374,0.046665415520436224,37.67139570245678,-13.035916166623155,-26.81989889751137,7.1457297494832375
QNCCF,1D,1680010200,2023-03-28,0.0512,0.0512,0.05,0.05,6005.0,300.25,0.0,-11.971830985915494,-18.566775244299674,-30.93922651933702,1.8636762290181932,5.910952007311732,6.84608999806855,2.343749999999999,-53.807692307692314,-64.03530038579552,-43.4870548182156,-73.07078280835188,-84.98323517872369,37.99627244010696,-0.0046374610012514805,-0.004125499748169769,-0.0005119612530817119,0.056639169609538076,0.06489066215130555,0.08517925708937213,0.11867337323416297,-11.721869609507891,-22.947311150231435,-41.30026287087853,-57.867549697655086,0.05661999999999998,0.06688802804826773,0.04635197195173224,36.269968379610546,-11.691981631932148,-25.248207401302047,7.870275836520111
QNCCF,1D,1680096600,2023-03-29,0.05,0.0511,0.0449,0.04605,52500.0,2417.625,-7.900000000000004,-17.324955116696586,-28.659953524399683,-34.21428571428572,2.842934058768857,5.853498018476458,6.946517188981938,12.399999999999995,705.2039966694421,561.9551405175276,1460.563516653757,34.41330998248686,19.680584930552843,34.228917447377924,-0.0049057022068079575,-0.004281540239897406,-0.0006241619669105514,0.055630677265772546,0.06415181265517593,0.08440442031532516,0.11795075260496732,-17.22193174100933,-28.21714914350971,-45.44124605327242,-60.958282178811054,0.055614999999999984,0.06588987712821971,0.045340122871780256,36.95002113897233,-17.198597500674254,-30.110660382037004,1.5656709405645948
QNCCF,1D,1680183000,2023-03-30,0.0427,0.0427,0.0427,0.0427,1000.0,42.7,-7.274701411509227,-19.128787878787875,-25.99653379549393,-37.37166324435318,3.1816873895332884,5.56759535873161,7.029181623191475,0.0,-98.2338038364097,-92.86346522050721,-98.44953978201329,-98.55695076599893,-97.7793426876406,31.386602168835296,-0.005327193724474051,-0.0044906709368127355,-0.0008365227876613156,0.05439918419284183,0.06331056510007099,0.0835785902100712,0.1172019888974552,-21.50617581206535,-32.55470088995917,-48.91036102346859,-63.56717117031182,0.05450999999999997,0.06533476789589589,0.04368523210410405,39.716631428713725,-21.665749403779074,-34.64429219670914,-2.2552978584529226
QNCCF,1D,1680269400,2023-03-31,0.0474,0.05325,0.0474,0.0511,63700.0,3255.07,19.672131147540977,-2.666666666666664,-8.668453976764969,-24.2962962962963,8.600695540053522,7.8586979443858995,7.975208823580759,12.341772151898738,7523.114754098361,254.29333333333335,-48.51487184353919,18.972835120171865,67.77352069121697,43.95394107715248,-0.004926627891027553,-0.004577862327655699,-0.0003487655633718544,0.05408497617447594,0.06283171940987213,0.08293544980987178,0.1165442576646447,-5.5190487000429265,-18.671651070603744,-38.38581678022371,-56.15399589481286,0.05415999999999997,0.06495044021344883,0.04336955978655112,39.846529591760934,-5.64992614475623,-21.324628698330077,17.824576157782648
QNCCF,1D,1680528600,2023-04-03,0.056,0.056,0.05446,0.05446,16000.0,871.36,6.575342465753428,7.841584158415838,8.919999999999998,-33.58536585365854,8.717933481299434,7.491760926507003,6.985778368275132,2.749999999999999,-73.23068321111373,213.7209720972097,-54.13894736842104,-58.775879802092426,-54.1086439856619,48.05260972257715,-0.004288616165210188,-0.004520013095166597,0.0002313969299564088,0.05412069272928775,0.06250341668791635,0.082371579516607,0.11592650385703629,0.6269455426401629,-12.86876320390237,-33.88496333371842,-53.02195944150826,0.05379299999999998,0.06400274651987058,0.04358325348012938,37.95938698295541,1.2399382819326343,-14.909901588219954,24.95625188888108
QNCCF,1D,1680615000,2023-04-04,0.0548,0.0548,0.0539,0.0539,6500.0,350.35,-1.028277634961436,7.800000000000002,-4.686118479221927,-37.142857142857146,8.719464134140068,6.6853580946572455,6.905618784525976,1.642335766423354,-59.79273778920309,-63.12105263157895,-46.295056355317485,-85.34535765525723,-80.86286049511664,47.43004472807286,-0.0037845486744392046,-0.004372920211021118,0.0005883715365819133,0.054099674374117494,0.06216602779819415,0.0818077858628128,0.1153093247141802,-0.36908609234258083,-13.296696107120848,-34.11385061760825,-53.256165419749756,0.05358299999999997,0.06360072249565792,0.043565277504342026,37.39142077023664,0.5916055465353428,-15.252535057789935,23.72238417310195
QNCCF,1D,1680701400,2023-04-05,0.0567,0.0567,0.0567,0.0567,4000.0,226.8,5.1948051948051885,13.399999999999995,-3.8983050847457568,-31.472081218274106,8.786563612261052,6.730041534723562,6.989152442949985,0.0,-35.264735264735265,-65.1076923076923,-67.96610169491525,-99.01658328324889,-78.79472118581666,50.85829579414919,-0.003123133418998239,-0.0041229628526165425,0.0009998294336183034,0.05434732443372535,0.061951673766892416,0.08131060198434126,0.11472614735384011,4.328963000089647,-8.47704904092351,-30.267396112847315,-50.57796212303285,0.05334799999999997,0.06282723541220553,0.043868764587794415,35.537360021764876,6.2832721001725105,-9.752514768483959,29.249137815418703
QNCCF,1D,1680787800,2023-04-06,0.055,0.0563,0.05375,0.0563,4200.0,236.46,-0.7054673721340345,12.6,-0.8802816901408458,-29.624999999999996,8.814956061906843,6.657333436790933,6.976222455202202,4.636363636363643,4.259259259259258,-21.245628642797666,-71.6762269083271,-83.57916666666667,-77.02994003126678,50.353113656208535,-0.0026012481514134517,-0.0038186199123759245,0.0012173717609624728,0.054533293535275314,0.06173003950152409,0.08081534253910677,0.1141447926538019,3.2396841455795813,-8.79642965624543,-30.33501036915574,-50.676681177426644,0.05293549999999998,0.06104852526804939,0.04482247473195058,30.652493196623844,6.3558481548299754,-7.778280060328653,25.606630014714383
QNCCF,1D,1681219800,2023-04-11,0.05059,0.0519,0.05059,0.0519,11000.0,570.9,-7.815275310834815,12.703583061889253,-6.822262118491917,-25.538020086083208,8.801297258796172,6.9541338446240415,6.742546997252804,2.589444554259732,141.4361837097183,-76.38591592988988,56.314643388224624,-18.9108227845674,-44.30184201258951,45.05188520054599,-0.002513716979927784,-0.0035576393258862963,0.0010439223459585124,0.0542825036747729,0.06134454775636628,0.08024276149872842,0.1135254414831173,-4.389082141544876,-15.395904121546211,-35.321268821459434,-54.28337531925106,0.05264549999999998,0.06046593087048346,0.0448250691295165,29.709779071272884,-1.4160754480439461,-14.166540971363641,15.783424337933235
QNCCF,1D,1681306200,2023-04-12,0.0527,0.0527,0.04985,0.04985,9517.0,474.42244999999997,-3.949903660886326,16.7447306791569,-5.587121212121215,-26.148148148148152,8.361940350822705,6.897792175962916,6.753454975472123,5.407969639468687,-16.899203012786828,1011.0596018735363,-20.708845091401137,134.2826913580247,-54.120107343230764,42.7914450627288,-0.0025800248429526593,-0.003362116429299569,0.0007820915863469098,0.05386036046765167,0.06089378117768525,0.07964092463736745,0.11289185500069822,-7.445847805011033,-18.136139625588378,-37.40655294123692,-55.84269564913104,0.05234049999999997,0.06009717834836621,0.04458382165163373,29.639297860609837,-4.7582655878334625,-17.05101409082177,11.811859444250437
QNCCF,1D,1681392600,2023-04-13,0.053,0.053,0.053,0.053,10000.0,530.0,6.318956870611836,3.7181996086105653,0.9523809523809533,-21.481481481481488,5.146089865839845,7.095718520243603,6.872106535350654,0.0,11.714780782401851,-83.71770806772206,-42.31292517006803,-51.0024845438262,-47.817363338150315,47.17718578005108,-0.0023512914040923413,-0.0031599514242581237,0.0008086600201657823,0.05377842137549437,0.06058422113150151,0.07911338157524136,0.11229591614496988,-1.4474604415388852,-12.518475916426372,-33.00754064014574,-52.80327030630485,0.052490499999999975,0.06017603570026247,0.04480496429973748,29.283530163601025,0.9706518322363553,-11.925072193200608,18.290463631304654
QNCCF,1D,1681479000,2023-04-14,0.05,0.0614,0.05,0.0614,23048.0,1415.1472,15.849056603773596,12.74329783327213,21.584158415841586,-7.180650037792891,7.259327923000188,8.026397084717457,7.469495561266668,22.8,167.0089056603774,62.40672052882851,409.50394239423946,41.301213865848716,37.4661514492013,56.70823447210264,-0.0014752034801522942,-0.002823001835436958,0.0013477983552846635,0.05450428600639967,0.06061621245967792,0.07876262154404846,0.11178948911865177,12.651691268445687,1.2930328513076554,-22.04424028006522,-45.07533715014037,0.052732999999999974,0.061183571814972595,0.04428242818502735,32.05041175344709,16.43562854379617,0.3537357800586011,38.6554498399444
QNCCF,1D,1681824600,2023-04-18,0.0613,0.0613,0.0613,0.0613,1600.0,98.08,-0.1628664495114053,13.729128014842292,22.599999999999994,-5.401234567901229,7.214262477037199,8.009325549539422,7.459808262776872,0.0,-93.069272228359,-72.00513771942344,-89.6757894736842,-84.86419753086419,-90.29987238698176,56.57735630608522,-0.0007799755798556518,-0.0024143965843206965,0.0016344210044650447,0.05515149686293304,0.06064302765733761,0.0784168270580277,0.11128710614234678,11.148388505841861,1.0833435731055534,-21.828002611431106,-44.91724861495502,0.052847999999999985,0.06169010970300665,0.04400589029699332,33.462419402840865,15.99303663336364,-0.6323699291259962,39.29953373580149
QNCCF,1D,1682083800,2023-04-21,0.05835,0.05835,0.05835,0.05835,10000.0,583.5,-4.812398042414358,2.910052910052908,16.699999999999992,0.43029259896729816,7.447914359330892,8.179358670818736,7.265815094232081,0.0,494.92251223491024,157.27513227513225,-10.23076923076923,402.15146299483655,-43.16728487625397,52.71243337101399,-0.000461720380707506,-0.0020238613435980585,0.0015621409628905525,0.055456116209320366,0.06055310500410868,0.07801946414598755,0.11076036876779607,5.218331157119988,-3.6383022868260784,-25.210970571628987,-47.318701942634334,0.05292549999999998,0.061930477456940594,0.043920522543059365,34.028880055703276,10.249312713153437,-5.781446557440239,32.8536106162992
QNCCF,1D,1682343000,2023-04-24,0.059,0.059,0.059,0.059,900.0,53.099999999999994,1.1139674378748892,4.795737122557716,17.99999999999999,-4.530744336569586,7.426935537879204,8.170514846648649,7.17949071680117,0.0,-90.89974293059126,-77.54377061659477,-82.31473771856787,-96.49296611848624,-94.57053762981175,53.46672251080562,-0.00015526151663750737,-0.0016501413782059483,0.001494879861568441,0.05579362895128986,0.06049219892551618,0.07764284109359176,0.11024534022284288,5.746840829280766,-2.466762577689602,-24.011023851019857,-46.482998845356036,0.053090499999999985,0.0624082818712398,0.04377271812876017,35.10150355050269,11.130993303886786,-5.4612653465957255,34.787151728727075
QNCCF,1D,1682429400,2023-04-25,0.048,0.048,0.048,0.048,25000.0,1200.0,-18.644067796610166,-7.514450867052023,4.234527687296417,-17.383820998278825,9.827989507158382,9.426013297023118,7.863717738868943,0.0,2159.887005649718,110.19442984760906,-50.36451062509695,304.98126961628026,19.033402940264924,41.42438124230243,-0.0007908819334870795,-0.0014782894892621744,0.0006874075557750949,0.05505137857497654,0.06000230877157437,0.07705585414124341,0.10962598360371012,-12.808722973890651,-20.003078243649803,-37.707523283025346,-56.21476002120402,0.05285049999999998,0.06242945709354667,0.04327154290645329,36.2492581661354,-9.177775044701528,-23.11321892792536,10.927405809792683
QNCCF,1D,1682602200,2023-04-27,0.04705,0.04705,0.04705,0.04705,3000.0,141.15,-1.9791666666666656,-5.6168505516549585,10.18735362997658,-23.371335504885995,9.756318038916062,9.200439675414378,7.788486495031434,0.0,-88.2375,-70.24803526898863,230.56206088992974,-73.4327986264484,-85.81571798560277,40.57442734377226,-0.0013556457138280617,-0.001453760734175352,9.811502034729022e-05,0.05428934252021687,0.05949437509425773,0.07646167881171384,0.10900333700068812,-13.334739718980753,-20.91689352908059,-38.46590771847924,-56.836183831965634,0.05257799999999998,0.06248577391748568,0.04267022608251428,37.68790717595079,-10.513903153410133,-24.70286106701515,10.264238837207612
QNCCF,1D,1683207000,2023-05-04,0.047,0.047,0.047,0.047,2401.0,112.847,-0.10626992561105512,-11.32075471698113,-8.023483365949119,-27.188226181254837,9.382597913493933,7.626567392258667,7.716826219960318,0.0,-20.051718030464052,-78.70811320754717,-96.53319283456268,-27.157887942163693,-88.64390588291955,40.52729510801101,-0.0017866641090943242,-0.0015203414091591464,-0.0002663226999351778,0.05359511942305335,0.05900439960036527,0.07587827923128386,0.1083863883738156,-12.305447761007384,-20.34492288993812,-38.05869021259728,-56.6366213459379,0.052402999999999963,0.06257161268807193,0.042234387311928,38.80927690426873,-10.310478407724686,-24.886065771867756,11.283726345726045
QNCCF,1D,1683293400,2023-05-05,0.045,0.045,0.045,0.045,44884.0,2019.78,-4.255319148936175,-26.71009771986971,-17.37054719059861,-22.010398613518202,6.270028296568308,7.43723151986177,7.528317579585461,0.0,1689.8393399913157,42.72578852574487,131.79627249357327,-26.660689951165956,108.38834968004181,38.5959831681866,-0.002263539899014108,-0.0016689811071301387,-0.0005945587918839694,0.052776536620857795,0.05845520745917448,0.07526682815739705,0.10775567804173784,-14.734836953632978,-23.01797913996232,-40.21270578069723,-58.2388595962713,0.05215299999999997,0.06278110820419207,0.041524891795807865,40.7574183812709,-13.715414261883257,-28.3223866427461,8.368735122250124
QNCCF,1D,1683725400,2023-05-10,0.05118,0.05118,0.04695,0.04695,8938.0,419.6391,4.333333333333334,-23.409461663947802,-12.894248608534332,-16.085790884718502,6.846402724484121,7.566450407555907,7.563251827692775,8.264947245017593,-79.22352434423551,327.8538947797716,19.77710860568002,-93.36260884006737,-45.67647947879756,41.52206285872735,-0.0024558096501020935,-0.0018263468157245295,-0.0006294628343775639,0.05222162837125229,0.058004022852932345,0.07470609888695354,0.10715064641943199,-10.094722312708072,-19.057338283173095,-37.1537254661825,-56.18318547867807,0.05200049999999997,0.0628333583024064,0.04116764169759354,41.66443900503431,-9.712406611474842,-25.278544282103248,14.045881823598517
QNCCF,1D,1683898200,2023-05-12,0.04595,0.04595,0.043,0.043,8100.0,348.29999999999995,-8.413205537806181,-26.306769494430167,-24.162257495590836,-14.000000000000012,7.059258909480559,7.622255684809096,7.472045317303348,6.420021762785639,-17.000107949902674,-40.30848329048844,53.57142857142855,-81.66842105263157,-51.67588004083174,37.612169437623166,-0.002893561624315165,-0.0020397897774426564,-0.0008537718468725084,0.051343378050180646,0.057415629799876175,0.07407825534463762,0.1065123315296864,-16.250154093924667,-25.10750095422147,-41.95327657225572,-59.629087653559324,0.05165049999999997,0.06315103124859962,0.04014996875140031,44.53211972236344,-16.748143774019567,-31.90926711754446,7.098464425331052
QNCCF,1D,1684157400,2023-05-15,0.0434,0.0526,0.0434,0.0526,15300.0,804.78,22.32558139534885,-10.847457627118638,-6.57193605683837,-6.984969053934574,11.656640272852139,9.819276605201908,8.171308616331725,21.19815668202765,131.05943152454782,1415.5932203389832,240.3450900786602,23.364248740880804,10.875870352034795,49.94795120626454,-0.0024377426682220954,-0.0021193803555985442,-0.00031836231262355116,0.05146305633111582,0.05722678157243005,0.07365294335761509,0.10597589041993827,2.2092424157030774,-8.084993503564561,-28.583981030322793,-50.36606930919086,0.05197799999999997,0.06319140198155832,0.04076459801844162,43.14672354287719,1.196660125437748,-16.7608276591953,29.033530457491878
QNCCF,1D,1684243800,2023-05-16,0.055,0.055,0.0499,0.0499,20000.0,998.0,-5.133079847908747,3.9583333333333313,-3.853564547206169,-15.423728813559318,9.485514157989163,9.690520107902676,8.183791243846052,9.272727272727273,24.00904595044609,-16.833333333333332,74.81170082326153,40.96045197740113,35.68901272925867,47.1256622611339,-0.002268223626630976,-0.0021491490098050304,-0.00011907461682594562,0.0513141938233905,0.05693945680488378,0.0731825880436029,0.10541792136103341,-2.755950582128939,-12.363055778712651,-31.814381898780226,-52.664595017859085,0.05233799999999996,0.06277204734511108,0.04190395265488884,39.87178472662741,-4.658183346707865,-20.5060180279648,19.08184512082843
QNCCF,1D,1684416600,2023-05-18,0.04655,0.04655,0.04655,0.04655,6000.0,279.3,-6.7134268537074115,-1.0626992561105215,-6.619859578736204,-18.045774647887328,9.833876644246917,9.800110336416452,8.24358782232401,0.0,-72.01402805611224,97.87460148777896,-41.12841835372672,-66.544744039143,-61.04532832124926,43.817426946201834,-0.0023767973276449875,-0.0021946786733730217,-0.0001821186542719658,0.05086046107830569,0.05653202712626088,0.07265521006254146,0.1048321708997296,-8.475072751836098,-17.657295578604714,-35.930265758051135,-55.595692047125134,0.05211049999999997,0.06283691501155055,0.04138408498844939,41.16796043619072,-10.670594218055808,-25.91934217101002,12.482854249387062
QNCCF,1D,1684503000,2023-05-19,0.0495,0.0495,0.0466,0.0466,10000.0,466.0,0.10741138560687741,-0.8510638297872288,-12.075471698113201,-16.3375224416517,9.832927409624691,9.64242544369813,8.238506227844073,5.858585858585858,66.84568564267812,312.94850549859547,-12.075471698113208,27.592614851835133,-35.30889644480668,43.88074982742328,-0.002430787579691354,-0.0022419004546366883,-0.00018888712505466584,0.050454702880371814,0.056142535866407516,0.07213926530882776,0.10425274631366263,-7.639927817058637,-16.996980487511646,-35.40272443792478,-55.30093772321762,0.05171749999999997,0.06264486358871688,0.04079013641128307,42.2578956396458,-9.895103204911242,-25.612416836049672,14.243305121945738
QNCCF,1D,1684762200,2023-05-22,0.0526,0.0558,0.0492,0.0558,60000.0,3348.0,19.742489270386265,24.00000000000001,-9.120521172638437,5.681818181818187,11.654285813611047,10.151599773350393,8.928172378457427,12.547528517110267,618.4549356223176,65.76062739506283,136.5831625148253,459.55780894008916,312.31424268923473,54.12610781743406,-0.0017114832178508552,-0.0021358170072795215,0.00042433378942866636,0.05096377879652688,0.05612910308733271,0.07181571550073217,0.10377062943491971,9.489526321785826,-0.5863323467340069,-22.30112920140562,-46.22755947048075,0.05181249999999997,0.06284662320939069,0.04077837679060925,42.592514197889415,7.696019300361949,-11.212413411477872,36.837226961054625
QNCCF,1D,1685107800,2023-05-26,0.0534,0.0534,0.0534,0.0534,8900.0,475.26000000000005,-4.301075268817203,13.738019169329082,-12.887438825448609,1.7142857142857237,11.979646651083977,10.206734228653612,8.969027077010598,0.0,-85.80465949820788,13.254460797385198,384.5636215334422,-48.27102040816326,-40.38526614439487,51.48547451652945,-0.0013198745785986052,-0.001972628521543338,0.000652753942944733,0.05119579986352432,0.05602207943684907,0.07145104786705431,0.10326942914203494,4.305431582964908,-4.680439325364228,-25.263517339369272,-48.290602123349984,0.05164749999999998,0.0624812193520975,0.040813780647902455,41.952541176620464,3.3931942494796954,-14.534318386013767,30.838160915985597
QNCCF,1D,1685453400,2023-05-30,0.0593,0.0593,0.0593,0.0593,800.0,47.44,11.04868913857677,37.90697674418605,1.6281062553556116,17.425742574257416,11.362962826720004,10.537991995559263,9.129424530308457,0.0,-90.01809535833017,-86.37955785242607,-91.86975149957154,-82.91989198919893,-93.9914534631643,57.03483836705508,-0.0005273621167502796,-0.0016835752405847265,0.001156213123834447,0.051967628447950574,0.05615062534128636,0.07121043305780571,0.10283192238440275,14.10949810687116,5.608797123044625,-16.72568547383683,-42.33308234934403,0.051797499999999976,0.0629627351072431,0.040632264892756856,43.111096509457504,14.484289782325451,-5.817306222489282,45.94313203193079
QNCCF,1D,1685539800,2023-05-31,0.0557,0.0566,0.0557,0.0566,18519.0,1048.1753999999999,-4.553119730185499,7.604562737642579,-4.0677966101694905,13.199999999999989,9.316981462332283,10.620983236330028,9.176770042190922,1.6157989228007146,2109.475969645868,30.243718780287765,1873.9649717514123,10.33425263157893,32.20940703275828,53.991214735736534,-0.00011582258548164387,-0.00137002470956411,0.0012542021240824661,0.0524088066910029,0.05616824787692219,0.07092111755171054,0.10237190325619974,7.997116465001679,0.7686765021117903,-20.193022961417135,-44.711392286660214,0.05203249999999997,0.06339261773706664,0.04067238226293329,43.66546960867412,8.77816749147174,-10.715155769778058,39.16076917771869
QNCCF,1D,1686058200,2023-06-06,0.0572,0.0638,0.0572,0.062,518000.0,32116.0,9.54063604240283,24.248496993987974,29.166666666666664,23.999999999999993,9.248968903711848,9.456777046495771,9.307305568096409,11.53846153846153,2963.9910076118945,3118.0360721442885,2576.333333333333,4840.923076923077,1643.841437530444,58.73423824994368,0.0006386978174836022,-0.0009682802041545676,0.0016069780216381698,0.05332225367281215,0.05639694403861152,0.07074446175860737,0.10197019277603855,16.274155215634554,9.935034702505176,-12.36063084124524,-39.197918222854376,0.05263999999999998,0.06474345405246007,0.040536545947539894,45.98576767652011,17.781155015197616,-4.237423060927696,52.9484038433785
QNCCF,1D,1686144600,2023-06-07,0.0559,0.062,0.0559,0.062,2120.0,131.44,0.0,33.190118152524164,31.77470775770456,23.999999999999993,8.448064232062363,9.40700779555646,9.307305568096409,10.912343470483007,-99.59073359073359,-52.93949158610813,-6.879206517888776,-56.223147377185676,-92.84116995881394,58.73423824994367,0.0012225676737386074,-0.0005301106285759325,0.0017526783023145399,0.0541487057039729,0.056616671723371856,0.07057130410002108,0.10157247941508295,14.499505009315577,9.50837997494978,-12.145594033338144,-38.959843889767896,0.05308999999999997,0.06586417707721383,0.04031582292278611,48.122723967654416,16.782821623658002,-5.8668873562084904,53.78577319069977
QNCCF,1D,1686231000,2023-06-08,0.0592,0.0603,0.0558,0.0558,33000.0,1841.4,-9.999999999999995,19.742489270386265,18.723404255319153,21.17263843648209,9.828493510320508,9.926169977504152,9.382593062484386,7.6013513513513455,1300.943396226415,295.15021459227466,1531.7669056332911,-23.834341554211257,1.3514235918984792,51.64484904766736,0.001171496277086681,-0.00018978924744340978,0.0013612855245300909,0.05430597182740405,0.056584645381278845,0.07027880302873353,0.10111703185871396,2.751130533754727,-1.3866754417063891,-20.601948816364814,-44.81641818960163,0.05280999999999998,0.06507880597287326,0.0405411940271267,46.46394990673465,5.661806476046244,-14.257799961389782,37.637781370384445
QNCCF,1D,1686317400,2023-06-09,0.058,0.058,0.058,0.058,20000.0,1160.0,3.942652329749105,3.942652329749105,28.888888888888903,35.831381733021075,7.203834361859091,9.79887143433385,9.265543713064863,0.0,-37.00445313348539,-65.35244922341697,-42.568002455713,2616.6276346604213,-37.43561660884928,53.77687485975041,0.0012936312651561227,0.00010689485507649676,0.001186736410079626,0.05465778403431795,0.05664014948397379,0.07003565841430316,0.10068800666608994,6.114803270442826,2.400859687722006,-17.185043571811633,-42.396317177730516,0.05264499999999998,0.06453558030543564,0.04075441969456431,45.17268612569351,10.171906163928252,-10.127096207245492,42.31585294229046
QNCCF,1D,1686749400,2023-06-14,0.0564,0.0569,0.0564,0.0569,21000.0,1194.9,-1.8965517241379373,6.554307116104861,21.19275825346113,11.350293542074363,7.006503406126631,9.836926154468864,8.638504370232807,0.8865248226950362,3.00862068965518,151.42027521777555,184.74467703319354,-63.29111201909636,-33.07448466240005,52.52975056053821,0.0012868295462343873,0.0003428817933080749,0.0009439477529263124,0.05487132841200196,0.05665033970028854,0.06977554636649518,0.10025230510722338,3.697143201574672,0.440703976414433,-18.452806229372296,-43.243200304328724,0.052572499999999966,0.06434010277201851,0.04080489722798142,44.76714165017283,8.231489847353721,-11.563709803793184,39.44404683117686
QNCCF,1D,1686922200,2023-06-16,0.053,0.053,0.053,0.053,800.0,42.4,-6.854130052724079,-10.623946037099495,23.255813953488378,-2.6808666911494727,6.142331491913638,9.728499035895679,8.671417506991052,0.0,-96.45158590677043,-10.623946037099492,-87.82658627619868,-95.13404333455748,-97.58787434216846,48.2567870051329,0.0009557247288884754,0.000465450380424155,0.0004902743484643204,0.05469310665847796,0.05650718912380664,0.06944335732953487,0.09978213291710175,-3.0956490898392066,-6.206624640490303,-23.678805233314037,-46.884278326629875,0.05227249999999998,0.06366945024995789,0.040875549750042074,43.605912286414124,1.3917451815008275,-16.757566160962647,29.661864669955772
QNCCF,1D,1687527000,2023-06-23,0.054,0.054,0.0451,0.0471,33007.0,1554.6297000000002,-11.132075471698105,-16.78445229681978,-10.456273764258551,-12.615955473098332,6.996396894388683,8.455006752126776,8.908398020850889,16.481481481481477,3566.5794811320757,48.317705223763156,93.17449489301427,343.73617810760663,-13.53216662320908,42.60993036060045,0.00021476540214864642,0.0004153133847690533,-0.0002005479826204069,0.05396995364338482,0.05613827974640245,0.06900091461013814,0.0992579325895684,-12.729219092495695,-16.100029760854323,-31.74003523559134,-52.54787323169572,0.05222749999999997,0.06369844045839389,0.040756559541606056,43.926821917165945,-9.817624814513366,-26.057844334879032,15.56421967344493
QNCCF,1D,1688045400,2023-06-29,0.05,0.05,0.05,0.05,2007.0,100.35000000000001,6.157112526539278,-19.354838709677413,0.20040080160321216,-11.816578483245145,6.234055231955417,8.507471589668562,8.928983419154823,0.0,-93.54508665311103,-99.6875389214099,-89.9448897795591,-55.75396825396825,-94.40546064133916,45.95738996587268,-0.00013686672452385001,0.00030487736291047267,-0.0004417440874343227,0.05359186282020531,0.05589756289360236,0.06862465887528392,0.09876780390708513,-6.702254094535965,-10.550661939999083,-27.1398928323006,-49.37621570786668,0.05237499999999997,0.0636500388025947,0.04109996119740523,43.05504077363148,-4.534606205250537,-21.445452444937484,21.654616070918973
QNCCF,1D,1688391000,2023-07-03,0.0411,0.04935,0.0411,0.04935,19120.0,943.572,-1.3000000000000096,-20.403225806451616,6.015037593984956,-12.34458259325045,6.166090626172686,8.297462740152085,8.931116625466961,20.07299270072993,840.2810164424513,617.8727936701157,237.83458646616538,299.04085257548843,-48.07789405796311,45.319329102233525,-0.0004626540975632837,0.0001513710708157214,-0.0006140251683790051,0.05318787588494766,0.055640795721304225,0.06824298246191196,0.09827608446522358,-7.215696850254914,-11.306085112106965,-27.684872173423237,-49.78432416335919,0.05249249999999998,0.06358859278079516,0.04139640721920479,42.276869193866524,-5.986569509929952,-22.391740653671867,19.213244131740364
QNCCF,1D,1688563800,2023-07-05,0.0539,0.0539,0.0444,0.0447,25000.0,1117.5,-9.422492401215807,-19.89247311827958,-4.077253218884133,-13.872832369942206,6.0752327743293435,8.703253954201196,8.982202455504265,17.625231910946198,18.432933575816154,-39.312479635060285,139.8068669527897,95.74356279558593,-39.11753147346905,40.940261558618246,-0.0010835683744738062,-9.561681824218413e-05,-0.0009879515562316221,0.05237950675304788,0.05521174490870406,0.06777678478939886,0.09774298909741042,-14.661281155727998,-19.038965216705,-34.048214091454454,-54.267819704744156,0.05247749999999997,0.06361480106444184,0.041340198935558105,42.44600472370777,-14.820637416035398,-29.733333670698954,8.127201007617826
QNCCF,1D,1688736600,2023-07-07,0.0542,0.0553,0.0542,0.0553,13500.0,746.5500000000001,23.713646532438492,-4.655172413793105,-0.8960573476702517,10.932798395185564,11.117184079801177,9.378341407612142,9.912001209734969,2.0295202952029587,-33.194630872483216,-35.64224137931034,-77.70161290322581,57.35975394924926,-59.52725535623203,52.26383062566636,-0.0007121072709196652,-0.00021891490877768034,-0.0004931923621419848,0.05265764896704332,0.05521520589267645,0.06752971974406423,0.09732067079793369,5.017981404013005,0.15357020942449978,-18.110129570231486,-43.17753921485082,0.05289499999999997,0.06379568346481158,0.04199431653518836,41.2163095370512,4.546743548539623,-13.31701927685692,31.68448628914436
QNCCF,1D,1688995800,2023-07-10,0.0488,0.0488,0.044965,0.044965,20988.0,943.72542,-18.68896925858952,-20.97539543057997,-15.795880149812744,-15.160377358490567,12.911874714801108,10.547505875222416,10.4511641296855,7.85860655737706,26.411549125979494,-21.020552347476784,98.57034465345282,78.06139999999999,-49.2174490906425,43.50543382878364,-0.0012374057536516658,-0.00042261307775247743,-0.0008147926758991883,0.05192501573208681,0.054813237034140115,0.0670828936105184,0.09679971884969554,-13.403974238540108,-17.966895529279174,-32.97098920469105,-53.54841880293186,0.05299324999999997,0.06356590637150931,0.042420593628490634,39.901898341805214,-15.14957093592104,-29.262394628335503,5.998045180113847
QNCCF,1D,1689168600,2023-07-12,0.04922,0.055,0.04922,0.055,48500.0,2667.5,22.31735794506839,3.7735849056603805,-7.251264755480605,-10.423452768729646,15.318591319040104,11.77049295890371,10.835889528701033,11.743193823648925,182.65636841699146,6191.27358490566,5522.892074198988,88.49629211717338,40.38656333935384,51.92903504198277,-0.0008343500833858375,-0.0005049604788791495,-0.000329389604506688,0.052217871376649974,0.05482056107201697,0.06684362839050814,0.09638380124920105,5.327924233606538,0.3273204879229555,-17.71841037909598,-42.93646931625255,0.053113249999999966,0.06371975473766064,0.042506745262339295,39.939204389340446,3.55231510028107,-13.684539078282043,29.39122875806172
QNCCF,1D,1689255000,2023-07-13,0.05365,0.055,0.05365,0.055,76800.0,4224.0,0.0,16.7728237791932,-2.826855123674907,-10.277324632952691,14.461533241865446,11.699282422498767,10.83574759027563,2.516309412861131,58.35051546391753,171.70457376441473,302.98598879538673,4206.688417618271,107.29850863632429,51.92903504198277,-0.0005090574632814343,-0.0005057798757596065,-3.2775875218278355e-06,0.052482836007445216,0.05482759789272219,0.06660910109564659,0.09597202213229358,4.796166106949135,0.3144440280151291,-17.428701040382805,-42.69163160469339,0.053368249999999964,0.06389843578896014,0.0428380642110398,39.462361194006455,3.0575295236400613,-13.925905507842709,28.390488722938017
QNCCF,1D,1689341400,2023-07-14,0.0589,0.0589,0.0589,0.0589,50320.0,2963.848,7.090909090909092,17.799999999999997,-4.999999999999997,0.9425878320479895,14.491974161675381,11.579801677713014,10.862674892593452,0.0,-29.833143939393942,2853.5107125062277,-90.77142857142859,407.9431019708655,40.00317862563342,54.95624344352927,6.27137628776489e-05,-0.0003920811480321554,0.0004547949109098043,0.05309399448292662,0.054987299936144846,0.06645644562840607,0.09560314629018121,10.935333786084623,7.115643191062046,-11.370523290785426,-38.39114894689481,0.053985749999999964,0.06429021178846898,0.043681288211530944,38.174747182243564,9.10286510792207,-8.384187325753631,34.84034562985172
QNCCF,1D,1689600600,2023-07-17,0.059,0.059,0.059,0.059,400.0,23.599999999999998,0.169779286926988,19.554204660587637,-4.8387096774193585,0.0,14.433069809185568,11.579590435899346,10.862511919639516,0.0,-99.20373784350615,-97.49886601128478,-82.04503956177724,-55.55555555555556,-98.88468961260533,55.03443495558022,0.0005179451934823123,-0.00021007587972926185,0.0007280210732115742,0.053656471198838374,0.055144660722962695,0.06630879323972476,0.09523893587933364,9.95877791023519,6.991319243772057,-11.022359000414076,-38.050546811283,0.05460574999999997,0.06454370817811775,0.044667791821882186,36.39894398709948,8.047229458436215,-8.589076045676029,32.086224981232775
QNCCF,1D,1689687000,2023-07-18,0.055,0.058,0.055,0.058,33310.0,1931.98,-1.694915254237278,29.753914988814333,3.942652329749105,20.833333333333336,13.670396675159108,11.245004182911465,10.27327015519657,5.4545454545454595,8086.355932203391,72.8841163310962,4.9190833061800765,60.998333333333335,-9.737525903040316,54.02448391929828,0.0007889334061385866,-1.0274022555692154e-05,0.0007992074286942788,0.054070140608472816,0.05525663481225827,0.06614426268052229,0.09486839920391739,7.268076885510033,4.964770650733031,-12.312878472709246,-38.86267662709226,0.054715749999999966,0.06475236062062374,0.04467913937937619,36.68636771176044,6.0023850536637795,-10.427975993315524,29.814496889733512
QNCCF,1D,1689773400,2023-07-19,0.0548,0.0548,0.05025,0.0525,15000.0,787.5,-9.482758620689664,-5.063291139240513,-9.482758620689664,11.583421891604669,11.894989370157957,11.512701307007772,10.436094827894186,8.302919708029194,-59.238708475243016,5.485232067510539,-32.112068965517246,457.9171094580234,-63.574503925347294,48.72795480583489,0.0005535089755286798,0.00010248257706118224,0.0004510263984674976,0.053920603407665885,0.05514853148628736,0.065874079261106,0.09444682309243563,-2.6346207532683503,-4.802542180014195,-20.30249137615264,-44.41316469838487,0.05467074999999997,0.06473857611838395,0.044602923881616,36.83075911116632,-3.9705875628191905,-18.90461121048434,17.705287974717145
QNCCF,1D,1689859800,2023-07-20,0.0589,0.0589,0.0517,0.0517,26000.0,1344.2,-1.5238095238095146,14.978316468364294,-9.138840070298764,10.000000000000005,9.279804394372013,11.508883899637086,10.44368116468921,12.22410865874363,70.6920634920635,42.43549781672725,12.494769436772946,1091.1703456892963,-38.982992024537786,47.9909470834047,0.00029893417689665774,0.00014177289702827734,0.0001571612798683804,0.05370911736884056,0.05501329495741335,0.06559340442425242,0.0940214815691278,-3.74073801109633,-6.022716799599475,-21.18109975568746,-45.01256613150858,0.054290749999999964,0.06420349950505749,0.044378000494942435,36.51726861411027,-4.771991545521038,-19.47479436704623,16.499164954248048
QNCCF,1D,1689946200,2023-07-21,0.0554,0.0554,0.0554,0.0554,14044.0,778.0376,7.156673114119913,0.7272727272727229,4.528301886792452,23.11111111111111,5.294533915416972,11.482535407283878,10.459076700041377,0.0,-42.11891087635769,-70.83270477975631,1734.9943396226415,-61.47909178227332,-64.00641777302782,51.634506832384076,0.000391231024955363,0.00019166452261369448,0.0001995665023416685,0.053870153809903364,0.055028459861044196,0.06539155483169297,0.09363718822018126,2.8398771525604793,0.6751781530757012,-15.279579843925683,-40.835472473040525,0.05423074999999997,0.06410130027594776,0.04436019972405218,36.402042294999774,2.156064594349193,-13.574296057162336,24.886723559907725
QNCCF,1D,1690205400,2023-07-24,0.0531,0.0657,0.0531,0.0657,4825.0,317.0025,18.592057761732846,19.454545454545443,39.490445859872594,39.93610223642172,8.310009505808475,11.795219184957508,10.904352764369705,23.72881355932202,-59.2561464895784,-92.4952059659091,-79.60913135777606,-24.458302384120067,-85.31157985312655,60.029282236617604,0.001280737318734064,0.00040947908183776836,0.0008712582368962956,0.054996805828007804,0.05544695163119932,0.06539766265680796,0.09335920624784115,19.46148328225538,18.49163581976147,0.4623060380286488,-29.626651039013897,0.054415749999999964,0.06497640115180006,0.04385509884819986,38.81468564450589,20.737102768959424,1.113633312053459,49.811542387383795
QNCCF,1D,1690291800,2023-07-25,0.0649,0.0649,0.0649,0.0649,13300.0,863.17,-1.217656012176553,10.186757215619693,29.799999999999994,50.930232558139544,8.219682528493703,11.810588043540042,10.757563782593886,0.0,172.291227987161,-70.87671162623724,760.1594419531639,147.8237151880563,-60.32026266216894,59.17024054584267,0.001899230998261718,0.0007074294651225584,0.0011918015331391597,0.055939967177721345,0.055817659410367974,0.06538780795073255,0.09307603006627059,16.017229316228626,16.27144650200973,-0.7460227923531271,-30.27205827989131,0.05456074999999997,0.06560262405968809,0.043518875940311855,40.47552154135756,18.949977777065076,-1.0710304195283549,49.13069006886423
QNCCF,1D,1690464600,2023-07-27,0.047,0.054,0.047,0.054,23336.0,1260.144,-16.79506933744222,-8.474576271186438,9.422492401215807,2.661596958174902,10.50193713310132,12.803852689943147,10.57611589813089,14.893617021276595,45.99024525875552,5239.593220338984,33.55038089303201,56.58242004025945,-42.47285905200911,48.90194387036688,0.0014926464907889514,0.000864472870255837,0.0006281736205331144,0.05575520839889074,0.05574637864917707,0.06516230680319329,0.09268721384670571,-3.148061767312238,-3.1327212484372793,-17.130005598031225,-41.73953692328053,0.05447074999999996,0.06550008918011484,0.043441410819885076,40.4963734852738,-0.8642252952271773,-17.557364156392858,24.30535514579049
QNCCF,1D,1690896600,2023-08-01,0.05571,0.06085,0.0549,0.0576,412000.0,23731.2,6.666666666666665,-0.6896551724138009,28.859060402684573,15.43086172344689,10.793391675054389,12.495283090206438,10.57392598352206,10.680308741698086,1783.213347046052,1128.3356970569055,2023.5973154362416,2277.875751503006,704.9129008312648,51.872572793318604,0.001444266646007851,0.0009804316254062397,0.00046383502060161124,0.05593090283709162,0.055819069682542674,0.06501255815362511,0.09233808734076834,2.9842128023034213,3.190541024037001,-11.401732779241186,-37.62054027886613,0.05445074999999996,0.06545584167385794,0.04344565832614197,40.42218582428339,5.783666891640691,-12.001742660342945,32.57941580169617
QNCCF,1D,1690983000,2023-08-02,0.05845,0.05845,0.0569,0.0569,22210.0,1263.749,-1.2152777777777763,8.380952380952383,2.8933092224231416,22.23415682062298,10.065845992841444,11.05146434079696,10.48553697975108,2.6518391787852913,-94.67473621224379,60.47606349206349,69.27854798740873,352.4701038310061,-57.60809320131873,51.24868430959781,0.0013340628742162935,0.0010511578751682504,0.00028290499904804313,0.05602319780498766,0.05586145910675669,0.06485191343771174,0.09198546955628309,1.5650698806312733,1.8591367104438812,-12.261648139879956,-38.14240414875022,0.05445074999999996,0.06545584167385794,0.04344565832614197,40.42218582428339,4.498101495388114,-13.071165926623499,30.96820762355056
QNCCF,1D,1691069400,2023-08-03,0.0562,0.0569,0.0561,0.0569,16500.0,938.85,0.0,10.058027079303669,26.542866674079846,22.103004291845487,10.010830252456481,9.655836813242006,10.485929687696046,1.4234875444839896,-25.70914002701486,-30.155482815057283,-0.5166142499372288,101.46995708154508,-68.67232301211743,51.24868430959781,0.001232517892052351,0.0010874298785450705,0.0001450880135072806,0.056106702775941215,0.05590218620060937,0.0646944498052818,0.09163636040646933,1.4139081158035058,1.7849280452286738,-12.048096596758514,-37.90674384315357,0.05464574999999996,0.06567927947836799,0.04361222052163192,40.382022310492744,4.125206443319092,-13.366893711523616,30.468018641190863
QNCCF,1D,1691155800,2023-08-04,0.0524,0.0524,0.0511,0.0511,5400.0,275.94,-10.193321616871705,-7.761732851985556,-7.090909090909092,-8.422939068100362,10.532748128284412,8.346361181619699,10.09104393503133,2.480916030534356,-70.60872343824893,-64.53384772149829,-89.65548266166823,-91.75806451612904,-90.46664447695693,45.93920452767603,0.0006762360069717463,0.0010051911042304057,-0.0003289550972586594,0.05562987394013729,0.055713865173134494,0.06442525277943463,0.09123301353675321,-8.142880109726368,-8.28135897374308,-20.683275896572383,-43.989573489848205,0.05484574999999996,0.06546203808718076,0.04422946191281916,38.71325704245383,-6.829608492909587,-21.939491202601648,15.533849588139647
QNCCF,1D,1692019800,2023-08-14,0.05215,0.05215,0.051,0.051,3910.0,199.41,-0.19569471624266707,-22.37442922374429,-7.27272727272728,-4.494382022471922,7.153170716731147,8.346220654900629,10.056798565476859,2.2051773729626176,-27.734290063057188,-37.095133319137865,-95.27911931818183,-58.04191389976013,-93.08869747905965,45.851003268801584,0.00022471902000577998,0.0008490966873854805,-0.0006243776673797005,0.05518893356488612,0.055529007715364516,0.06415940618974285,0.0908326850438502,-7.5901694312704135,-8.156111376201256,-20.51048625797077,-43.85281027927409,0.05489574999999995,0.06542937581213229,0.04436212418786762,38.37683540941637,-7.096633163769432,-22.053360028320363,14.962935011907605
QNCCF,1D,1692106200,2023-08-15,0.051,0.051,0.05,0.051,57001.0,2907.051,0.0,-21.4175654853621,-13.412563667232606,-13.996627318718385,7.215706358909548,8.100627682456137,9.858276941806219,1.9607843137254783,1357.8260869565217,236.7877706593139,-1.9163263433212507,6027.847807757167,-2.467399122463717,45.85100326880158,-0.00013159450562288955,0.0006529584487838065,-0.000784552954406696,0.05478998751108744,0.055351399569663944,0.06389882388895586,0.09043633991903577,-6.917299461549417,-7.861408389840946,-20.18632441713105,-43.606740337282154,0.054978249999999965,0.06536161904622068,0.04459488095377925,37.77264298598343,-7.236043344413419,-21.97255706910322,14.36290199509532
QNCCF,1D,1692192600,2023-08-16,0.0444,0.0444,0.0444,0.0444,6999.0,310.7556,-12.941176470588225,-17.77777777777777,-24.7457627118644,-21.554770318021195,6.229801378194303,8.683394499864074,10.098694529407423,0.0,-89.310280418197,-75.33967546566107,1216.7610169491527,-70.35271005215348,-89.4873416298417,39.9760490749019,-0.0009357535982878196,0.00033521603936948125,-0.001270969637657301,0.053800464890983876,0.0549219329198732,0.06351270856442208,0.0899782668850155,-17.472832084317634,-19.15797999175279,-30.092731039860652,-50.65475082250763,0.05496324999999995,0.06540666145172498,0.04451983854827492,38.00143350957246,-19.218750710702075,-32.117006105302394,-0.2691801052804115
QNCCF,1D,1692624600,2023-08-21,0.0484,0.0484,0.0484,0.0484,19000.0,919.6,9.009009009009002,-15.972222222222223,-16.55172413793104,-21.935483870967744,6.756713092293631,9.105164674774697,10.081851236446582,0.0,195.92387072027017,-96.12493257820928,-52.40116357312188,-97.13662971727489,-52.007519158787794,44.608388572172565,-0.0012360405956943904,2.0964712356706878e-05,-0.0012570053080510973,0.05328613490136636,0.054666170844584056,0.06321344700869094,0.08956455278665715,-9.169617782206743,-11.462611607457898,-23.434012397163386,-45.960764058869536,0.05461824999999996,0.06544328176669774,0.04379321823330218,39.63888175361821,-11.384930861021664,-26.042828700822568,10.519395359701226
QNCCF,1D,1692797400,2023-08-23,0.0482,0.0485,0.0468,0.0468,20305.0,950.274,-3.3057851239669365,-17.75043936731107,-10.85714285714285,-24.51612903225806,6.75192524344626,8.822250409049419,10.095757440410422,3.5269709543568464,3.335580687255326,-24.805163050574127,20.669714285714285,622.9716981132076,-51.10320427447069,43.17311764347462,-0.0015848575811759566,-0.0003001997463498258,-0.0012846578348261308,0.0526684077679029,0.05435769355656115,0.0628884282560436,0.08913903484848146,-11.142178046778199,-13.903631780655108,-25.582493794472427,-47.497748792601755,0.054709999999999946,0.06523309840303802,0.04418690159696187,38.468647059177805,-14.458051544507317,-28.25727867339743,5.913739838273247
QNCCF,1D,1694525400,2023-09-12,0.043,0.043,0.043,0.043,1000.0,43.0,-8.11965811965813,-24.42882249560633,-16.827852998065776,-22.93906810035843,6.915170243645355,9.041687920084222,10.041871776523319,0.0,-95.47498931887014,-95.41992863609735,-96.80107126915638,-97.6648202454654,-97.71699351955444,39.89039642133665,-0.002143220090243557,-0.000668803815128572,-0.001474416275114985,0.051747607028102625,0.053912293809245025,0.06249459799354769,0.08867993997436721,-16.904370135129255,-20.240826420510714,-31.194052957281894,-51.51101814860376,0.05410999999999996,0.0658020314744708,0.042417968525529114,43.215788114843306,-20.532249122158508,-34.652473432096556,1.372134250419346
QNCCF,1D,1694784600,2023-09-15,0.0444,0.0444,0.0444,0.0444,10050.0,446.22,3.2558139534883854,-13.111545988258314,-19.85559566787003,-23.448275862068964,6.703175511986529,8.847220326682459,10.032787230743228,0.0,937.7209302325582,61.70906718851925,-42.64801598277512,-61.532758620689656,-76.00566065514693,41.65069131378552,-0.0024445785222453054,-0.0010239587565519187,-0.0014206197656933867,0.05104783493018809,0.05353926267947071,0.062136289122388326,0.08823934355671181,-13.02275589019499,-17.070206465460167,-28.544171808286766,-49.68230926212192,0.05357999999999995,0.06600088563670153,0.04115911436329835,46.36388815491453,-17.133258678611337,-32.72817543025482,7.874041234452682
QNCCF,1D,1695130200,2023-09-19,0.0423,0.0449,0.0423,0.0449,6000.0,269.40000000000003,1.126126126126127,-11.96078431372548,-31.659056316590554,-21.089630931458693,6.762844968625089,7.013099078969176,10.032379688647307,6.146572104018925,-39.626193357536636,35.09854069505042,-15.016443087988254,-77.45418026613106,-85.26934000771749,42.30058101835936,-0.0026129410712809192,-0.0013417552194977189,-0.0012711858517832004,0.050462326841598744,0.05320046806458951,0.06179497646649945,0.0878081063073913,-11.022731589565591,-15.60224630826949,-27.340372037618017,-48.865768904276536,0.05287999999999995,0.06559716949639419,0.04016283050360571,48.09822048560609,-15.090771558244995,-31.551924656645262,11.794909464782375
QNCCF,1D,1695303000,2023-09-21,0.043,0.0494,0.043,0.0494,5500.0,271.7,10.022271714922041,-3.1372549019607794,-23.882896764252695,-6.792452830188678,7.907301482349912,7.713551237888596,10.121535211164591,14.883720930232567,0.8537490720118612,-90.65375874038673,-68.52300242130751,540.8018867924528,-85.20540872062966,47.922461208344274,-0.002356097586094799,-0.001544623692817135,-0.0008114738932776641,0.05036115285668458,0.05305143010127227,0.06154953138795491,0.08742593609537747,-1.9085203617553819,-6.882811819213719,-19.739437675609246,-43.49502881375272,0.05239999999999995,0.06487942306358829,0.03992057693641159,47.63138573888688,-5.725190839694561,-23.858755723547233,23.745706578058535
QNCCF,1D,1695389400,2023-09-22,0.0449,0.0449,0.0449,0.0449,10087.0,452.90630000000004,-9.109311740890682,1.126126126126127,-16.851851851851844,-4.670912951167729,7.092547695114434,6.837807834613408,10.051863737708704,0.0,66.6935222672065,45.74356825749882,-64.059163079775,-70.86725539850421,-74.83515348072729,43.37153662486594,-0.002486991179341057,-0.0017330971901219194,-0.0007538939892191374,0.04984104306080986,0.052731766175732185,0.06121983769710432,0.0870027924526374,-9.913602840898431,-14.852083940508063,-26.657760476023345,-48.3924610529683,0.05174499999999995,0.06435443694222764,0.03913556305777226,48.73683232091103,-13.22833123973322,-30.230140867664346,14.729408476168423
QNCCF,1D,1695648600,2023-09-25,0.0445,0.0445,0.0445,0.0445,30000.0,1335.0,-0.89086859688197,-8.057851239669423,-22.743055555555557,-11.00000000000001,6.163275987959859,6.495344509784492,9.995263897586671,0.0,194.76295648790926,45.17181383210091,-94.37449433656958,1230.3437967115096,-27.481629457156366,42.980815104356616,-0.002593110191948911,-0.0019050997904873177,-0.0006880104014615931,0.04933237229311368,0.05240895181589955,0.06088875180211215,0.08657987909489971,-9.795540065256974,-15.090841434268443,-26.915893850764817,-48.602376827965074,0.05134499999999996,0.06433506928388039,0.038354930716119534,50.59915973855462,-13.331385724023697,-30.830881981890094,16.02158880004927
QNCCF,1D,1695907800,2023-09-28,0.04,0.0407,0.04,0.0407,3649.0,148.5143,-8.539325842696625,-13.034188034188038,-28.471001757469246,-17.52786220871327,6.692017832392786,6.732981221854287,10.112865401141859,1.749999999999998,-88.87533333333333,-84.3714233999878,-88.2481173081047,-84.26041679914199,-91.81473733234644,39.35373789398801,-0.002949834658328862,-0.0021140467640556266,-0.0008357878942732355,0.04851024159853142,0.051949777234883886,0.06048897453870399,0.08612336288500021,-16.1001910960754,-21.655101972852627,-32.71501077612413,-52.74220764655189,0.05079499999999996,0.06458521029571394,0.03700478970428597,54.29751076174425,-19.874003346786033,-36.982476617094854,9.985762181715737
QNCCF,1D,1696253400,2023-10-02,0.04,0.04,0.04,0.04,110000.0,4400.0,-1.7199017199017181,-6.976744186046502,-29.701230228470997,-10.514541387024599,6.176778547276282,6.708562131583366,9.970729264861681,0.0,2862.677668076408,10132.558139534884,368.65846514352666,293.7360178970917,128.71072342170027,38.70576485815329,-0.003251543745568665,-0.0023415461603582344,-0.0009099975852104305,0.04769974239867129,0.0514811585197904,0.06008325227061084,0.0856644239508211,-16.14210478186098,-22.301670844056098,-33.42570768332788,-53.306170572087765,0.05002499999999995,0.06440775008473752,0.03564224991526238,57.50224921434317,-20.039980009994924,-37.89567257453593,12.226360836080627
QNCCF,1D,1696339800,2023-10-03,0.0375,0.0375,0.03,0.0326,59356.0,1935.0055999999997,-18.500000000000007,-26.57657657657659,-36.20352250489237,-41.048824593128394,8.4066788818762,7.681071156188728,9.509274829816167,20.0,-56.02260000000001,333.64385280803185,601.2414292962237,159.19303462594598,-1.4483323711606144,32.59565497768078,-0.0040411842698099,-0.0026814737822485673,-0.0013597104875613325,0.04626167169403592,0.05074072093077901,0.05953902945337102,0.08513641973240497,-29.531297062482064,-35.75179973403761,-45.246000313909676,-61.708514285113104,0.048369999999999955,0.06277459648862177,0.03396540351137814,59.56004336829369,-32.602853008062795,-48.06816479352612,-4.019983189426097
QNCCF,1D,1696426200,2023-10-04,0.0355,0.0355,0.0355,0.0355,16000.0,568.0,8.895705521472392,-20.93541202672607,-30.3921568627451,-21.049705326364954,9.450929836273957,8.241911338212036,9.10768766675325,0.0,-70.64607978395514,110.83890126206381,184.84027882252647,-39.81300196406705,-70.88550998639907,36.80584083199555,-0.004382456084872859,-0.0030216702427734257,-0.001360785842099433,0.045236750580318216,0.050143045600160224,0.05906300906815575,0.08464252500869945,-21.52398316724925,-29.202545287981945,-39.89469795039603,-58.058907155296524,0.046899999999999956,0.06021645598498397,0.03358354401501594,56.78659268649906,-24.30703624733469,-41.046015712295414,5.706532890415518
QNCCF,1D,1696599000,2023-10-06,0.0329,0.0329,0.0329,0.0329,5000.0,164.5,-7.323943661971827,-33.40080971659919,-35.49019607843137,-40.18181818181819,7.90221431060125,8.317678684201733,8.15019459188905,0.0,-71.0387323943662,-39.45528156054471,-94.34134454469495,-93.8331771321462,-91.19136288623886,34.71241200563067,-0.004807299175479195,-0.0033787960293145793,-0.0014285031461646154,0.044061821953621245,0.04946684773348727,0.05854492968066752,0.08412767401358802,-25.33218432358516,-33.49080948667791,-43.80384402295369,-60.8927735305197,0.045844999999999955,0.060057455804681165,0.031632544195318746,62.00220658602345,-28.236448903915303,-45.21912465456851,4.006809559342438
QNCCF,1D,1696858200,2023-10-09,0.031,0.031,0.031,0.031,325.0,10.075,-5.775075987841942,-30.95768374164811,-30.180180180180184,-43.63636363636364,7.758176444396046,7.882296460479828,8.183943839512011,0.0,-93.87537993920974,-97.77547806246017,-96.75790235155858,-99.76148200757576,-99.4166255398127,33.225196348688755,-0.005236936364125422,-0.003750424096276748,-0.001486512267848674,0.04281783891041922,0.048742657626291694,0.05799948552857509,0.08359904044131351,-27.600269446442077,-36.40067753860294,-46.55125003699047,-62.91823466351628,0.04451499999999996,0.059053125738898204,0.02997687426110171,65.31787370054256,-30.360552622711378,-47.504895613712876,3.413050106514633
QNCCF,1D,1697031000,2023-10-11,0.037,0.0371,0.037,0.0371,31000.0,1150.1000000000001,19.67741935483871,-16.62921348314606,-23.347107438016522,-37.011884550084886,11.626574940294587,9.315673979845101,8.906953407467057,0.270270270270278,11315.384615384617,-13.850187265917594,25.06524575902567,-61.19571583967869,-30.9897005203218,41.84050258644987,-0.005027256824014906,-0.00400579064182438,-0.001021466182190526,0.04227328282371263,0.04828608281741751,0.05758563432998944,0.08313636342199696,-12.237712517587452,-23.16626689250204,-35.57420972841647,-55.37452148143426,0.04352499999999996,0.05722739030242581,0.02982260969757411,62.9633098330884,-14.761631246410028,-35.17090364606864,24.402258475112134
QNCCF,1D,1697203800,2023-10-13,0.033,0.033,0.033,0.033,30010.0,990.33,-11.051212938005389,-18.918918918918916,-29.48717948717949,-44.06779661016949,11.862389989300757,9.63398725975605,9.07837119460881,0.0,-13.891835492565871,566.8246761422976,4.215205298682279,4096.313559322034,-41.70370359658298,38.266795899153244,-0.005132752833056357,-0.004231183080070775,-0.0009015697529855824,0.041390113030978094,0.04768662858928349,0.057098790085831234,0.0826374941342159,-20.270814493061618,-30.798211204605863,-42.20543035956767,-60.066552905872285,0.04232999999999996,0.05530768854611686,0.029352311453883055,61.31674248106268,-22.041105598865972,-40.333792882188845,12.42726165483771
QNCCF,1D,1697549400,2023-10-17,0.0322,0.0322,0.0322,0.0322,10000.0,322.0,-2.4242424242424305,-19.500000000000004,-25.11627906976744,-44.48275862068966,11.860396879794681,9.48625700838919,9.079819790681027,0.0,-67.48558561287652,-92.68181818181817,648.8372093023256,-83.33316079876603,-80.42697357636771,37.59209795089969,-0.005220731155432923,-0.004429092695143204,-0.0007916384602897186,0.04051486417088494,0.0470793098210763,0.056605744737596955,0.08213562852094011,-20.522996537305993,-31.604774746326424,-43.11531426842426,-60.796550072310275,0.04138499999999996,0.05442298680778643,0.028347013192213485,63.00827260015216,-22.19403165398083,-40.8338242924347,13.59221439543011
QNCCF,1D,1698240600,2023-10-25,0.0331,0.0331,0.0331,0.0331,16000.0,529.5999999999999,2.795031055900615,1.5337423312883451,-25.450450450450457,-36.952380952380956,9.898497374038481,9.470148859352149,8.988412604335663,0.0,64.47204968944096,-72.63057016475818,18.685850029133583,-32.74920634920636,-67.63873678159362,38.89732103765183,-0.005158369656948089,-0.0045749480875041815,-0.0005834215694439076,0.039808686630800665,0.046531101592798794,0.056140284445763355,0.08164771181923922,-16.852318422406935,-28.86478319455349,-41.04055523270883,-59.45997840909436,0.04048999999999996,0.05321884912315385,0.027761150876846063,62.87403864240013,-18.251420103729235,-37.80399135764244,19.23136813325255
QNCCF,1D,1698413400,2023-10-27,0.0347,0.0347,0.0347,0.0347,200.0,6.94,4.833836858006055,-2.25352112676055,-22.71714922048998,-32.88201160541586,9.511650112028688,9.594543374137366,9.051157400466828,0.0,-98.68957703927491,-98.7781690140845,-97.42390497401632,-99.48370778158012,-99.56405643095609,41.249752716817284,-0.004923090766033207,-0.004644576623209986,-0.0002785141428232208,0.039322145046914884,0.04606713682445374,0.05571572435772844,0.0811805704081025,-11.754559781518136,-24.675153716997976,-37.71955691142927,-57.25578198630562,0.03967499999999996,0.051674145802931656,0.02767585419706826,60.487187412384166,-12.539382482671616,-32.84843036915503,25.380050613490436
QNCCF,1D,1698759000,2023-10-31,0.033,0.033,0.033,0.033,50000.0,1650.0,-4.899135446685879,0.3039513677811637,-33.19838056680162,-40.43321299638989,9.276043142542022,9.085668419968036,8.951184771474377,0.0,23675.216138328527,903.0395136778117,507.2874493927126,112.0720129721237,1.7881038055152323,39.50927122831271,-0.004818264389777581,-0.004679314176523505,-0.00013895021325407552,0.038720035994827755,0.04555470008623987,0.055265908033813024,0.08070116174732536,-14.772806501501803,-27.559615281129048,-40.28868578471596,-59.10839536198659,0.03910499999999995,0.051234546570256306,0.026975453429743595,62.035783507256724,-15.611814345991453,-35.59033462949038,22.33343949508422
QNCCF,1D,1698845400,2023-11-01,0.0284,0.0324,0.0284,0.0324,12720.0,412.128,-1.8181818181818281,4.51612903225806,-27.839643652561254,-50.68493150684932,8.995742737075233,8.894888601391937,8.152573321718116,14.084507042253508,-75.02254545454547,3990.6004962779157,-9.003694583184215,30.007807509404493,-74.62555732655386,38.88564499120024,-0.004729089714480127,-0.00468926928411483,-3.982043036529666e-05,0.03811812780484416,0.04503882949462262,0.054813117775717714,0.08022055317272511,-15.00107202042983,-28.062073629448182,-40.89006187793747,-59.61134806657509,0.03830499999999996,0.049978812573448925,0.02663118742655099,60.951899613361086,-15.415742070225729,-35.172529454586545,21.66186764807028
QNCCF,1D,1699018200,2023-11-03,0.03075,0.03075,0.03075,0.03075,19200.0,590.4,-5.092592592592589,-17.115902964959574,-30.89887640449438,-52.61941448382126,4.897379231611978,8.926269017657445,8.169963143970222,0.0,43.25646401118099,-48.66533344926529,-55.77528089887641,-31.600959254839715,-63.44483160524857,37.149080923894026,-0.004736954687230212,-0.004698806364737906,-3.814832249230543e-05,0.037416401347239954,0.04447848323993154,0.05433662039402033,0.07972830886254874,-17.816789181228156,-30.865448279509877,-43.40833166100998,-61.4315160591041,0.03750249999999995,0.04893423105876864,0.026070768941231268,60.9651679689018,-18.005466302246415,-37.16055339038614,17.948189672950022
QNCCF,1D,1699367400,2023-11-07,0.03115,0.03115,0.03115,0.03115,15000.0,467.25,1.3008130081300848,-5.606060606060609,-23.464373464373462,-42.31481481481481,3.545005033945158,8.786545354475257,7.719912613172422,0.0,-20.85873983739837,-52.81875738390234,214.61616827470488,-62.92090427760637,-70.58848140063613,37.8734163169462,-0.004657225481410704,-0.004690490188072466,3.3264706661761956e-05,0.03681960121893139,0.04395579762267932,0.05387747939611894,0.07924494260520995,-15.398323260536213,-29.133352857353394,-42.183635260702474,-60.69149780928475,0.03690999999999996,0.048368909197651196,0.025451090802348718,62.0910820788472,-15.605526957464003,-35.59912655315235,22.391610803279864
QNCCF,1D,1699453800,2023-11-08,0.0305,0.0379,0.03,0.0379,22500.0,852.7500000000001,21.669341894061002,17.70186335403728,-5.249999999999995,-34.201388888888886,8.495709135467319,10.619661538998605,8.662303224805479,25.90163934426231,82.50401284109151,164.82919254658387,-80.61931818181817,-96.40662924757282,3.2324631479980366,48.631879015133805,-0.004003224246293874,-0.004553036999716748,0.0005498127534228738,0.03692249634093792,0.04371831536296641,0.053561093665502726,0.07883355014147651,2.647447372019292,-13.308644934418204,-29.23968237711624,-51.924022282411755,0.03658499999999995,0.047533063755752135,0.025636936244247767,59.85001369824901,3.594369277026251,-20.266027465116643,47.83357745605712
QNCCF,1D,1699540200,2023-11-09,0.0367,0.0367,0.0367,0.0367,8000.0,293.6,-3.166226912928759,10.876132930513615,12.57668711656444,-35.50087873462214,8.737256695939816,9.35357037221717,8.670861911033324,0.0,-65.57021401348578,-44.56193353474319,-84.8269172967768,-76.76753849063383,-63.00915920600016,47.071281453619946,-0.0035409358228115223,-0.004350616764335702,0.0008096809415241799,0.03690130621322955,0.043443087309516744,0.053227210622621486,0.0784143108365862,-0.5455259823766694,-15.521657706954874,-31.050303837634207,-53.19731869290793,0.03617499999999996,0.04643962371448712,0.025910376285512796,56.749820121560056,1.4512785072565222,-20.972658552030392,41.64209579819951
QNCCF,1D,1699626600,2023-11-10,0.03466,0.03466,0.03466,0.03466,1000.0,34.660000000000004,-5.55858310626703,-0.11527377521613363,-2.3661971830985737,-39.086115992970115,8.980692061758722,9.250781950179485,8.705069432278034,0.0,-88.19482288828337,399.42363112391934,-93.89788732394366,-96.3082494541194,-95.46079793968596,44.459322662930845,-0.003301126535777639,-0.00414071871862409,0.0008395921828464508,0.03668784847863626,0.043098652513065105,0.052859543085539876,0.07797894455960525,-5.527302806587563,-19.579852317904773,-34.430004542582765,-55.55210423051222,0.035437999999999956,0.04372466060605911,0.0271513393939408,46.767089599069735,-2.195383486652614,-20.731231484511465,27.654844194297333
QNCCF,1D,1700058600,2023-11-15,0.0315,0.0315,0.0315,0.0315,111.0,3.4965,-9.117137911136766,-4.545454545454549,-4.255319148936166,-38.35616438356164,9.442184103470783,9.366129176120662,8.670363175489493,0.0,-89.91200230813618,-99.78809090909091,-97.87446808510639,-98.73287671232876,-99.53657368476424,40.6925706907436,-0.003327701863192374,-0.003978115347537747,0.0006504134843453727,0.03619376767114709,0.04264380339490569,0.052436581836321265,0.07751646749931067,-12.968441732273325,-26.13229240297302,-39.92743444199697,-59.36347331580851,0.03476799999999995,0.041983873058751314,0.027552126941248586,41.50870374339263,-9.39944776806246,-24.971190828631773,14.328741542058632
QNCCF,1D,1700145000,2023-11-16,0.03358,0.03358,0.03358,0.03358,30010.0,1007.7357999999999,6.603174603174598,3.6419753086419773,8.322580645161286,-34.15686274509804,9.699320539090577,9.354210440997349,8.7826198771692,0.0,28721.272701272697,144.52010055128503,9902.340446650123,405.358708189158,28.959963263392474,44.05261431286638,-0.003144674534378368,-0.003811427184905871,0.000666752650527503,0.03594483741675213,0.042288360124517234,0.05206318417619609,0.077079288718223,-6.579073899636,-20.592806386617127,-35.501447843919664,-56.43447084370792,0.034221999999999954,0.039897937279429176,0.028546062720570732,33.17127742054368,-1.8759862077025187,-15.835247910639778,17.634436414944656
QNCCF,1D,1700231400,2023-11-17,0.0354,0.0354,0.0354,0.0354,2000.0,70.8,5.419892793329369,15.1219512195122,-4.5822102425876015,-30.588235294117638,9.458563341545187,7.931324446007872,8.856875667285603,0.0,-92.97434903076778,-88.00813008130082,-93.84401356403791,-97.56454221133374,-89.69269332936881,46.888056184767585,-0.0028202551225226247,-0.0036131927724292216,0.0007929376499065969,0.035892948138966214,0.04201822835492832,0.0517332201331031,0.07666456942749442,-1.3733843680314954,-15.75085055710605,-31.57201521784217,-53.82482382102259,0.033956999999999946,0.03883757414655438,0.029076425853445515,28.74561443327997,4.249492004594215,-8.851155671007211,21.748113672661564
QNCCF,1D,1700490600,2023-11-20,0.03422,0.03422,0.03422,0.03422,500.0,17.11,-3.333333333333335,9.855537720706259,3.696969696969693,-22.92792792792793,9.67552909341143,7.396750510222621,8.58241708043517,0.0,-75.83333333333333,-96.33814874264313,-98.27229307402582,-94.49406543277095,-97.4730586975284,45.28556359264401,-0.002628071764259318,-0.0034161685707952407,0.0007880968065359225,0.035733619744778955,0.041712415478264465,0.05138642369482383,0.07624223540334024,-4.235842200117747,-17.962075301461784,-33.40653515172142,-55.11674097832028,0.03366799999999995,0.03769244828517078,0.029643551714829117,23.906666776588082,1.6395390281574589,-9.212583536360341,15.438258981907104
QNCCF,1D,1700577000,2023-11-21,0.035,0.035,0.035,0.035,34010.0,1190.3500000000001,2.279368790181189,-7.651715039577835,8.695652173913055,-27.685950413223132,5.432453125250813,7.362349376903519,8.417183758996904,0.0,6857.042665108125,39.58956317795368,269.6739130434783,29.44214876033059,73.48799086157153,46.58511474984141,-0.002385328999075717,-0.003210000656451336,0.0008246716573756191,0.03566375119765715,0.04144918349872468,0.051061940057302566,0.07583186490181447,-1.8611367995993322,-15.559253414299723,-31.45579670352827,-53.845260108903716,0.03378799999999994,0.037821026655009284,0.029754973344990603,23.87253850484993,3.5870723333729795,-7.45888439449764,17.627394903690703
QNCCF,1D,1700836200,2023-11-24,0.036,0.036,0.036,0.036,3000.0,107.99999999999999,2.85714285714284,-1.9073569482288995,8.761329305135952,-23.076923076923084,5.4949849105533195,7.363538035470583,8.426984945449721,0.0,-90.9270382660562,-63.21525885558583,-79.60725075528701,-88.63485689390639,-83.58793270333113,48.28113304521078,-0.0020881906047116316,-0.0029856386461033953,0.0008974480413917636,0.03569577489311837,0.04123549002818646,0.0507636838185441,0.0754355279376173,0.8522720344145744,-12.696563141623274,-29.083160850416633,-52.27712858353585,0.03381299999999994,0.037894078778952345,0.029731921221047536,24.139110868319356,6.467926537130869,-4.998350243585768,21.081983677917265
QNCCF,1D,1701268200,2023-11-29,0.0253,0.0294,0.0253,0.0294,20000.0,588.0,-18.33333333333333,-15.175995383727651,-15.273775216138336,-31.62790697674418,8.367994225841946,8.755224711253069,8.918959207360064,16.20553359683794,444.44444444444446,1596.480092325447,8372.622478386165,1267.4418604651162,-13.045927943023777,39.39124053127633,-0.002358088550953881,-0.0028601286270734925,0.0005020400761196115,0.035096177284249956,0.04077135316433601,0.05034064057461253,0.07497746298301415,-16.230192929889885,-27.890546380694804,-41.5978826164822,-60.78821711177338,0.033637999999999946,0.03813921139250473,0.029136788607495162,26.762657663979965,-12.598846542600493,-22.913980319535906,0.9033644580759609
QNCCF,1D,1701786600,2023-12-05,0.0331,0.0331,0.03114,0.03114,20000.0,622.8000000000001,5.9183673469387825,-1.1428571428571404,-5.636363636363638,-29.864864864864867,8.179248169508279,8.836261359492916,8.972598484548124,5.921450151057392,5.918367346938787,17712.097812097814,-62.25454545454544,39.572408229124655,-8.694415911449408,42.40226614190275,-0.002403870833041638,-0.0027688770682671214,0.0003650062352254834,0.03471939849527377,0.04039365304024441,0.04996042987016476,0.07454126932149162,-10.30950606981576,-22.908680804444558,-37.67067240829306,-58.224483855117604,0.03364499999999994,0.038130186729670945,0.02915981327032893,26.661832246521122,-7.445385644226311,-18.33242197115059,6.7908073049493
QNCCF,1D,1701959400,2023-12-07,0.033,0.033,0.033,0.033,9999.0,329.96700000000004,5.973025048169559,-1.727218582489569,1.851851851851862,-26.50334075723831,8.111483759338709,8.950505903265801,9.048693188636657,0.0,-47.01878612716763,-67.25659642140329,-19.935796645702293,22.48218262806236,-51.76795082236193,45.5181365531809,-0.0022639695345856997,-0.002667895561530837,0.0004039260269451373,0.03455564625762865,0.0401037058621956,0.049624579773725856,0.07412792335809369,-4.5018583823626726,-17.713340224979117,-33.50069632736291,-55.482362779023035,0.03343999999999994,0.03764054758335339,0.029239452416646494,25.122892244936935,-1.3157894736840348,-12.328586806759635,12.86121070178649
QNCCF,1D,1702045800,2023-12-08,0.02945,0.033,0.02945,0.033,40900.0,1349.7,0.0,-6.779661016949151,7.317073170731714,-33.19838056680162,7.821317873373919,8.817096744640374,8.832275376748774,12.054329371816642,309.040904090409,1806.35593220339,128.6077235772358,396.7611336032389,87.44342030010253,45.5181365531809,-0.0021285600325522958,-0.0025600284557351287,0.0004314684231828329,0.034407489471187824,0.03982512916171734,0.04929538017424614,0.07371869028985395,-4.09064855593846,-17.137745201032832,-33.0566071640918,-55.235232923635024,0.03343999999999995,0.03764054758335299,0.02923945241664691,25.12289224493448,-1.3157894736840552,-12.328586806758697,12.861210701784884
QNCCF,1D,1702477800,2023-12-13,0.03,0.03,0.03,0.03,7575.0,227.25,-9.090909090909099,-12.331969608416134,-3.6918138041733597,-33.184855233853014,8.344185970975376,9.181468306866593,8.83170912983863,0.0,-83.16292509446544,1228.1706604324957,-51.36436597110754,-49.82405853042893,-68.1068480423864,41.33528367091589,-0.0022375291117847917,-0.0024955285869450615,0.0002579994751602697,0.033987728569169935,0.0394398299789049,0.04891329343812245,0.07328367844617381,-11.732848110324092,-23.934763369806518,-38.66698009621583,-59.06319028181054,0.03332999999999995,0.03776344110144852,0.02889655889855138,26.603306939385398,-9.990999099909859,-20.558087067840678,3.8185899757909842
QNCCF,1D,1702564200,2023-12-14,0.032,0.032,0.032,0.032,500.0,16.0,6.666666666666673,-8.571428571428578,-15.567282321899741,-28.089887640449433,8.757928509253892,7.287677016438186,8.936878504663001,0.0,-92.95929592959295,-98.65585752089721,-98.12371738493111,-98.80149812734082,-97.60682798301339,44.96615921673566,-0.0021378606797101407,-0.0024239950054980772,0.0002861343257879365,0.03379842108639185,0.03914807194051647,0.04857837673637745,0.07287289557606264,-5.321021008037382,-18.25906509872978,-34.127070211390766,-56.08792576850563,0.03327499999999995,0.037745626354328175,0.028804373645671722,26.8707819944597,-3.8317054845979013,-15.22196585212936,11.094240040204687
QNCCF,1D,1702650600,2023-12-15,0.033,0.0335,0.033,0.0335,96229.0,3223.6715000000004,4.687500000000004,-6.944444444444432,-8.719346049046324,-17.690417690417686,8.891267427208629,7.394680312788021,8.864993145481058,1.5151515151515165,20047.946875,2884.8810185185193,997.9807561307903,2070.6135368782675,318.07551332493415,47.586303023925495,-0.0019157516724754645,-0.0023223463388935546,0.0004065946664180901,0.033770000030545005,0.03892657892324131,0.04827979501882542,0.07248112547082818,-0.7995262964192719,-13.940549293946159,-30.6127957110473,-53.78107088929944,0.03321499999999995,0.03763948867102319,0.028790511328976722,26.641509384454242,0.8580460635256646,-10.9977282295282,16.35778057989311
QNCCF,1D,1702996200,2023-12-19,0.0335,0.034,0.0334,0.03365,26800.0,901.8199999999999,0.44776119402984277,14.455782312925173,-2.9140219272937213,-15.875000000000004,5.203087431732496,7.253463896493475,8.861585679107693,1.7910447761194128,-72.02506520903263,53.370748299319715,2501.9042123485283,-79.50409090909092,37.794365432515114,47.853667533567325,-0.0017079369041579778,-0.0021994644519464394,0.0004915275477884616,0.033758571456207385,0.03871965425958479,0.04799009610756155,0.07209474611290949,-0.32161152419683464,-13.093232252531884,-29.881365678911525,-53.3253089659268,0.033247499999999944,0.037674742369694064,0.02882025763030582,26.632031699791742,1.210617339649767,-10.682866335753918,16.75815126862532
QNCCF,1D,1703082600,2023-12-20,0.033,0.033,0.033,0.033,500.0,16.5,-1.9316493313521481,5.973025048169559,4.761904761904765,1.2269938650306889,5.101217906636262,6.826918109902878,8.193883028006244,0.0,-98.17036659200284,-97.35067437379577,371.9004719004718,-99.1472892894987,-97.20584202774629,46.7410041816911,-0.0015775072491609962,-0.0020750730113893506,0.0004975657622283544,0.03368632655561621,0.03849535409254225,0.047693262521273205,0.07170574366402482,-2.037403973042534,-14.275369644169261,-30.80783688203211,-53.97858203016408,0.033277499999999946,0.037689469514855405,0.028865530485144487,26.516231777359874,-0.8338967771014796,-12.442386627402744,14.32320641736794
QNCCF,1D,1703255400,2023-12-22,0.0377,0.0387,0.0377,0.0387,4000.0,154.79999999999998,17.272727272727263,17.272727272727263,15.247170935080403,9.014084507042257,7.604383768638079,7.958220871646405,8.611739386392797,2.652519893899207,838.1818181818181,-53.08621771268037,-84.63883093167873,-72.74647887323944,-73.15969016850201,56.33008691685496,-0.0010026406277341762,-0.0018605865346583157,0.0008579459069241395,0.03416381926460514,0.03850337942224647,0.047515178114911356,0.07137732830418378,13.277733090265151,0.5106579752319708,-18.552341514100213,-45.78110316055133,0.03367499999999995,0.03851612590210314,0.02883387409789676,28.75204693157059,14.922048997773002,0.4773951003385248,34.21713595823361
QNCCF,1D,1703601000,2023-12-26,0.033,0.037485,0.033,0.037485,10101.0,378.63598499999995,-3.1395348837209327,13.59090909090908,5.889830508474566,13.936170212765955,7.832424003748369,7.950485299909252,8.51480783745635,13.59090909090908,144.59688953488373,-71.94665592353857,434.79658898305075,130.17385106382974,-35.15200443112575,54.094343047505674,-0.000637743524021038,-0.0016160179325308602,0.0009782744085098222,0.0344801221917856,0.03846344297431524,0.04731656072649727,0.07104009120662971,8.71481194730297,-2.54382576975394,-20.77826573940232,-47.2340204477359,0.033991749999999946,0.03895796311967328,0.029025536880326608,29.220108524411632,10.276758331065796,-3.7809038299783646,29.144898006717597
QNCCF,1D,1703687400,2023-12-27,0.03855,0.0399,0.035,0.035,152224.0,5327.84,-6.629318394024261,16.666666666666682,2.279368790181189,12.903225806451623,7.3618464675264095,8.114542882077295,8.538108021338871,12.710765239948104,1307.1140121560293,2244.4840484048405,31038.749269433083,52781.786600496285,599.9805402062218,49.74553230254722,-0.0005428213655674849,-0.0014013786191381852,0.0008585572535707003,0.034529634363996496,0.03832762168120484,0.04707266843488347,0.07068148333392693,1.3622085627815104,-8.682045833375158,-25.646875004725555,-50.48208052645651,0.033846749999999946,0.038508037670806586,0.029185462329193307,27.5434874592488,3.407269531048206,-9.109884281291405,19.92271907575915
QNCCF,1D,1703773800,2023-12-28,0.0379,0.0379,0.0341,0.0341,435746.0,14858.9386,-2.5714285714285854,6.562499999999993,-2.5714285714285854,-8.086253369272244,7.321317404185225,8.134638026618001,7.796864072472211,10.026385224274419,178.89235787861494,92768.36624999999,1148.2831604150037,1191.9692722371967,1119.8430966755423,48.23313819591672,-0.0005340610264307419,-0.0012279151005966966,0.0006938540741659547,0.03448871680552064,0.0381618325956674,0.04681578391142043,0.07031748847488288,-1.1270839901425915,-10.643704244246772,-27.16131793388275,-51.50566275958452,0.03371674999999995,0.038193872150445944,0.029239627849553952,26.557258042047366,1.1366753913115908,-10.71866223545011,16.62255133838918
QNCCF,1D,1703860200,2023-12-29,0.0361,0.0361,0.0356,0.0356,3000.0,106.8,4.398826979472145,6.268656716417903,-1.1111111111111045,7.878787878787873,7.302132599141773,8.18081767170995,7.555155845573197,1.3850415512465386,-99.28124072065282,-96.6870073455065,-1.1111111111111007,-89.21571597346339,-91.01502796766673,50.91182075920362,-0.0004014532276605809,-0.0010626227260094735,0.0006611694983488926,0.03459455330023296,0.038061368572307894,0.04659368918050122,0.06997204082836664,2.90637283575005,-6.466842009718743,-23.5948030170187,-49.12253583210085,0.03376374999999995,0.038298854050627,0.02922864594937289,26.86374618119767,5.43852504535206,-7.046827163704182,21.798320940569635
QNCCF,1D,1704205800,2024-01-02,0.0364,0.037,0.0364,0.037,2000.0,74.0,3.932584269662917,9.955423476968793,25.850340136054417,14.906832298136644,7.357838390869386,6.376481374371841,7.558360713963006,1.6483516483516383,-30.711610486891384,-91.79437138231576,-87.41496598639455,-77.01863354037268,-93.73085782829683,53.338697556580954,-0.0001813023513858314,-0.0008863586510847451,0.0007050562996989137,0.034823643462115535,0.03801974627535464,0.04640371513732298,0.06964396082012418,6.249652022345424,-2.682149081083345,-20.265004880524053,-46.87263681690466,0.03403874999999995,0.03865766965182476,0.029419830348175142,27.139184910284985,8.699643788329627,-4.288074440996508,25.7655110927417
QNCCF,1D,1704465000,2024-01-05,0.037,0.037,0.0365,0.037,247963.0,9174.631,0.0,12.12121212121211,18.81824020552343,11.78247734138973,7.2550076287103735,6.288489648052034,7.549748546019673,1.3513513513513526,12298.15,55503.82424242424,1373.1263648041104,1632.3699018126888,524.739743936403,53.338697556580954,-6.7533474510730884e-06,-0.0007104375903580107,0.0007036842429069376,0.03503091551334263,0.037979756225340736,0.04621750295638589,0.06931914528957568,5.6209906529773175,-2.5796801315091837,-19.94374937366084,-46.62369271081576,0.03420974999999995,0.03899819074308257,0.029421309256917327,27.994596529250455,8.156300469895436,-5.123803707322005,25.759189289989955
QNCCF,1D,1704724200,2024-01-08,0.0375,0.0375,0.0375,0.0375,100.0,3.75,1.3513513513513526,-3.100775193798449,13.636363636363628,8.069164265129674,3.7042238314306553,6.161344692062196,7.511242095931928,0.0,-99.9591264215422,-97.57751937984496,-98.86352271590796,-45.96541786743516,-99.74462801991145,54.275041617307984,0.00016996457127218395,-0.0005343571580319718,0.0007043217293041557,0.03526606641683381,0.03796094225571953,0.046044879135467356,0.06900253687873413,6.334513060690686,-1.2142539893094595,-18.557718677744177,-45.654172011236426,0.03431474999999995,0.03929138287273766,0.02933811712726224,29.005794142389018,9.2824514239505,-4.559225819411443,27.820063698475682
QNCCF,1D,1704810600,2024-01-09,0.036,0.0373,0.036,0.0373,20000.0,746.0,-0.5333333333333301,-0.4935307456315797,13.030303030303026,13.030303030303026,3.5352353691033143,6.169668924744353,7.446532011881477,3.6111111111111183,19793.333333333332,97.02300614665563,-44.72845817589094,-54.78787878787878,-48.13367486239283,53.80989971947656,0.0002905274469525501,-0.0003693802370350674,0.0006599076839876176,0.03545977437713535,0.037935022951573666,0.04587171321199276,0.06868708875058752,5.189614584945686,-1.6739753983655445,-18.686272240104078,-45.695762218949845,0.03446874999999995,0.03961195510479725,0.02932554489520265,29.842713210065973,8.213961922030979,-5.836508444687346,27.1928625138757
QNCCF,1D,1704897000,2024-01-10,0.0401,0.048,0.0401,0.048,82777.0,3973.2960000000003,28.686327077747993,37.14285714285713,60.00000000000001,48.14814814814816,9.919604253461797,8.8278319449332,8.963803193529916,19.700748129675823,432.6134048257373,-25.423886603201296,1648.4250825082509,864.0927090612627,155.18619222811395,69.0781490463789,0.001235235939899243,-4.8457001648205295e-05,0.0012836929415474482,0.036654081579312936,0.038329727933864896,0.04591385750482459,0.0684812470714772,30.954038218462816,25.229169596038986,4.543601014042882,-29.90781848657038,0.03511874999999994,0.04294978178067975,0.027287718219320137,44.59744028861972,36.679124399359544,11.75842579389311,75.90331157119337
QNCCF,1D,1704983400,2024-01-11,0.048,0.048,0.048,0.048,55000.0,2640.0,0.0,40.762463343108514,50.0,56.09756097560976,9.675628460902647,8.837992153403151,8.881423066443594,0.0,-33.556422677796974,-82.23291669029442,16400.0,347.1544715447155,62.42771223242557,69.0781490463789,0.0019613154037190217,0.00035349747942524016,0.0016078179242937816,0.03773464523842599,0.038708954289399605,0.0459551672572043,0.06827745356827841,27.20405795976738,24.00231646956357,4.449625286643124,-29.698608411048415,0.035718749999999945,0.04535799575628279,0.0260795042437171,53.973029606483216,34.383202099737744,5.82478171635538,84.0525784210942
QNCCF,1D,1705069800,2024-01-12,0.05,0.05,0.05,0.05,100000.0,5000.0,4.1666666666666705,40.4494382022472,49.25373134328358,60.51364365971108,9.67941806461923,8.833099580228277,8.890209653237918,0.0,89.39393939393939,4581.647940074906,55.10265236392726,970.0909577314071,181.46337183208004,71.14574551027263,0.0026673740673531093,0.000816272797010814,0.0018511012703422954,0.038902774263337804,0.03915174039569766,0.04603526295508144,0.06809558835864381,28.525538208518686,27.708243604655813,8.612391437379486,-26.573804257830187,0.03674874999999995,0.047770408620643925,0.02572709137935597,59.983855889759475,36.059049627538556,4.667306484777612,94.34765968189156
QNCCF,1D,1705415400,2024-01-16,0.04445,0.04445,0.04445,0.04445,6000.0,266.70000000000005,-11.099999999999998,20.13513513513515,32.09509658246658,17.282321899736147,11.293540594402405,9.564798217700842,8.401708300182744,0.0,-94.66600000000001,260.4054054054055,-70.42647091437316,-68.72471416007035,-84.81981063570962,59.29681083002765,0.002747421464019663,0.0012025025304125837,0.0015449189336070792,0.03943108147635325,0.03935951528214089,0.04600387160943626,0.06786030887248815,12.728330889571446,12.933301341159767,-3.377697474308942,-34.497792983048335,0.03741424999999995,0.0486069097710292,0.026221590228970693,59.83099899652817,18.80500076842397,-8.552096380146367,69.51679746291593
QNCCF,1D,1705588200,2024-01-18,0.0445,0.0445,0.0371,0.0371,3200.0,118.72,-16.535433070866144,0.270270270270278,12.424242424242422,1.0899182561307836,13.276206343157577,10.71041393789559,8.941311666486355,16.62921348314606,-55.48556430446195,-98.7059970041302,619.5151515151515,-59.56403269754769,-93.22012892663253,47.91564505386928,0.0021925022281997913,0.0014005024699700252,0.0007919997582297661,0.03920907371670056,0.039270906839703995,0.045827557320140495,0.06755423614738876,-5.379044993358835,-5.528028289657793,-19.044343252187414,-45.08116423808596,0.03761924999999995,0.04862970697280607,0.026608793027193836,58.536291780437566,-1.3802773845835603,-23.70918455102665,39.42759433727148
QNCCF,1D,1706106600,2024-01-24,0.0417,0.0417,0.0412,0.0412,12896.0,531.3152,11.051212938005389,9.866666666666672,6.459948320413443,18.869013271783025,13.752603698799753,10.156461817568236,9.066949478841897,1.199040767386092,347.5363881401617,14068.405333333334,243.22687338501296,1432.934795152914,-69.94179045186391,53.300220249976825,0.0020598161918372188,0.001532365214343464,0.0005274509774937548,0.03939868574368146,0.03934655755187247,0.04573592252172187,0.06729200494194211,4.572016102357997,4.710558085504809,-9.917636447734438,-38.774301589696506,0.038029249999999945,0.04893129672297895,0.027127203277020943,57.33506037052541,8.337661142410276,-15.800310314171995,51.87706443332445
QNCCF,1D,1706193000,2024-01-25,0.0388,0.0388,0.0388,0.0388,2700.0,104.76,-5.8252427184466,4.021447721179628,3.5080698946245263,23.174603174603178,14.027415661977395,10.256465659923139,8.963417723820507,0.0,-80.28289045749115,-85.95710455764075,-72.33226524943211,2896.1389961389964,-94.08468578455773,50.03910774407636,0.0017409332152928947,0.00157407881453335,0.0001668544007595446,0.03934166805380703,0.039325123922387274,0.04559857752129173,0.06700850240520637,-1.3768304207798174,-1.3353395234651173,-14.90962633235042,-42.096900233088405,0.03846924999999995,0.04873108525252745,0.028207414747472445,53.35084646842617,0.8597776145884146,-20.379364015933486,37.55248521482004
QNCCF,1D,1706279400,2024-01-26,0.04,0.04,0.04,0.04,211.0,8.44,3.0927835051546384,-16.666666666666664,14.285714285714276,19.11852293031567,8.838477118634646,10.061112726745684,8.913451350215162,0.0,-91.9434898816342,-99.78758189674265,-99.84158683443948,-99.16247889575818,-99.51429674145145,51.63257957951016,0.001566982926373063,0.0015726596369012927,-5.6767105282296004e-06,0.03940436633439684,0.03935158965092111,0.045487714600078034,0.06673976108774163,1.5115930568415734,1.6477361012116454,-12.064168640533591,-40.065712930238575,0.03886924999999995,0.04870610227855,0.029032397721449908,50.61508662271619,2.9091119586821192,-17.87476696197087,37.77711501398638
QNCCF,1D,1706538600,2024-01-29,0.0386,0.0386,0.0386,0.0386,100.0,3.8600000000000003,-3.499999999999996,-19.58333333333333,13.196480938416435,9.039548022598874,8.800817589916708,10.090335694034822,8.908913975542365,0.0,-54.26540284360188,-99.85378787878787,-99.97402237061536,-94.54802259887005,-99.77757996559001,49.64325376823156,0.0013011588205085467,0.0015183594736227434,-0.0002172006531141967,0.03932776001683524,0.03932211554696342,0.04535132421195768,0.06645976346497803,-1.850499536520004,-1.8364107243949608,-14.886719030306883,-41.91974513971773,0.03912424999999995,0.04865064977903596,0.029597850220963944,48.69818477816709,-1.3399617884047592,-20.658819203205955,30.414877134082868
QNCCF,1D,1706625000,2024-01-30,0.0368,0.0368,0.0368,0.0368,175.0,6.4399999999999995,-4.663212435233168,-26.400000000000006,3.370786516853932,7.53945061367621,8.352727425342911,10.16568381061227,8.932028604632732,0.0,66.83937823834194,-99.8712,-93.97003745318352,-62.36119228521333,-99.6288397313964,47.12905296815876,0.000934474306563314,0.0014015824402108575,-0.0004671081336475435,0.03908702096761284,0.039223209054925635,0.04518199105924565,0.0661646414404509,-5.851100726012973,-6.177997959147941,-18.551619489841915,-44.3811691579701,0.03928174999999995,0.04854134031221236,0.030022159687787535,47.144489806143696,-6.317819343588186,-24.188331506079976,22.57612504462684
QNCCF,1D,1706884200,2024-02-02,0.0404,0.0404,0.036,0.036,23800.0,856.8,-2.1739130434782665,-19.010123734533195,-2.7027027027027053,2.85714285714284,7.824799379241418,10.14961090504151,8.940400976174397,10.891089108910894,13204.347826086956,221.25984251968495,1057.837837837838,-28.02117024404588,-50.30108148250638,46.013658085042785,0.000572718926047093,0.0012358097373781046,-0.0006630908113310116,0.03879301897069733,0.03909680869983051,0.045000169454112074,0.06586449575447625,-7.199797914173843,-7.920873346995039,-20.0003012506204,-45.342328081888674,0.039431749999999946,0.048371096326774526,0.030492403673225366,45.34085515745353,-8.703012166591524,-25.57538957397341,18.06219144216144
QNCCF,1D,1707143400,2024-02-05,0.03747,0.03747,0.03747,0.03747,531.0,19.89657,4.083333333333351,0.9973045822102486,1.2702702702702842,4.083333333333351,5.611391180390065,10.195740320306152,8.953956277218072,0.0,-97.67780462184874,-83.2407597708895,-99.78313492935028,-81.57725,-98.84392465087612,48.42888790848536,0.0004000305917275862,0.0010686539082480008,-0.0006686233165204146,0.03866701716396425,0.03903301228022931,0.04485105718769401,0.06558196345841182,-3.0957059834442244,-4.004334251755896,-16.456818747450136,-42.86538855494735,0.03937024999999995,0.048345737995090655,0.03039476200490924,45.59528067558992,-4.8266140042289445,-22.49575339235704,23.277820020265338
QNCCF,1D,1707229800,2024-02-06,0.0367,0.0368,0.036,0.036,4385.0,157.85999999999999,-3.9231385108086623,-12.62135922330098,-4.0000000000000036,22.44897959183673,3.5951824799065046,10.257489040884407,8.29150907123694,2.179836512261586,693.4030840491602,-70.28882290587583,4109.599999999999,-73.15306122448979,-90.75060593626098,46.20287222552431,0.00014290975325244315,0.0008835050772488893,-0.0007405953239964461,0.03841301552930099,0.0389140706221811,0.04467578872853176,0.06528761556330324,-6.281765427815398,-7.488475442402258,-19.41944166055887,-44.8593738806494,0.03929599999999995,0.048356806586613336,0.03023519341338656,46.11566870222617,-8.387622149837021,-25.553396633999583,19.066544433154117
QNCCF,1D,1707402600,2024-02-08,0.036,0.038,0.0334,0.038,50600.0,1922.8,5.555555555555561,-2.0618556701030983,1.8766756032171563,22.029543994861907,3.9799817563890385,10.345801406239357,8.284593635479496,12.77777777777778,1118.0413024198658,1735.4333715158457,157.7479892761394,208.73474630700062,9.87179140487723,49.59736075784382,9.937736124767532e-05,0.0007266795340486465,-0.0006273021728009712,0.03837368071698661,0.0388782247154289,0.04454359489232321,0.0650160970004843,-0.9737943038161454,-2.2589115677403226,-14.690316100757627,-41.55293572956719,0.039445999999999946,0.04831465356184449,0.030577346438155406,44.96604756804012,-3.665770927343582,-21.34891342776858,24.27500887579429
QNCCF,1D,1707489000,2024-02-09,0.037,0.037,0.036,0.036,3500.0,125.99999999999999,-5.263157894736847,-10.000000000000009,-25.000000000000007,9.090909090909078,4.06014409243084,6.887900943343448,8.304887443817277,2.7027027027027053,-93.44705637611817,1392.8909952606634,-96.82882926416758,-61.81436325450728,-92.772083011134,46.441579301491636,-9.540587877027856e-05,0.0005622624514848614,-0.00065766833025514,0.03814761588679741,0.0387653531579611,0.04437441479544552,0.0647273796173949,-5.62975126196729,-7.133568851269939,-18.872169546459133,-44.382114318860324,0.03954099999999995,0.048217171736429316,0.030864828263570586,43.88443254560773,-8.95526162717169,-25.337802480851302,16.637616424033038
QNCCF,1D,1707834600,2024-02-13,0.036,0.036,0.036,0.036,12000.0,431.99999999999994,0.0,-6.735751295336801,-25.000000000000007,9.090909090909078,3.987084924289485,6.887900943343448,8.304887443817277,0.0,242.85714285714283,11091.709844559582,-83.63636363636363,-67.99288730829073,-74.7759442373691,46.44157930149163,-0.0002469265838695861,0.0004004246444139719,-0.0006473512282835581,0.03794308104043575,0.03865690793608027,0.0442085847994961,0.06444153504408749,-5.121041800387848,-6.873048254334023,-18.567852458352544,-44.13540897905256,0.03956099999999995,0.04820251583925041,0.030919484160749494,43.68704450974681,-9.001289148403623,-25.315101560143315,16.431437901218047
QNCCF,1D,1707921000,2024-02-14,0.03733,0.041,0.036,0.041,751777.0,30822.857,13.888888888888903,11.413043478260876,-18.000000000000004,36.66666666666668,6.177225776630411,7.87293417006946,8.432925933140748,13.394053040450052,7034.920601851853,478515.79192546586,516.45714,13463.413421342133,1028.0075909308825,54.783315364735785,3.603499001408883e-05,0.0003275467135339953,-0.00029151172351990647,0.038234216179441866,0.03874879389937124,0.044145048466832815,0.0642082859391712,7.2337923905061485,5.8097449599980715,-7.124351600147771,-36.14531302261824,0.03976099999999995,0.048341104661367235,0.03118089533863266,43.158394715260165,3.1161188098892234,-15.1860506970045,31.490772008722978
QNCCF,1D,1708007400,2024-02-15,0.0371,0.0371,0.0363,0.0363,25320.0,919.116,-11.463414634146348,0.833333333333338,-18.335208098987636,13.437499999999995,7.688186123275543,7.9064113919828936,8.67868496264248,2.1563342318059355,-97.01807006404371,7.2731092436974825,244.62542182227213,5644.475,-66.73013641861577,47.32216452259662,-0.00011761089927948831,0.00023851519097129858,-0.0003561260902507869,0.03805000511473312,0.03865276276606257,0.043989700972440086,0.06393059155171676,-4.599224387634862,-6.08692004838607,-17.480684802239846,-43.219671335850144,0.03972599999999995,0.048356433129340404,0.031095566870659494,43.449796754470455,-8.624074913154997,-24.932428529401044,16.736897420098796
QNCCF,1D,1708093800,2024-02-16,0.037,0.037,0.037,0.037,350.0,12.95,1.9283746556473809,-1.2543368027755675,-0.269541778975749,10.44776119402984,7.577325997345148,6.667906471356221,8.651352064223094,0.0,-98.59103747513916,-34.91340467226261,-89.09198113207547,-99.59828413037744,-99.51234835851582,48.44828661496344,-0.0001808079817826741,0.00015465055642050404,-0.00033545853820317816,0.03795000462761568,0.03858794853994247,0.04385129105219375,0.06366262546662506,-2.503305696369729,-4.115141125729403,-15.623920956030785,-41.881127696505175,0.039700999999999945,0.048359930418938435,0.031042069581061454,43.620716953923086,-6.803355079217023,-23.49037792347552,19.193083770978447
QNCCF,1D,1708439400,2024-02-20,0.037,0.0411,0.037,0.0408,78024.0,3183.3792000000003,10.270270270270283,13.33333333333335,-0.9708737864077612,21.24814264487371,8.108964621447953,6.57956957887085,8.820330178592066,11.08108108108108,24482.078764478767,1916.5838084378568,499.1507865764052,252.99496573595627,16.537451703356,54.175290965883235,7.487302744454971e-05,0.00013869505062531317,-6.382202318076346e-05,0.03822143275831895,0.038674695656023154,0.043790869447199815,0.06343513665601187,6.746390848259934,5.495335665675383,-6.829892817739114,-35.682332929705595,0.03987599999999995,0.04847502180483425,0.03127697819516566,43.128808329994506,2.317183268131334,-15.832941418231277,30.4473844800847
QNCCF,1D,1708525800,2024-02-21,0.0407,0.0444,0.0407,0.0444,14203.0,630.6132,8.823529411764703,16.842105263157904,14.432989690721651,34.54545454545455,8.382160531184166,6.710671849925463,8.911412991958565,9.090909090909095,-80.19044668005621,-67.20339088828791,501.9599083619702,3721.898181818182,-77.08616395043158,58.84037436735898,0.0005615191397742025,0.00022325986845509106,0.0003382592713191115,0.03880986773371715,0.03889921739500264,0.04380293143834437,0.06324573231117593,14.403894145267268,14.14111381506622,1.3630790041895846,-29.79763475336622,0.03969599999999995,0.04774006713050165,0.031651932869498245,40.52835112102838,11.850060459492296,-6.996360355697198,40.27579352914204
QNCCF,1D,1708957800,2024-02-26,0.0495,0.1,0.0495,0.0949,819412.0,77762.1988,113.73873873873872,163.61111111111114,137.24999999999997,145.21963824289406,39.20509650029995,29.78453603761627,21.943505165334084,102.020202020202,12231.2037870441,61616.0307936508,921253.0663507108,50133.97855297158,1356.488269139991,83.78213117653445,0.004964885533881205,0.001171585001540314,0.0037933005323408913,0.04415178509241075,0.04109532651676724,0.044814754578179135,0.06356070014887567,114.94034680901805,130.926501974087,111.76061521088414,49.3060960274502,0.04204099999999995,0.06730789446687134,0.016774105533128567,120.20120580800369,125.73202350086845,40.993862238120336,465.7529685417452
QNCCF,1D,1709044200,2024-02-27,0.1036,0.1036,0.0768,0.08775,84236.0,7391.709,-7.534246575342469,143.75,127.33160621761654,134.093637454982,39.826850074226016,29.92416522645783,22.00917611311935,25.86872586872587,-90.4944701743696,1611.0437500000003,191395.05181347148,1852.1940050151336,32.639311748543335,76.6957236983037,0.007787866206940754,0.0024948412426204023,0.005293024964320351,0.04830399603599068,0.04292492155532539,0.04566495745781915,0.06380138969963313,81.6619890715017,104.42669857159817,92.16047684059471,37.536189122389246,0.04392849999999995,0.0760121209147287,0.011844879085271195,146.0720075337368,99.75642236816668,15.442114946955618,640.8264733501153
QNCCF,1D,1709130600,2024-02-28,0.0829,0.09425,0.071,0.08305,45700.0,3795.3849999999998,-5.356125356125352,102.56097560975607,125.67934782608697,137.28571428571425,40.70630831193805,29.9469644257913,21.989005403136126,28.04583835946925,-48.653484600110744,-87.68645943495764,58834.549689440995,-28.763157302021085,-31.264283447479464,72.36293612184734,0.00953592381452939,0.0039030577570022,0.00563286605752719,0.051613139270658234,0.04449845404335184,0.046405255329941546,0.0639929181603333,60.90863910541755,86.6356973190349,78.96679893153087,29.7799856414103,0.04585849999999995,0.0821972271516218,0.0095197728483781,158.4819701979868,81.10055932924124,1.0374715521792113,772.3947653241471
QNCCF,1D,1709217000,2024-02-29,0.087,0.087,0.0858,0.0858,4788.0,410.8104,3.3112582781456985,136.36363636363637,138.33333333333334,151.61290322580646,39.60759199917469,29.83709331203139,21.95140937180015,1.379310344827578,-89.1760546031562,-55.303748384317096,-52.05294117647058,-97.23526416617672,-91.84916643279782,73.31292124475203,0.01101618634110705,0.00532568347382317,0.005690502867283879,0.054869030768690784,0.046118122512240005,0.04718534928380409,0.0642099040492852,56.372363057958296,86.04400033246846,81.83610231205813,33.624245777011325,0.04829349999999995,0.08829985713233605,0.008287142867663841,165.6800900010815,77.66366074109372,-2.831099860772693,935.3387333864943
QNCCF,1D,1709303400,2024-03-01,0.0899,0.1007,0.0899,0.09595,142700.0,13692.064999999999,11.82983682983682,159.32432432432432,156.07152388577526,169.52247191011233,39.187119414414866,29.809871857449554,21.988730025435828,12.013348164627368,3232.940207940207,105630.23166023166,68716.20801977425,12720.285580524345,149.26637355880248,76.52085383089894,0.01286008220847009,0.006832563220752554,0.006027518987717536,0.05878150402881547,0.048072313786269805,0.048150985931649556,0.06452572589954107,63.23161781121497,99.59513583347594,99.269024597339,48.700380603827384,0.05103099999999995,0.0959163855503104,0.006145614449689495,175.91419157104698,88.02296643216884,0.03504557589063946,1461.275943772357
QNCCF,1D,1709562600,2024-03-04,0.0909,0.099,0.0907,0.0942,31406.0,2958.4452,-1.8238665971860217,130.88235294117646,161.6666666666667,154.5945945945946,39.80872253396174,29.746177844297684,22.02167079821915,9.130913091309134,-78.39299477471076,-7.065887720821955,1774.0942607373622,3897.898918918919,-47.067528372962656,74.85024748673271,0.0140185751847976,0.008269765613561563,0.0057488095712360365,0.06215469412130924,0.04988124265739648,0.04906284759636937,0.06482099230850086,51.55733823763489,88.84854302247794,91.99863973441845,45.32329210832874,0.05380099999999995,0.10203790781963552,0.005564092180364383,179.3160269126433,75.08968234791192,-7.681368608115699,1592.998551182001
QNCCF,1D,1709649000,2024-03-05,0.09345,0.09345,0.08995,0.08995,7706.0,693.1547,-4.511677282377923,102.59009009009009,136.71052631578948,143.10810810810813,40.494855325817234,29.96220924138628,22.06885572408302,3.745318352059928,-76.57030456403248,9.917569121610528,-63.950764510089456,-92.44487652963916,-86.93732746603014,70.80721354051019,0.014427439195483852,0.009501300329946021,0.004926138865537831,0.06480186610975598,0.05145256647475348,0.049872494178619484,0.06507103218602821,38.80773101140361,74.82121138531794,80.35993884292616,38.23355336188091,0.05629849999999995,0.10654893055536951,0.006048069444630391,178.5142785522513,59.77335097737965,-15.578692783541047,1387.251441529984
QNCCF,1D,1709821800,2024-03-07,0.0846,0.0846,0.07595,0.07595,58285.0,4426.74575,-15.564202334630348,-19.96838777660695,110.97222222222226,102.53333333333335,7.992261117017211,30.429501765026945,22.358482275267775,10.224586288416065,538.637485975353,-94.30732950159326,3413.290277777778,117946.55333333333,-18.83205888164029,59.421031506567644,0.013466549868295201,0.010294350237615857,0.0031721996306793444,0.06586359314692208,0.0524132501424102,0.05038888043250821,0.06517928062198812,15.314085325679313,44.90610636363691,50.72769894486707,16.524759517487524,0.058165999999999954,0.1084227851737456,0.007909214826254306,172.8046803072093,30.574562459168696,-29.95014850587773,860.2723110755214
QNCCF,1D,1709908200,2024-03-08,0.0595,0.0665,0.0595,0.063,46216.0,2911.608,-17.050691244239637,-28.2051282051282,75.00000000000001,68.90080428954424,9.371171221746149,31.07551063285182,22.66514242113455,11.764705882352953,-34.22689794190235,-60.609812967474774,573.9833333333335,290.2959785522788,-47.310725355037924,51.216774460598906,0.011527202961030075,0.0105409207822987,0.000986282178731375,0.06559086999007237,0.05282841680349216,0.05063860557245854,0.06515759623768973,-3.950046691657716,19.253999669048312,24.411008730984104,-3.311350268077704,0.05947599999999995,0.10879387075695804,0.01015812924304186,165.84124943492546,5.925079023471738,-42.09232600911871,520.1929360482777
QNCCF,1D,1710163800,2024-03-11,0.064778,0.06825,0.064778,0.06825,1670.0,113.9775,8.333333333333341,-17.820590006020463,66.46341463414635,42.18750000000001,10.301115319087423,31.02270252509822,22.20007006094909,5.359844391614441,-96.0854105360337,-96.9969449739618,-99.63021760117824,-97.1314118052116,-97.88827063244871,53.99024291675425,0.010295210905924584,0.010491778807023877,-0.00019656790109929233,0.06584412046720833,0.05343318477198266,0.050987346056172236,0.06518836642437938,3.653901845328539,27.72961277012716,33.85674148407269,4.696595026924356,0.06108849999999995,0.1093277355971777,0.012849264402822191,157.93229690425463,11.72315574944558,-37.57302332550837,431.15881081106625
QNCCF,1D,1710250200,2024-03-12,0.06845,0.06845,0.06845,0.06845,857.0,58.661649999999995,0.29304029304028106,-20.221445221445226,88.56749311294766,42.60416666666666,10.122571641602304,30.674652587673158,22.198903499292577,0.0,-48.53225417297274,-85.72050512839986,-93.61760104274107,-97.77796780303031,-98.8955330847118,54.0973076042293,0.009228605040461031,0.010239144053711308,-0.0010105390132502771,0.06609229947033135,0.054022079486806866,0.05133314118377279,0.06522082048980844,3.567284764735734,26.707451194500354,33.344654976302365,4.951148246741473,0.06263749999999994,0.10971932106715951,0.01555567893284037,150.3310989971171,9.279584913191075,-37.61354031884544,340.0322242155036
QNCCF,1D,1710855000,2024-03-19,0.0827,0.0899,0.0827,0.0884,15081.0,1333.1604000000002,29.145361577794027,-7.868681605002593,138.91891891891893,76.8,14.518146915606268,31.111648906310727,22.69729883527166,8.706166868198304,2172.6268354197337,-90.26326269996527,10194.674903474905,-73.33679199999999,-74.30835224490903,63.27706637344881,0.009879228877599705,0.010167161018488987,-0.0002879321408892823,0.06821684237791883,0.05537023323242228,0.05206713838805452,0.06545145909189991,29.586766139463343,59.65256933076633,69.78079214025163,35.06192409840432,0.06525749999999994,0.11194872267621639,0.018566277323783492,143.09841068449293,35.46335670229489,-21.035275895308924,376.1320670717289
QNCCF,1D,1710941400,2024-03-20,0.0782,0.0815,0.0782,0.0815,31000.0,2526.5,-7.805429864253396,-13.481953290870491,99.75490196078431,83.35208098987626,14.76438113312978,31.429022326775026,22.633618841669445,4.219948849104855,89.51207971673924,-14.600412405813707,-20.634651379263904,847.3190851143606,-52.007895610486166,58.89045751269515,0.009725965742849674,0.010078921963361125,-0.00035295622051145087,0.06948190500859323,0.05639492996840572,0.05264996733086532,0.06561114606610986,17.296726377781987,44.51653729450318,54.79591751279539,24.21669927527331,0.06743249999999995,0.11287826190361454,0.021986738096385364,134.78889824228563,20.861602343083916,-27.798321283869587,270.67799526569456
QNCCF,1D,1711114200,2024-03-22,0.0843,0.1178,0.0843,0.1065,168127.0,17905.5255,30.67484662576686,18.39911061700944,139.86486486486484,187.0619946091644,18.28978508841573,31.955751484079823,22.809385851615747,39.73902728351127,608.708707698397,2483.1932611868606,2739.3832384098523,14982.147489892182,205.6958330342363,67.64287623666254,0.01148935256613269,0.010361008083915439,0.0011283444822172521,0.07300743786491769,0.058359834675527064,0.053716304611442243,0.06601800033410878,45.875547909313106,82.48852244377638,98.2638246811084,61.319639281736684,0.07095749999999995,0.11703643526330684,0.02487856473669306,129.87756125372772,50.089842511362534,-9.002696672708913,328.07935717820806
QNCCF,1D,1711373400,2024-03-25,0.1139,0.1261,0.1139,0.1187,94800.0,11252.76,11.455399061032868,56.28703094140881,25.079030558482618,188.10679611650485,16.518136342816046,14.02955735329411,22.8128869902461,10.71115013169446,-37.154818494436256,154.1993743372318,-85.5292672099699,2017.9066587968875,81.06733153983558,70.89897948477669,0.013713210019518154,0.011031448471035982,0.0026817615484821724,0.07735911044921125,0.06072611566864365,0.055003110460720615,0.06654219933575943,53.440233879021115,95.46779617470506,115.80597716335926,78.3830429184676,0.07509249999999995,0.12269858443255993,0.027486415567439977,126.7931802312082,58.07171155574802,-3.258867615345403,331.849688471604
QNCCF,1D,1711459800,2024-03-26,0.109,0.109,0.1,0.1024,46912.0,4803.7888,-13.732097725358042,62.53968253968255,16.695156695156708,163.91752577319588,15.829538976363,14.432109925062287,22.985292023130256,8.25688073394495,-57.310128359620215,64.98748457896805,-35.01112124408577,4485.518136693394,-24.602890445438184,61.93182606916063,0.013998987682204575,0.0116249563132697,0.0023740313689348744,0.0797439570730959,0.062360385642422335,0.055941662728825156,0.06689899337221954,28.410984052543125,64.20681005272624,83.04783055230173,53.06657819237473,0.07816249999999995,0.12448009789755969,0.03184490210244022,118.5161628595804,31.00911562450032,-17.73785389832389,221.55853288728835
QNCCF,1D,1711546200,2024-03-27,0.1,0.1,0.0994,0.1,44830.0,4483.0,-2.343749999999999,46.52014652014652,20.40939193257075,150.0,16.26490280404785,14.341728820331586,23.02155791559285,0.6000000000000033,-6.677828967002052,3833.232436226448,18.117134361863165,53016.11374407583,-31.247276025728393,60.714201990295166,0.01387190194576568,0.012074345439768897,0.0017975565059967832,0.08167310401851534,0.06383644895056263,0.05681410505102664,0.0672283566222472,22.439328346489624,56.65031755986897,76.01262910009174,48.74675661327711,0.08134749999999995,0.12435476072420833,0.03834023927579157,105.73714182785803,22.929407787578068,-19.58490417445445,160.8225767206963
QNCCF,1D,1711632600,2024-03-28,0.1159,0.1159,0.1103,0.113435,25120.0,2849.4872,13.434999999999988,65.71950328707086,32.2086247086247,193.8730569948186,16.16217394860101,14.62683693950854,23.016599874280463,4.831751509922354,-36.43793888021414,4757.495825637363,593.6258673100779,73720.91191709845,-56.92595614641237,64.87714328689702,0.014685986887920208,0.012596673729399158,0.0020893131585210493,0.08469804649294245,0.06578149016818763,0.05793531089160037,0.06768812421804574,33.928708744719486,72.44212575600473,95.79596321186935,67.58478878006503,0.08516924999999995,0.12521650661952427,0.04512199338047562,94.04158571203655,33.187740880658296,-9.408908567720141,151.39625158733244
QNCCF,1D,1711978200,2024-04-01,0.1168,0.1185,0.1135,0.116689,113450.0,13238.36705,2.868603164808046,32.00113122171945,21.614382490880676,217.0896739130435,13.863284439230071,14.422119127861794,22.945865750453912,4.280821917808211,364.5877002009344,893.0063216699205,-3.3135830862619917,205464.70574534163,87.60828033623675,65.82180939842888,0.015416019399432504,0.013160542863405827,0.0022554765360266772,0.08774480396980508,0.06777786310276851,0.05909875027988551,0.06817569512134876,32.986792061391185,72.16388162469765,97.44749160916784,71.15923760263887,0.08896369999999995,0.12572188573379306,0.052205514266206836,82.63636906691859,31.16473348118397,-7.184815659637445,123.5185337031226
QNCCF,1D,1712064600,2024-04-02,0.113,0.113,0.11,0.11,13700.0,1507.0,-5.732331239448449,34.96932515337423,16.7728237791932,205.55555555555557,13.60771600245961,14.538229490051854,22.995420945404014,2.6548672566371705,-88.61642078431417,-40.35226598060558,-49.061081138160006,75.88702147525677,-78.7088574491779,62.12294130059533,0.015278705618999897,0.01358417541452464,0.0016945302044752558,0.08986434644887126,0.06943363317716975,0.06010669581889768,0.06859185735894728,22.40672118233789,58.424663907935546,83.0078970426715,60.3688895962683,0.09224369999999996,0.12385779702079157,0.060629602979208344,68.54472884498698,19.249336269035233,-11.188473680397616,81.42952385441515
QNCCF,1D,1712151000,2024-04-03,0.0998,0.0998,0.0951,0.0951,8500.0,808.35,-13.545454545454541,-10.70422535211267,5.725403001667595,153.80304243394716,10.1567509859984,15.01038399756055,23.250103681809577,4.709418837675346,-46.36031851360318,-95.4854717891413,16.618988517281924,3962.7605662684573,-88.62174791442645,54.74323254614379,0.013808403305339015,0.013629020992687516,0.00017938231265149894,0.09036298012040733,0.07044015736630034,0.060799632535355155,0.06885561997229109,5.242212987310359,35.0082162728065,56.415419031848735,38.11508782909833,0.09225369999999997,0.12387127793443421,0.06063612206556572,68.54484521365379,3.085296307898804,-23.226754752351077,56.83720653700208
QNCCF,1D,1712237400,2024-04-04,0.1012,0.1012,0.09765,0.0996,30180.0,3005.928,4.73186119873816,-16.090985678180292,31.13890717577352,176.66666666666666,9.198090745672891,14.257441892553162,23.1912544229746,3.5079051383399187,271.8597142326962,-73.28719354185107,-32.09621311546976,1804.1733181299885,-58.24681373082679,56.42675176124173,0.012858070685743295,0.013474830931298672,-0.0006167602455553773,0.09124269629941616,0.07158368060683758,0.061567956643565944,0.06916153420142251,9.159422112164515,39.13785817613622,61.772463193170665,44.010686214579984,0.09284619999999996,0.12454799760581442,0.06114440239418551,68.2888424207226,7.274180311095161,-20.030829949408798,62.89307949712073
QNCCF,1D,1712323800,2024-04-05,0.094391,0.098,0.0875,0.0875,38120.0,3335.5,-12.14859437751004,-14.550781250000009,38.88888888888888,130.26315789473685,8.923257746250014,13.816318799245614,23.401172593531943,11.123941901240594,10.96406833430475,-30.565223849974426,14.55869059296443,73.47097982109425,-53.97004473689601,50.93959263661541,0.011001735206735322,0.012980211786386002,-0.0019784765796506797,0.0908862490328051,0.07220784999480473,0.06208146245260424,0.06934400649792577,-3.725810085509024,21.17796057671779,40.943844657012384,26.182498559002802,0.09306869999999996,0.12455408090034839,0.061583319099651535,67.66051508261842,-5.983429445130286,-29.749391294528632,42.08392999800998
QNCCF,1D,1712583000,2024-04-08,0.102,0.1044,0.0936,0.1041,26493.0,2757.9213,18.97142857142858,4.0999999999999925,52.52747252747252,189.16666666666666,11.491880000111777,14.356460974850483,23.461681779772125,10.58823529411765,-17.316105531404588,-38.48045282177114,2319.70678423373,2088.826428571429,-62.395907567369456,57.10270161254063,0.01074618193735033,0.012533405816578868,-0.0017872238792285382,0.09214470150587127,0.07345852254402807,0.06291351270106753,0.06968983727904093,12.974482850071373,41.71262420586619,65.46524829193588,49.376155928129634,0.09398369999999996,0.12563415697047697,0.06233324302952294,67.35307711970698,10.763887780540712,-17.140368105098467,67.00558953862713
QNCCF,1D,1712669400,2024-04-09,0.1061,0.1061,0.1002,0.1002,24156.0,2420.4312,-3.746397694524496,-11.667474765284082,46.38422205989774,178.33333333333337,10.405557643472187,14.46860100838191,23.50057824090133,5.560791705937797,-12.237118586378806,-15.057305749609966,4026.087827396604,460.2850000000001,-67.29314919984544,55.34365347338739,0.010112387416466348,0.012049202136556364,-0.0019368147200900156,0.09291187279102639,0.07450720793445834,0.0636518589842147,0.0699934209877072,7.8441290548149505,34.48363289648809,57.41881164044089,43.15631181621759,0.09419619999999995,0.1259534985538761,0.06243890144612379,67.42798234722032,6.373717835751387,-20.44683065541062,60.476878483294364
QNCCF,1D,1712755800,2024-04-10,0.098,0.098,0.098,0.098,1700.0,166.6,-2.1956087824351234,-16.016076922417707,10.859728506787327,139.02439024390242,10.270712183803628,12.676791740717155,23.48376570249673,0.0,-93.116928917459,-98.74153663083393,-87.50337918828073,-99.45949202567432,-97.38810254585437,54.32698483171195,0.009325085299916602,0.011504378769228411,-0.0021792934693118087,0.09339645633473816,0.0754284938978129,0.06433202019244808,0.07027209341569021,4.929034618575343,29.924375969598366,52.334715600154915,39.45792025902385,0.09438619999999995,0.12618675640142196,0.06258564359857792,67.38391078658117,3.828737675634847,-22.33733333453393,56.585431362771466
QNCCF,1D,1713187800,2024-04-15,0.094238,0.094238,0.0857,0.0857,132000.0,11312.4,-12.551020408163271,-22.09090909090909,5.153374233128829,136.08815426997245,10.887849185377894,12.980672256135534,23.509734517218195,9.06003947452196,6690.15606242497,650.6569343065693,347.74985157332276,1130.7913255780554,68.2154413927306,48.91652346064392,0.007620787797777445,0.010727660574938219,-0.0031068727771607733,0.09266346049333453,0.075831298058683,0.0647551485054689,0.0704256049239918,-7.514785716248344,13.014022170212602,32.34468915280489,21.688695599410728,0.09417369999999994,0.12614632582960655,0.06220107417039334,67.90139036611417,-8.997947409945612,-32.06302328950892,37.77897109177537
QNCCF,1D,1713360600,2024-04-17,0.09692,0.09692,0.0952,0.0965,16700.0,1611.55,12.602100350058349,1.4721345951629847,-9.389671361502343,160.81081081081084,11.087371109434681,10.67434107986383,23.544239849312408,1.774659513000412,-85.75412821328808,99.36289973402609,-90.99970564952143,12344.401544401544,-76.22463347512934,53.31312244208353,0.007060203853961555,0.009994169230742886,-0.0029339653767813303,0.09302884520825505,0.07664183538971503,0.06538375942615268,0.07068505164116601,3.731267204246596,25.910345843505,47.59016741610183,36.521085801682744,0.09520119999999996,0.1260668356396564,0.06433556436034352,64.84295500404713,1.3642685176237745,-23.453301964498316,49.99479830394192
QNCCF,1D,1713533400,2024-04-19,0.11,0.11,0.11,0.11,2800.0,308.0,13.989637305699478,10.4417670682731,-7.329401853411962,169.6078431372549,11.991682467892552,10.88874217717535,23.580580090237095,0.0,-80.8879650026372,-89.75358025874206,-97.2628937256282,-90.32474673453919,-95.39086933604837,58.160607463381496,0.007617464822721617,0.009518828349138631,-0.0019013635264170138,0.09464514566461171,0.07794999870776542,0.0662672493385061,0.07107624515717431,16.223604737004006,41.116102403529275,65.99451629280468,54.76338086902553,0.09755119999999996,0.1252462339129604,0.06985616608703954,56.780508928563535,12.761298682127991,-12.173007871482767,57.46641443640345
QNCCF,1D,1713792600,2024-04-22,0.1163,0.1163,0.1163,0.1163,2000.0,232.6,5.7272727272727275,32.914285714285725,13.574218749999995,161.93693693693692,10.487794062539521,10.26579636940184,23.571642675455635,0.0,-24.480519480519483,-93.02653275371009,-95.15798862764325,-63.11526622024404,-96.5122840104889,60.23555915914226,0.008469820683457044,0.009309026816002314,-0.0008392061325452702,0.0967075127441725,0.07945392032706874,0.06725799687635746,0.07152623276755068,20.25952968892598,46.37414934499885,72.91624104386878,62.59768689056673,0.09995369999999995,0.12530164497469243,0.07460575502530746,50.71937301909283,16.35387184266321,-7.183979888301161,55.88609747404766
QNCCF,1D,1713879000,2024-04-23,0.1125,0.1125,0.11025,0.11025,8999.0,992.13975,-5.2020636285468616,5.907780979827092,10.249999999999995,16.17492096944152,9.103733460227975,10.36680490985845,12.275203924402565,2.0000000000000018,326.5433147033534,-64.02581357198264,-77.86884340843184,-98.72413619302132,-75.86104590316837,57.296874014379895,0.008558477603594974,0.009158916973520847,-0.0006004393699258724,0.09799727343520369,0.08066160972600722,0.06810932367088503,0.07191154388429147,12.503130072182959,36.68212223200001,61.8721109796147,53.313354219451384,0.10204369999999996,0.12320385242005662,0.0808835475799433,41.47272672405384,8.041946734585323,-10.514161826605212,36.307077642745114
QNCCF,1D,1713965400,2024-04-24,0.1032,0.1032,0.1032,0.1032,540.0,55.728,-6.394557823129253,2.994011976047907,-9.022788381011146,17.606837606837615,9.35432519270991,9.948547088701314,12.24979723555697,0.0,-94.3830493637615,-97.69760032840429,-98.04427968653448,-99.2460742163957,-98.5583558352524,53.99133273527692,0.007968012482864342,0.008920736075389546,-0.0009527235925252033,0.09849277120327952,0.08154546816812458,0.06880418854868929,0.0722228718058408,4.779263228369533,26.555162804669497,49.99086854569982,42.89102249691214,0.10278369999999996,0.12299753057315047,0.08256986942684946,39.33275523872074,0.405025310433499,-16.09587646263862,24.985058976540156
QNCCF,1D,1714138200,2024-04-26,0.11,0.1107,0.11,0.1107,9209.0,1019.4363000000001,7.267441860465122,12.95918367346939,-5.13244607460857,33.29319686935582,9.498640635334635,10.108287234607388,12.23225778635466,0.6363636363636419,1729.3071705426357,511.90654261704685,-92.29938030763395,-73.14010831575717,-72.98114194592515,56.84374464039141,0.008012884397017098,0.008739165739715057,-0.000726281342697959,0.09965536442201481,0.08268878314192361,0.06963380857742811,0.07260572880279761,11.082830956509286,33.87547354518339,58.97450141178054,52.46730778044964,0.10424369999999997,0.12218825155304869,0.08629914844695125,34.42807872907183,6.1934678066876385,-9.402091778079823,28.27473039093561
QNCCF,1D,1714397400,2024-04-29,0.103,0.103,0.103,0.103,5000.0,515.0,-6.955736224028917,20.186697782963822,-6.3636363636363695,20.04662004662004,8.39446771871028,10.163697033967413,12.325000271582352,0.0,-49.48188523402591,-95.44747356882712,-65.82614465826144,25.361967467230624,-86.36313461605715,53.1972473673673,0.007342480518965647,0.008459828695565174,-0.0011173481765995273,0.09997390114372769,0.08348530145008347,0.07029452523926122,0.07290815936197376,3.026888839640088,23.375011182758346,46.5263470368699,41.27362547808476,0.10406869999999997,0.12199007300655348,0.08614732699344646,34.44142764645569,-1.0269177956484306,-15.566900271904348,19.562618591561844
QNCCF,1D,1714570200,2024-05-01,0.10042,0.1025,0.10042,0.1025,3850.0,394.625,-0.48543689320388395,6.217616580310872,7.781282860147202,6.826472120896302,7.4534359929212455,9.448192444729228,12.172732588774828,2.0713005377414846,-23.373786407766993,-75.51270515962892,-51.18141893981567,-97.11785621818184,-88.16105954696494,52.95967142651553,0.0066936742838089175,0.008106597813213923,-0.001412923529405006,0.10021448198718219,0.08423097590302137,0.0709322574127412,0.07320260553747651,2.2806264798236735,21.689199135021916,44.504071544730564,40.02233834084568,0.10325869999999995,0.11987881992856933,0.08663858007143058,32.19122442674445,-0.7347564902521141,-14.496989492326195,18.30757142544605
QNCCF,1D,1714656600,2024-05-02,0.0944,0.0944,0.091925,0.091925,16946.0,1557.76105,-10.317073170731696,-16.431818181818176,-7.705823293172679,-2.4150743099787677,6.215105343555171,9.808494588872811,12.331073669234955,2.6218220338982956,294.74464364903395,405.7665746753247,-48.17703384778344,-47.34527954075337,-52.60251698459503,48.069971409783776,0.005265479378386312,0.007538374126248401,-0.0022728947478620892,0.09942500751221246,0.084532702338197,0.07134795528575623,0.07338889801969067,-7.543381388521618,8.74489689472842,28.84041263948,25.257365188037006,0.10273494999999996,0.1200749098670247,0.08539499013297523,33.75669111052225,-10.522173807453024,-23.44362356648772,7.646830167503251
QNCCF,1D,1715175000,2024-05-08,0.103,0.103,0.103,0.103,1000.0,103.0,12.047865107424517,-11.435941530524511,17.714285714285715,14.508060033351851,7.6212067487948,9.664397810982075,12.45807068027524,0.0,-93.38794611663965,-55.71797076526225,-96.91200719532304,-85.14040227960656,-96.84718175002237,52.967561898073946,0.004969993576378437,0.007024698016274408,-0.0020547044398959713,0.09976548298723985,0.08525691008964026,0.07197472844841452,0.07368353585034051,3.2421203365234503,20.811321793980586,43.10578479475863,39.7869942197189,0.10288494999999998,0.12017952337403885,0.0855903766259611,33.619248245810255,0.1118239353763785,-14.294883930077203,20.34063180971942
QNCCF,1D,1715607000,2024-05-13,0.1044,0.1044,0.10332,0.10332,961.0,99.29052,0.3106796116504863,-6.28571428571429,-0.749279538904902,36.03686635944699,7.474586764075732,8.381888910459548,12.066065744757225,1.0344827586207006,-3.6014368932038825,-89.99228485704761,-96.39980589728938,-97.75703133616834,-96.82033250562846,53.105181309143916,0.004707376568236901,0.006561233726666907,-0.0018538571584300056,0.10010400841702653,0.08596526655671319,0.07259542689498057,0.07397842604088439,3.2126501564011893,20.188076113086332,42.323014574274524,39.662338778199874,0.10237919999999996,0.11898812165795312,0.0857702783420468,32.44589068473512,0.9189366590088941,-13.167803171978115,20.46130897228285
QNCCF,1D,1716211800,2024-05-20,0.1094,0.1094,0.1094,0.1094,200.0,21.88,5.884630274874179,6.0077519379844935,9.181636726546905,73.65079365079364,7.359798786881711,8.417310900960699,11.568774712097229,0.0,-77.96365655049445,-60.737869652598334,-99.09602883981994,-99.24852521355896,-99.27701582707584,55.754243255325925,0.004932991430026443,0.006235585267338814,-0.0013025938373123717,0.1009893409487383,0.08688427571135189,0.07332423032280273,0.0743308795131144,8.328264123964244,25.914613552687193,49.20033871256094,47.17974644804015,0.10201474999999996,0.11764258525476329,0.08638691474523663,30.638383674445773,7.239394303274811,-7.0064638896819496,26.639549893211466
QNCCF,1D,1716298200,2024-05-21,0.101749,0.11505,0.101749,0.11505,13819.0,1589.87595,5.164533820840953,3.9295392953929467,17.397959183673464,68.57142857142856,7.141921341960831,8.43235095045241,11.529304112763441,13.072364347561146,7166.343464351005,55.956380011188536,854.3072929171669,1294.9033361847735,-48.30583299349364,58.121719584465055,0.005504251034790034,0.006089318420829058,-0.0005850673860390244,0.10232845133457275,0.08798881391874985,0.07415048318769772,0.07473604489109337,12.432073875361334,30.755257260586372,55.1574515148782,53.9417829343964,0.10226724999999996,0.11855236328637361,0.08598213671362631,31.848149405354416,12.499358298966719,-2.954275384551676,33.80686314319874
QNCCF,1D,1716384600,2024-05-22,0.1056,0.1056,0.1056,0.1056,186.0,19.6416,-8.213820078226858,2.5242718446601993,23.220536756126023,54.27319211102996,7.347871022349547,7.977613154768776,11.680774838253924,0.0,-98.7645828594363,-96.18609708737864,-99.82637106184363,-66.51713683471229,-99.3610912011298,53.01243798483524,0.005135246439835123,0.005898504024630271,-0.0007632575847951479,0.10264002739794677,0.08867944866703417,0.07477324589685222,0.07504314892202776,2.883838476169818,19.08057795498665,41.226983974552205,40.71904166724371,0.10279224999999996,0.11879381132225925,0.08679068867774067,31.133789409725527,2.7314802429171854,-11.106480359037885,21.67203833593197
QNCCF,1D,1716557400,2024-05-24,0.10415,0.10415,0.10415,0.10415,1000.0,104.15,-1.3731060606060541,1.6097560975609877,7.927461139896377,17.816742081447963,7.373595812053694,7.420412408142827,10.555553648855966,0.0,430.25211795373093,-73.60785555907508,-93.53727777605411,-92.18773674945639,-96.5664170038304,52.25341153172818,0.0046719494330774575,0.005653193106319708,-0.0009812436732422507,0.10278383431242803,0.08928613695460146,0.07535496379988485,0.0753327693307638,1.3291639650446325,16.64744780363412,38.212527414364125,38.25324745823204,0.10301974999999997,0.11896257110387093,0.087076928896129,30.950999403261935,1.0971197270426702,-12.45145508072239,19.606882466234964
QNCCF,1D,1716903000,2024-05-28,0.1,0.1011,0.1,0.1011,1100.0,111.21,-2.928468554968805,9.98096274136523,-8.090909090909095,24.049079754601216,6.182095317196834,6.497090790411588,10.454535141633341,1.0999999999999899,6.778684589534313,-92.86090764690772,-63.89285714285715,-95.5982584603206,-96.23369948200737,50.61188404450763,0.004012421015440221,0.005325038688143811,-0.0013126176727035902,0.10262346913981583,0.08974942570147983,0.07586476649691683,0.07558915968568157,-1.4845231335341438,12.646960367494604,33.26344318756816,33.749337101244166,0.10369974999999995,0.11801367695070222,0.08938582304929768,27.606483044949055,-2.506997364988785,-14.331963368760697,13.105184414134403
QNCCF,1D,1717075800,2024-05-30,0.101325,0.101325,0.095,0.096,13450.0,1291.2,-5.04451038575667,-6.7961165048543615,-17.454858125537402,-9.85915492957746,4.770168329342686,6.363478776427694,8.962201349252014,6.242289661978779,1061.0466684650662,1153.592233009709,455.116079105761,-92.78881817794176,-46.17654322920665,47.902050386634514,0.0030431332692521934,0.0048686576043654875,-0.0018255243351132941,0.10199266255507147,0.08999454626220611,0.07626348399202738,0.0757922526241325,-5.875582032026766,6.673130747608341,25.879378930597873,26.662022404956588,0.10329474999999995,0.11799364773928797,0.08859585226071193,28.460106131798625,-7.062072370570577,-18.639687949883434,8.357217127388553
QNCCF,1D,1717162200,2024-05-31,0.096,0.096,0.096,0.096,125.0,12.0,0.0,-7.084785133565615,-12.925170068027208,-19.123841617523166,4.760265274582769,6.267764176973527,8.70863979470857,0.0,-99.07063197026022,-87.91425404963132,-98.7904929723862,-99.8933594958037,-99.40719137838269,47.902050386634514,0.002249040211478079,0.004344734125788006,-0.0020956939143099273,0.1014219327879218,0.09023005425192351,0.07665430609119515,0.07599332473732522,-5.34591743509693,6.3947049527053625,25.23758272077944,26.326885067640976,0.10308474999999995,0.1180716901396697,0.0880978098603302,29.076929690705484,-6.872743058502784,-18.693465058017374,8.969791816843003
QNCCF,1D,1717507800,2024-06-04,0.09685,0.09685,0.09685,0.09685,18000.0,1743.3000000000002,0.8854166666666703,-11.471663619744051,-6.153100775193794,-5.419921874999999,3.9983222670154634,6.080267786493832,8.346575306343022,0.0,14427.5,7867.550274223035,3028.229974160207,-63.709894989554904,-9.309203190940158,48.43570142539955,0.001669063710811991,0.003809600042792803,-0.002140536331980812,0.10098651061764354,0.09048965996753436,0.07705422082206258,0.07620085384441651,-4.096102135170549,7.0288031082751266,25.690713586801202,27.09831335714951,0.10302724999999995,0.1181003596576002,0.08795414034239969,29.26043286140368,-5.995743844468278,-17.993475819387697,10.114202268329059
QNCCF,1D,1717594200,2024-06-05,0.0957,0.099,0.0957,0.099,642.0,63.558,2.219927723283427,-13.950456323337676,-10.569105691056912,-1.0000000000000009,3.3645113152933743,5.764164222628913,8.341198367222287,3.4482758620689773,-96.3541559112029,-96.00232961571623,-93.76537798389168,-98.58224403301361,-96.41912846742403,49.83541184771416,0.0013671554699959815,0.0033211111282334385,-0.001953955658237457,0.10079731913024892,0.09082339879233693,0.07748879070677421,0.07642771102009395,-1.7831021159664406,9.002747437759353,27.760414244463423,29.53416853472358,0.10369224999999996,0.11667788686347463,0.09070661313652528,25.046494532570524,-4.525169431659507,-15.151017333866879,9.143089546284893
QNCCF,1D,1717767000,2024-06-07,0.0957,0.0957,0.0957,0.0957,133000.0,12728.099999999999,-3.3333333333333446,-9.375000000000005,-7.087378640776701,-15.634504341693484,2.379582418401122,5.551745786015506,7.997650353796257,0.0,19925.96053997923,64701.747311827945,2371.4757281553398,346.6803711208108,504.8850095352565,47.695354901196175,0.000851789691920804,0.0028272468409709117,-0.0019754571490501077,0.10031186016546331,0.09101463805538254,0.07784940871258066,0.07661947508954575,-4.59752232473419,5.147921306643447,22.92964273283509,24.902970019247313,0.10365224999999996,0.11673085408262425,0.09057364591737567,25.23554304440916,-7.672047640065671,-18.016534058543108,5.65987383051882
QNCCF,1D,1718026200,2024-06-10,0.0999,0.103,0.096,0.0992,15075.0,1495.44,3.6572622779519364,-4.752760441670676,-3.2195121951219487,-14.987702354120785,2.9585809922176547,5.647297676542095,8.009145629031254,7.007007007006999,-88.25087797864568,1335.8521363418145,278.9521697814381,-88.70374273237877,-12.689680276645255,50.1408722210465,0.0007175083593328885,0.002405299144643307,-0.0016877907853104185,0.10020596872113348,0.09133563264144597,0.07827219269847015,0.07684415692945076,-1.0039009990842223,8.610404429372032,26.737218646921708,29.092443672813967,0.10311224999999995,0.11598816568588585,0.09023633431411404,24.974560609211636,-3.7941660665924295,-14.474033265903042,9.933543681731685
QNCCF,1D,1718199000,2024-06-12,0.097,0.097,0.097,0.097,15010.0,1455.97,-2.2177419354838643,-4.055390702274968,5.520805004079408,-11.818181818181817,2.8900164681260883,4.93877981677754,7.953219518472269,0.0,-2.6393569785481215,1209.2078050535024,-6.534445703338136,-3.3861977438619753,-14.909606482918337,48.602613361508546,0.00042862687813913225,0.002009964691342472,-0.0015813378132033397,0.09990063836673982,0.0915577646947226,0.07864304036780737,0.07704471258189403,-2.9035233549674024,5.944045623463212,23.342128618551076,25.900917466457756,0.10214724999999995,0.11375556058983335,0.09053893941016655,22.728581708921986,-5.039049019919727,-14.729443117289549,7.136222968730671
QNCCF,1D,1718285400,2024-06-13,0.0895,0.097,0.0895,0.0895,3706.0,331.687,-7.731958762886605,-6.77083333333334,-13.106796116504855,-5.888538380651953,3.562233958485614,4.2098137699147875,7.689875938865775,8.379888268156432,-77.21883005831164,-74.31172552664188,222.02621359223303,-58.96740273396425,-80.43372476219542,43.682569411542005,-0.0004008800017493014,0.0015277957527241172,-0.0019286757544734186,0.09891010137943126,0.0914770680400276,0.07885802966745474,0.0771686457900344,-9.513792067943564,-2.161271761751808,13.495100470329493,15.979746804832596,0.10110974999999996,0.11332887127569058,0.08889062872430933,24.170015801029333,-11.482324899428557,-21.026302483612536,0.6855292671858609
QNCCF,1D,1718371800,2024-06-14,0.08605,0.08605,0.08605,0.08605,977.0,84.07085000000001,-3.85474860335195,-10.364583333333334,-16.71506000774293,-13.604417670682725,3.671932517378597,4.260023485853897,7.671455375999661,0.0,-74.65355892754313,600.5904166666667,-15.328422089037295,-97.20316487953139,-94.73834439031441,41.59659188752903,-0.001321423796513746,0.0009579518428765446,-0.0022793756393902904,0.09768532981948543,0.09126424184237945,0.07900044492156455,0.07725701747371565,-11.911030899917696,-5.713345925104883,8.923437184986224,11.381467747283798,0.10025224999999996,0.11406713634589627,0.08643736365410365,27.560251956233035,-14.166514965998234,-24.561970470563345,-0.4481437629839809
QNCCF,1D,1718631000,2024-06-17,0.0765,0.0775,0.0751,0.0775,59040.0,4575.6,-9.936083672283559,-19.979349509550858,-29.15904936014625,-11.428571428571423,4.527938429405005,4.327024534982207,7.566132992679953,3.1372549019607834,5342.552323427204,162.4677336086732,20812.248628884827,37.17883375805727,179.14657169465335,36.894464762923135,-0.002709639888747853,0.00022443349655166503,-0.0029340733852995177,0.0957629174557249,0.09072446765248222,0.07897073314093951,0.07725943521029559,-19.070970205318353,-14.5765172226066,-1.8623774687702166,0.3113727003693576,0.09859224999999995,0.11476415665166086,0.08242034334833905,32.805634624751775,-21.393415811080445,-32.47020475632239,-5.969816611347812
QNCCF,1D,1718717400,2024-06-18,0.0758,0.0769,0.0758,0.0769,10100.0,776.6899999999999,-0.774193548387101,-22.323232323232332,-33.159495871360285,-26.128722382324693,4.136479251871167,3.8339070056939306,6.683656770460694,1.4511873350923348,-83.02539557653641,1122.0176846345068,-51.14776093065626,-71.83784758470084,-50.62672009829695,36.581948037827786,-0.0038142577400566424,-0.0005833047507699965,-0.003230952989286646,0.09396644912660825,0.09018233166611037,0.07892972852428724,0.0772558587405414,-18.16227950000889,-14.728308107276117,-2.5715640510060602,-0.460623629512079,0.09728724999999995,0.11585990610380045,0.07871459389619945,38.18106916127347,-20.955726469809726,-33.62673716384316,-2.305282675525643
QNCCF,1D,1718890200,2024-06-20,0.068,0.07485,0.068,0.07485,19500.0,1459.575,-2.665799739921972,-21.78683385579937,-29.119318181818183,-25.299401197604787,4.145887926912679,3.5239401527512064,6.670489676263934,10.073529411764698,87.92246584866551,-88.53265609163975,7331.0392228739,-39.69772823949716,-5.288165861938335,35.47624873545378,-0.004799764515411878,-0.0014265967036983728,-0.0033731678117135053,0.09214583492407413,0.08958106375763544,0.07884894182083602,0.0772319198476007,-18.770066968654056,-16.44439476348576,-5.071649318925021,-3.0841132167902354,0.09590474999999996,0.11670258197234831,0.0751069180276516,43.37184961610007,-21.95381354938099,-35.86260155089364,-0.3420697245984855
QNCCF,1D,1718976600,2024-06-21,0.086,0.1053,0.0773,0.098,492501.0,48265.098000000005,30.92852371409486,-1.2096774193548314,-5.904944791166589,0.0,12.764678221120116,9.284173793665627,8.755090828570967,32.558139534883736,3206.791223472587,3127.4847536510993,46241.90878540567,28870.64705882353,1434.9772955305941,52.81903418993156,-0.003670463390514578,-0.0018753700410616139,-0.001795093349452964,0.09270337445511469,0.08991121812008111,0.07922817069567095,0.07743856741130616,5.7135196814759395,8.996410068781296,23.69337716559793,26.551927903681555,0.09620849999999995,0.11694231515785361,0.07547468484214628,43.10183644450059,1.8621015814611577,-16.197999100910977,29.844861498878654
QNCCF,1D,1719235800,2024-06-24,0.0896,0.0896,0.077,0.077,34000.0,2618.0,-21.428571428571434,-20.618556701030933,-23.837784371909,-10.15169194865811,14.941190062530204,10.792856277252556,9.318284860919313,14.0625,-94.57579056402206,79.81139721285466,2254.104846686449,-76.85725398677558,-8.286424344167912,41.834396556409835,-0.0044190683394923075,-0.0023841097007477525,-0.002034958638744555,0.091207814983199,0.08940489584086224,0.07918404850367747,0.07743420355646728,-15.577409661459566,-13.87496257804779,-2.75819252103034,-0.5607387130296357,0.09490849999999995,0.1169924192853089,0.072824580714691,46.53728440615743,-18.869226676219686,-34.18376979433134,5.7335301409661055
QNCCF,1D,1719322200,2024-06-25,0.103,0.103,0.075,0.087,284632.0,24762.983999999997,12.98701298701298,-2.7932960893854775,-9.375000000000009,-9.844559585492236,15.591956504286426,11.340498165967311,9.335792604647883,27.184466019417474,845.87410236822,7365.768631269841,1817.8271375464678,1436.5942105426452,582.8806267870186,47.43992597175386,-0.004157501637529065,-0.002738788088104015,-0.00141871354942505,0.09080707069908482,0.08931058620004412,0.07933881982043633,0.07752938561063179,-4.192482666576311,-2.587135857409681,9.656282002811276,12.215515852184799,0.09409249999999994,0.11607872921285153,0.07210627078714835,46.7332236104931,-7.537795254669555,-25.050867984202675,20.65524821941865
QNCCF,1D,1719408600,2024-06-26,0.07,0.07,0.07,0.07,129466.0,9062.62,-19.540229885057457,-18.651946542707723,-27.083333333333325,-36.36363636363636,17.14281701965241,12.396759530606252,9.606062401526028,0.0,-63.402552777968914,10679.741135006961,75421.83333333334,2842.409090909091,131.30290929541692,40.325167205885556,-0.005261316880862385,-0.003243293846655689,-0.002018023034206696,0.0888254449182196,0.08855330830984631,0.07915389269527918,0.07745446635082451,-21.1937524608539,-20.951569923202236,-11.564677849160443,-9.624320845566253,0.09212249999999994,0.11529784196080059,0.06894715803919929,50.31418374620894,-24.014220195934705,-39.28767545900913,1.527027350717098
QNCCF,1D,1719495000,2024-06-27,0.07805,0.07805,0.07805,0.07805,500.0,39.025,11.49999999999998,0.7096774193548322,-19.41146102219929,-32.88907996560619,17.274627540157734,12.83544369259411,9.795718161683705,0.0,-99.56938501228122,-99.14710639041874,-97.76142947283887,-83.22226999140155,-99.00233199108777,44.564847111588264,-0.005424006124147895,-0.00367943630215413,-0.0017445698219937652,0.08779921206886536,0.08814141386632293,0.07913203343398653,0.0774603920587765,-11.103985832149114,-11.449117303277868,-1.3673772643403515,0.7611734533645309,0.09027249999999995,0.11167061849205545,0.06887438150794445,47.40783404038996,-13.53956077432215,-30.106951090673256,13.322251744644948
QNCCF,1D,1719581400,2024-06-28,0.078,0.078,0.063,0.0741,21900.0,1622.79,-5.060858424087118,-3.641092327698306,-25.15151515151516,-32.7891156462585,17.422308239973567,12.852958865239149,9.793660280714825,19.23076923076923,4058.334401024984,108.93664138845615,2453.242707448315,63.564659111783385,-58.735390519600486,42.95229366865035,-0.005804756885990983,-0.0041045004189215,-0.0017002564670694827,0.0864945252051639,0.08759077018529066,0.07903238920757095,0.07742695532187326,-14.329837843221,-15.402045394454353,-6.2409719066147815,-4.29689545203308,0.08869749999999994,0.10998788456674853,0.06740711543325136,48.00672976521007,-16.457622819132393,-32.62894336782083,9.929047584562714
QNCCF,1D,1719840600,2024-07-01,0.0715,0.0715,0.0715,0.0715,300.0,21.45,-3.5087719298245683,-4.475617902471617,-25.287356321839084,-30.717054263565895,17.44984557311518,12.855071346364367,9.75278444259951,0.0,-98.67820235520307,-98.53039412157648,-99.83147523982369,-61.50947459086995,-99.45440684576641,41.878131318657594,-0.006244322219218584,-0.004532464778980917,-0.0017118574402376673,0.08506647518562448,0.08695975958978906,0.07888323298563886,0.07736798064205362,-15.948086665188525,-17.778061557111727,-9.359698767649425,-7.584507949357111,0.08706499999999993,0.1083726300887746,0.06575736991122527,48.946488459828124,-17.877447883764948,-34.02393211142887,8.73305927005212
QNCCF,1D,1720013400,2024-07-03,0.081,0.081,0.081,0.081,23466.0,1900.746,13.2867132867133,-17.346938775510203,-18.34677419354838,-26.82926829268293,13.818231584584414,13.347960232181917,9.975057623790311,0.0,8761.286713286714,-96.06186234201783,27.102792489167072,86.45068848342952,-52.01200257943116,47.08522575385491,-0.005759715888052519,-0.004777915000795238,-0.0009818008872572812,0.08467919183461262,0.0867260435274444,0.07892514916414106,0.0774041201381526,-4.3448594098517885,-6.602449846143841,2.628884275586052,4.645592321738691,0.08605999999999994,0.1065034732861138,0.06561652671388608,47.50981474811497,-5.87961887055536,-23.946142317444032,23.444510181393667
QNCCF,1D,1720445400,2024-07-08,0.0764,0.08,0.0764,0.08,24600.0,1968.0,-1.234567901234569,3.8961038961038996,-17.52577319587629,-22.330097087378633,11.266684950709038,13.341705022544454,9.905211668617522,4.712041884816761,3.5382949641877404,-24.82811306340718,35.16762021195491,282.13592233009706,-50.914262585377934,46.611842129820005,-0.0053941728549389,-0.004901166571623971,-0.0004930062833149295,0.08423355451703046,0.08646227711460344,0.07894643333910857,0.07742994978851923,-5.025971587337579,-7.474100070297553,1.3345335771736677,3.3191939533736297,0.08525999999999993,0.1053338536409941,0.06518614635900577,47.08856120336425,-6.16936429744304,-24.051008071287917,22.725463105931293
QNCCF,1D,1720618200,2024-07-10,0.081,0.086,0.081,0.085,35010.0,2975.8500000000004,6.250000000000005,-2.2988505747126298,-5.027932960893844,-17.073170731707307,10.47929006483151,13.286350713058123,9.97588801311697,6.172839506172827,51.21189024390246,-87.98266800156233,797.1862026549127,654.095660437124,-27.335918180841112,49.35361642586634,-0.004647446286488763,-0.004850422514596929,0.00020297622810816658,0.08430654932493233,0.08640493291403076,0.07906630594625494,0.07750527367122054,0.8225347622697724,-1.6259869276544665,7.504706312924846,9.669956602659454,0.08470999999999992,0.10417005138739498,0.06524994861260487,45.94511011071909,0.3423444693661694,-18.402651368677954,30.268301826033706
QNCCF,1D,1720704600,2024-07-11,0.0862,0.117,0.0862,0.095,85850.0,8155.75,11.764705882352935,35.7142857142857,10.400929692039512,3.3451183029643663,7.271866079481331,13.527744557410081,10.01201326396601,35.7308584686775,174.06455298486142,-10.006708876682469,9601.043821966829,423.555907371031,88.99678419946908,54.39776188158029,-0.003211720954666125,-0.0045226822026107685,0.0013109612479446434,0.0853249731987483,0.0867419943683825,0.07938182464038851,0.07767935055011387,11.339032921481936,9.520193410064772,19.67474976843144,22.297623920931127,0.08461749999999993,0.10386224668578531,0.06537275331421455,45.4864459143449,12.269920524714252,-8.532693031950563,45.32048167434819
QNCCF,1D,1720791000,2024-07-12,0.0868,0.09095,0.085,0.09095,61000.0,5547.95,-4.26315789473684,16.52786675208201,17.354838709677427,-11.699029126213585,7.2624236188455376,13.25804025710621,9.816626557200529,6.854838709677416,-31.97498697238145,14116.399743754006,21.250764927004095,5286.35922330097,23.375966992095425,52.13315472963631,-0.00237334103993711,-0.004092813970076037,0.0017194729301389265,0.08586069003696274,0.08690701419707338,0.07961089741978676,0.07781139681329681,5.9274039852769995,4.652082274692594,14.243153824057991,16.885191276322136,0.08421499999999993,0.1025551499448627,0.06587485005513716,43.555542230868106,7.997387638781785,-11.316008948455575,38.064830392592896
QNCCF,1D,1721050200,2024-07-15,0.095,0.095,0.095,0.095,70000.0,6650.0,4.4529961517317185,28.20512820512821,23.537061118335508,-8.052651955090974,6.586128099502334,13.247771732083148,9.848295618295703,0.0,19.864093944610175,309.78808102095775,756.1974532953947,6597.517547495975,41.03503743402864,54.18707937314285,-0.001366367134779764,-0.003547524603016782,0.002181157468237018,0.08673110050963295,0.08722438618934501,0.07991563212434544,0.07798242769077644,9.533949692531166,8.914495303842937,18.87536577597723,21.822316659213666,0.08417999999999994,0.10243481854196412,0.06592518145803575,43.370915994212886,12.853409360893412,-7.258097049216058,44.10275087444643
QNCCF,1D,1721136600,2024-07-16,0.0913,0.0913,0.085,0.085,18500.0,1572.5,-10.52631578947368,18.8811188811189,13.560454241816974,-22.3034734917733,8.006481350591821,13.61174402142343,9.972109545145539,6.900328587075574,-76.35338345864662,7231.002331002331,7.736841203775067,7086.928702010968,-67.01160405689622,48.637608539722024,-0.0013595771277786495,-0.0031099351079691556,0.0017503579801905061,0.08656623379442982,0.08713715535839031,0.0800163126763386,0.07805225428091797,-1.8092895183001416,-2.4526338386883335,6.228339143569554,8.90140301915739,0.08346999999999993,0.10038852239411124,0.06655147760588863,40.53797147265201,1.8329938900204554,-15.328965928692579,27.720680378220496
QNCCF,1D,1721223000,2024-07-17,0.085,0.085,0.085,0.085,1170.0,99.45,0.0,4.938271604938276,-13.265306122448978,-26.11907866145154,6.78096536873537,10.961480818855252,9.919843617677328,0.0,-93.67567567567568,-94.76784378344082,-99.79395048571124,-93.74479499485479,-97.89173406727548,48.637608539722024,-0.001338763565281717,-0.002755700799431668,0.0014169372341499508,0.08641706867115079,0.08705334534433579,0.08011499955403487,0.0781213860791178,-1.63980182727935,-2.3587207777183754,6.0974854561041,8.805033123600573,0.08286999999999994,0.09863871586401485,0.06710128413598504,38.05651228192329,2.5702908169422756,-13.82693980203212,26.674177840981518
QNCCF,1D,1721309400,2024-07-18,0.08145,0.08145,0.0809,0.0809,20000.0,1618.0,-4.823529411764714,1.1249999999999976,5.0649350649350655,-23.390151515151516,7.054685048873774,9.408078298779303,9.850659398910844,0.6752608962553652,1526.948215183509,-17.784552845528456,-38.19709702062643,8137.618116650376,-66.08268983549506,46.3790522312784,-0.0016342656053165289,-0.00253141376060864,0.0008971481552921112,0.08589163355961262,0.0868120376837736,0.0801305441173213,0.07814903397882807,-5.81154805508292,-6.81015886910652,0.9602529112395831,3.520153584901916,0.08243999999999993,0.09792862808643953,0.06695137191356033,37.57551694914995,-1.8680252304705622,-17.388815118913662,20.83396902523294
QNCCF,1D,1721395800,2024-07-19,0.074,0.0927,0.074,0.0863,130000.0,11219.0,6.674907292954267,1.5294117647058771,-0.8045977011494164,-17.138742198751807,7.106331147307586,8.953802899383156,9.930057438563935,25.270270270270284,593.3868974042027,277.00152897491466,-54.694474623898316,10671.963514162266,118.22940237365283,49.692542253039974,-0.0014163909574199801,-0.002308409199970908,0.0008920182425509278,0.08593052560155427,0.08679195777460601,0.08025271156054266,0.07823013811834222,0.42996874028086535,-0.5668241473289416,7.535307308458068,10.3155408845759,0.08245249999999994,0.09795316046980046,0.06695183953019943,37.59900662757473,4.666323034474469,-11.896666135028076,28.898624153669978
QNCCF,1D,1721655000,2024-07-22,0.101,0.1193,0.101,0.1075,90250.0,9701.875,24.56546929316338,13.157894736842103,53.571428571428555,6.33036597428289,10.577269183143915,9.156387450098538,10.85616335796024,18.118811881188115,-13.522818433015422,18.957483983692487,7.053754874418205,8623.923208344575,77.67019165578297,60.113428840980355,0.00046161785170034664,-0.001754403789636657,0.0022160216413370038,0.08798476125854911,0.08760403786187636,0.08079226182667053,0.07852138052512488,22.180248559297734,22.71123868684367,33.057297282538656,36.90538714561022,0.08395249999999994,0.10270991120197648,0.06519508879802341,44.685771601742765,28.048598910098054,4.663706493333375,64.889720962017
QNCCF,1D,1721741400,2024-07-23,0.11,0.11,0.10352,0.1064,91200.0,9703.68,-1.023255813953492,16.987355689939516,36.32286995515695,10.833333333333325,10.348484749795675,8.94087088380012,10.808210211400311,5.890909090909091,0.0186046511627937,74.90568588397517,24765.29147982063,651.5241635687731,69.02346708785927,59.42558904147145,0.0018399823847524421,-0.0010355265547588371,0.0028755089395112792,0.08973859351963967,0.08834113441631258,0.08129934575089487,0.07879877972387986,18.56660086467023,20.442193439110696,30.874361924159565,35.0274717106509,0.08542749999999995,0.10625941001804765,0.06459558998195225,48.77096957782379,24.55005706593317,0.13230826514891317,64.71712702016922
QNCCF,1D,1721827800,2024-07-24,0.11,0.1128,0.1083,0.1128,175000.0,19740.0,6.015037593984966,18.736842105263154,52.22672064777327,17.499999999999996,10.399301495625332,8.714173213397755,10.845228826390654,4.090909090909094,103.42797783933517,196.8421052631579,1116.423566820106,164400.0,208.50376588585658,62.13995790721023,0.003409470467516884,-0.0001465271503036928,0.003555997617820577,0.09193491794634065,0.08930030561567287,0.08192312108256032,0.07913710032364225,22.695492115234824,26.31535717857919,37.690066625174886,42.53744392792837,0.08732499999999994,0.11071389693850554,0.06393610306149435,53.56747080104349,29.172630976238267,1.884228736572384,76.42614203669544
QNCCF,1D,1721914200,2024-07-25,0.105,0.105,0.105,0.105,18000.0,1890.0,-6.914893617021278,23.52941176470587,46.85314685314686,8.415074858027868,9.787896574220728,8.948133594106398,10.940554055455184,0.0,-90.42553191489363,20.190779014308426,8711.188811188811,8.415074858027866,-70.4849615729699,57.124205115271195,0.003978049786292251,0.0006783882370154959,0.003299661549276755,0.09317921147526059,0.08991597990525432,0.08238008898191557,0.07939444260897914,12.686079156054959,16.775683377570825,27.4579832306931,32.25107016259219,0.08767499999999993,0.11188740384596389,0.06346259615403597,55.23217301617104,19.760479041916255,-6.1556561411022015,65.45178792425183
QNCCF,1D,1722000600,2024-07-26,0.1007,0.1007,0.095,0.095,160000.0,15200.0,-9.523809523809518,11.764705882352935,17.28395061728395,-4.040404040404043,10.790309404189218,9.032000790089011,11.093520595073059,5.660377358490563,704.2328042328043,15184.062342885873,699.6860180160843,23815.164102079987,120.03272414010966,51.39640335864436,0.0035804632151186233,0.0012588032326361215,0.002321659982482502,0.09335261990618815,0.09011535324230317,0.08262998820999645,0.07954972178699925,1.764685442644604,5.420437896484671,14.97036615637208,19.42216498804372,0.08857499999999993,0.1124693612595115,0.06468063874048836,53.95283377818026,7.2537397685578044,-15.532551322313232,46.87548213795316
QNCCF,1D,1722259800,2024-07-29,0.11,0.114,0.11,0.113,83100.0,9390.300000000001,18.947368421052634,39.678615574783684,41.25,18.07732497387671,11.761672166632259,10.031113396145905,11.551261640736676,3.63636363636364,-38.22171052631578,480.3646477132263,377.1493902439025,-26.223866877224395,38.15759409725479,59.30601587237084,0.004664058201063859,0.0019398542263216688,0.00272420397474219,0.09522379896274166,0.091012790370056,0.08323137458207573,0.07988256037618334,18.667813331217396,24.158373279782435,35.7661105170971,41.45765917849886,0.08987499999999994,0.11600927825672715,0.06374072174327274,58.1569474419521,25.730180806676024,-2.5939979128804223,77.28070362166262
QNCCF,1D,1722346200,2024-07-30,0.11,0.11005,0.102,0.11005,130600.0,14372.529999999999,-2.610619469026556,27.52027809965237,29.470588235294105,10.937499999999998,12.077617352165054,10.083657100666457,11.561607635409567,7.318181818181819,53.05719732063935,28.108833229343066,382.9722600265469,861.0903814262022,98.89912879865518,57.65016378476018,0.005224549335909115,0.002596793248239158,0.002627756087669957,0.09663581810914722,0.09175934761044596,0.08376243647153958,0.08018273390477854,13.881169687725794,19.933285126660827,31.383475261482257,37.2489994300899,0.09187749999999993,0.11774955973632653,0.06600544026367333,56.31859755941687,19.779053631193793,-6.538928683527952,66.72868109110541
QNCCF,1D,1722432600,2024-07-31,0.1093,0.1093,0.09989,0.09989,20244.0,2022.17316,-9.23216719672875,-7.079069767441854,5.147368421052637,2.9793814432989727,9.442334340988644,10.131443419287898,11.694303285981718,8.609332113449211,-85.93029090911621,-79.156882973652,-75.2055524016798,38.88838094191501,-72.08837259065142,52.240316954518335,0.004793657212657856,0.0030361660411228975,0.001757491171534959,0.09694574019399034,0.0920781967237618,0.08408179416517246,0.08037882610473099,3.0370182332077142,8.48387952217822,18.800985387839724,24.27402195429751,0.09296949999999994,0.11825178033623626,0.06768721966376362,54.388332380482495,7.443839108524913,-15.52769885072893,47.57586512816415
QNCCF,1D,1722605400,2024-08-02,0.0952,0.098,0.0952,0.098,5500.0,539.0,-1.892081289418363,-7.894736842105255,7.751511819681143,9.497206703910624,9.452519714078319,10.064342851076278,11.599592956839828,2.941176470588232,-73.34550716715081,-94.44540627885503,-90.28469975396317,62.50260034309454,-92.56738674045019,51.27636708009214,0.004250665865806788,0.0032790660060596755,0.0009715998597471126,0.09704614588980079,0.09231042430322213,0.08435740220150569,0.0805541611683655,0.9828871630640011,6.163524585358533,16.17237781446382,21.65727825676332,0.09416449999999994,0.11798321488976748,0.0703457851102324,50.589585012966786,4.073191064573234,-16.937337152948352,39.31182919692094
QNCCF,1D,1722864600,2024-08-05,0.095,0.095,0.0942,0.0942,50626.0,4768.9692000000005,-3.8775510204081614,-16.489361702127653,-0.8421052631578897,9.471237652527604,9.067965882124836,10.089294624023598,11.599908642058262,0.8421052631578897,784.7809276437848,-75.84108814589666,-28.286177443609017,5572.559751685631,-35.6239515597383,49.30640240109446,0.0034736707551307894,0.0033179869558738985,0.00015568379925689092,0.09677508437648642,0.09238452531093891,0.08455230512820855,0.08068994065922754,-2.6608960282261336,1.9651285569209216,11.410327438338246,16.743176696372362,0.09529949999999994,0.11673411263937467,0.07386488736062521,44.98368331287097,-1.1537311318526693,-19.303794006632007,27.530147768443943
QNCCF,1D,1723037400,2024-08-07,0.08,0.090932,0.08,0.089,20147.0,1793.0829999999999,-5.520169851380053,-15.238095238095239,4.705882352941164,14.83870967741935,8.976106356662061,9.779206629708142,11.488301304253469,13.664999999999997,-62.40103626586644,-5.1278835978836055,14.027535771065175,-60.81206836261912,-75.48837888901626,46.664410938780364,0.0024105130957107757,0.003136492183841274,-0.0007259790881304984,0.09603460015015439,0.092251798828157,0.0846403782939866,0.08077262781684716,-7.325068401550565,-3.524916445493192,5.150758767725321,10.185841918884323,0.09569949999999994,0.11633549328842785,0.07506350671157203,43.126648077425536,-7.000559041583234,-23.49712243077494,18.566269947896636
QNCCF,1D,1723210200,2024-08-09,0.09149,0.0919,0.09149,0.0919,1590.0,146.12099999999998,3.258426966292135,-3.263157894736848,8.117647058823517,19.505851755526656,8.540937583737318,9.796862285087588,11.489196369765768,0.4481364083506325,-91.85085129913116,-99.03867763157895,46.92911010558067,-81.18670254541709,-97.996755597621,48.32731969840444,0.0017814236121685006,0.0028654784695067194,-0.0010840548573382187,0.09564082870728254,0.09223800279568026,0.08478413317925419,0.08088334793807256,-3.911330294650297,-0.3664463512170617,8.392922772119563,13.620420448424333,0.09629449999999994,0.11573724926547271,0.07685175073452716,40.38184790506787,-4.5636043595428015,-20.596004671578072,19.58088022933239
QNCCF,1D,1723469400,2024-08-12,0.0919,0.0919,0.0891,0.0891,100478.0,8952.5898,-3.0467899891186043,-21.150442477876112,10.135970333745362,19.03807615230461,3.504758142162825,9.731853917806989,11.493708408503013,3.0467899891186043,6026.833104071285,-4.661301555860849,453.3121013597033,513.369631570834,18.67190121119858,46.80980510988854,0.0010448842890266041,0.002501359633410696,-0.001456475344384092,0.09501789263992229,0.09211494386251633,0.08486959588857589,0.08096510567003204,-6.2281876344580756,-3.2730236116912814,4.984593206945574,10.047407784683424,0.09649949999999993,0.11554395901043255,0.07745504098956732,39.47058587957995,-7.667915377799822,-22.886492064933403,15.03447530548874
QNCCF,1D,1723642200,2024-08-14,0.0921,0.0921,0.0921,0.0921,3500.0,322.35,3.36700336700337,-16.310767832803265,6.720741599073,-6.020408163265309,4.218101012374353,9.634025520951553,10.099272260751324,0.0,-96.3993659130903,-97.75717984237987,-97.12674926464034,-99.33212608415299,-94.5786106991939,48.66959037438559,0.000695232291818268,0.0021401341650922104,-0.0014449018732739425,0.09473999810278683,0.09211435782869215,0.08501277220761398,0.08107590063848943,-2.786571834129231,-0.015586960633054484,8.33666237242322,13.597257970239628,0.09635449999999993,0.1154863775607636,0.07722262243923625,39.71143550278127,-4.415465805956057,-20.250334329223175,19.265568936706643
QNCCF,1D,1723815000,2024-08-16,0.085,0.085,0.085,0.085,10000.0,850.0000000000001,-7.709011943539626,-14.906397036740415,-20.93023255813953,10.389610389610398,3.8874280585833056,7.263676871486222,9.390703845785794,0.0,163.68853730417248,-57.9660131578445,-91.2388069316498,-67.53246753246754,-85.56130725178186,44.68726472681741,-0.0001530162221406034,0.0016815040876456476,-0.001834520309786251,0.09381237923585475,0.09183536340403756,0.08501251929261172,0.08111494640328058,-9.393620871398483,-7.44306240066235,-0.014726410552102257,4.789565633692261,0.09605699999999993,0.11569415671883412,0.07641984328116574,40.88646682456084,-11.510873752042992,-26.530429530186762,11.227655475902953
QNCCF,1D,1724074200,2024-08-19,0.07975,0.07975,0.07975,0.07975,1180.0,94.105,-6.176470588235299,-18.622448979591837,-25.046992481203002,-8.333333333333325,4.12059640848209,7.364539994297525,9.186737378437932,0.0,-88.92882352941176,-82.5408163265306,-99.0302132799103,-99.61997714007327,-98.14192989006695,41.95366676409593,-0.0012346580353888442,0.0010982716630387492,-0.0023329296984275936,0.09247310502291621,0.09136142758427138,0.08490831098978772,0.08110136484702904,-13.758708566953857,-12.709332473555152,-6.0751543984995005,-1.6662664673744294,0.09529449999999993,0.11618115839716953,0.07440784160283034,43.83602075076653,-16.312064179989342,-31.357200168919196,7.17956371545449
QNCCF,1D,1724160600,2024-08-20,0.0815,0.08175,0.0815,0.08175,8910.0,728.3925,2.5078369905956137,-13.216560509554142,-27.526595744680847,16.785714285714278,4.475859775800403,7.151706898514918,8.435757057031852,0.306748466257669,674.021040327294,-84.72641635009931,-96.31006838905775,-91.96267194255083,-84.78348833295722,43.374739981148274,-0.0019084838658780384,0.0004969205572553915,-0.00240540442313343,0.09145185692549562,0.09098450885547642,0.08484577017810876,0.08110781892815312,-10.608704133147967,-10.149539709166197,-3.648703019148865,0.7917622250645622,0.09513199999999994,0.11638387577603557,0.07388012422396431,44.67871121396721,-14.066770382205718,-29.7583110590711,10.652223258556678
QNCCF,1D,1724247000,2024-08-21,0.07505,0.078,0.07355,0.078,22983.0,1792.674,-4.587155963302756,-12.359550561797748,-25.71428571428571,-0.06406149903907046,4.378994908638532,7.0627168530581015,8.251324304258244,5.929380413057955,146.1137367559386,-0.022809875504919634,-5.149523809523811,4493.65534913517,-63.001879208046155,41.33154748469748,-0.002713806281607431,-0.00014522481051717302,-0.002568581471090258,0.09017072769449604,0.09047531242977146,0.08471021037260167,0.08107689535672871,-13.49742649935266,-13.788637026763533,-7.921371394412202,-3.7950335211908865,0.09478199999999995,0.11690261988281614,0.07266138011718376,46.67683712691482,-17.705893524086807,-33.27779986608713,7.347259127484842
QNCCF,1D,1724419800,2024-08-23,0.0885,0.0885,0.0885,0.0885,7640.0,676.14,13.461538461538455,-3.6996735582154523,-6.842105263157901,19.433198380566797,6.82496199695019,7.731229686914039,8.514480369368567,0.0,-62.28315912430259,362.72609686492706,-95.55171052631579,-58.33471983435934,-85.95400335468022,48.62843882974846,-0.002476223487303017,-0.0006114245458743418,-0.0018647989414286752,0.0900116107712107,0.0903978491972314,0.08478525571175807,0.08115075709447271,-1.6793508729144713,-2.099440654932673,4.381356471779514,9.056283845844552,0.09516199999999994,0.11656515266497068,0.0737588473350292,44.982561663207484,-7.000693554149713,-24.076794842481792,19.98560606297598
QNCCF,1D,1724679000,2024-08-26,0.09,0.09,0.09,0.09,30000.0,2700.0,1.6949152542372898,1.010101010101008,-20.353982300884958,25.87412587412588,6.754851398796661,5.680490424208966,8.475077260761797,0.0,299.325583459047,-69.8411290998723,-71.24692501837002,12487.412587412588,-44.93213447334053,49.59295851998883,-0.0021422059306565044,-0.0009175808228307743,-0.0012246251078257301,0.09001050498347635,0.0903822472679282,0.08488851797489158,0.08123880926268691,-0.01167084161818543,-0.4229229516666915,6.021405658914078,10.784489355307567,0.09534699999999995,0.11650309330665848,0.07419090669334141,44.37705078640868,-5.607937323670333,-22.748832287995356,21.30866707425944
QNCCF,1D,1724765400,2024-08-27,0.0835,0.1091,0.0835,0.1091,43614.0,4758.2874,21.22222222222223,18.458197611292075,-0.86324398000908,34.691358024691354,9.998893135869354,8.124366279376385,8.960925985741277,30.658682634730532,76.23286666666668,1376.1245230339691,-66.89318164582018,150.33788838698067,-4.801738658555824,59.9137037447161,-0.0003324519369231338,-0.0008005550456492462,0.0004681031087261124,0.09182855212790716,0.09111627678683298,0.08536795326251749,0.08151603504116764,18.808363490296127,19.737113770835958,27.799713862769327,33.83869804867444,0.09542699999999996,0.1167775176518049,0.07407648234819501,44.74733073827104,14.328229955882563,-6.574482662576305,47.28021166984907
QNCCF,1D,1724851800,2024-08-28,0.10645,0.10885,0.10244,0.10244,76585.0,7845.3674,-6.1044912923923,20.517647058823524,2.552808088897784,28.050000000000004,9.768424268749127,7.900529231325028,9.050375293544171,6.021606387975574,64.87796428605805,822.9843999999998,287.96714125114784,298.6467174796748,51.040785478248985,55.63608607885484,0.0005579530659953064,-0.0005288534233203357,0.001086806489315642,0.09283916621096362,0.09156034436381992,0.08570601359395279,0.08172423369747443,10.34136149738772,11.88249750672539,19.52486844777007,25.34837632031019,0.09522899999999995,0.1162395420206153,0.0742184579793846,44.12635230993786,7.5722731520860815,-11.871641767280815,38.02496412476583
QNCCF,1D,1724938200,2024-08-29,0.0982,0.0982,0.0982,0.0982,976.0,95.8432,-4.139008199921912,23.13479623824451,0.2040816326530529,15.52941176470587,9.513349551782929,7.969431899790375,9.049726798781716,0.0,-98.77834656921229,1.8470857021412168,-82.21833024118737,-96.77930003192365,-98.12005966571864,53.0397917879042,0.000910971765535451,-0.0002408883855491784,0.0011518601510846294,0.09334972180991946,0.09182072301621914,0.08595341926535967,0.08188817167063389,5.195814294933589,6.94753512521789,14.247927353340156,19.919639181803504,0.09449899999999996,0.11397536095373159,0.07502263904626832,41.22024773538692,3.916443560249357,-13.841027413052561,30.893822515944308
QNCCF,1D,1725024600,2024-08-30,0.0919,0.092,0.0919,0.092,22000.0,2024.0,-6.31364562118126,12.538226299694182,-2.335456475583872,-3.157894736842108,10.11797288419893,8.084742944623182,8.904635858998157,0.10881392818281052,2011.782578211078,177.87216370294863,-57.55896263704115,-75.18315299022163,-58.64165368063067,49.40890199593732,0.0006825850285308854,-5.619370273316561e-05,0.0007387787312640511,0.09322117687564142,0.09182775348617134,0.08607315353733275,0.08198878687789127,-1.309977964846437,0.18757565908938445,6.885824695729992,12.210466215360372,0.09384899999999995,0.11273903536259369,0.0749589646374062,40.25623152637483,-1.970186150092115,-18.395611862290966,22.73381902354871
QNCCF,1D,1725370200,2024-09-03,0.0929,0.095,0.09145,0.095,2500.0,237.5,3.260869565217394,21.794871794871796,6.741573033707872,4.4529961517317185,9.733933127154579,7.9612177981956895,8.879552332174336,3.8213132400430547,-88.26581027667984,-86.75163470882046,-86.75465664444981,-95.71913950197822,-94.96480418122118,51.15142067642284,0.000735187043373095,0.00010208244648808655,0.0006331045968850084,0.09339058860177081,0.09195215531024305,0.08624992277421725,0.08211825168507643,1.7233121905804907,3.3145984229229244,10.145026156937517,15.686827289413186,0.09384899999999995,0.11273903536259369,0.0749589646374062,40.25623152637483,1.2264382145787973,-15.73459920562654,26.7360087743166
QNCCF,1D,1725456600,2024-09-04,0.0921,0.0921,0.0921,0.0921,1000.0,92.1,-3.052631578947368,4.0677966101694985,0.21762785636562104,-3.052631578947368,8.954667694628386,7.985851813417773,8.87076594150132,0.0,-61.22105263157896,-86.37856065311918,-36.97004537335496,-98.61503759398495,-97.95251480426167,49.38081041414551,0.0005366822169005081,0.00018900240057057087,0.00034767981632993723,0.09326767540160216,0.09195795314121391,0.08636576588759909,0.08221757256383189,-1.251961514612921,0.15446935684612126,6.639475784726721,12.019848224654917,0.09280399999999996,0.10952898059789722,0.0760790194021027,36.04366319964068,-0.7585879918968524,-15.912665764581964,21.058342659782642
QNCCF,1D,1725543000,2024-09-05,0.09,0.09,0.09,0.09,3000.0,270.0,-2.280130293159614,0.0,1.010101010101008,5.8823529411764595,9.014521663299979,7.9652253704438,8.657365997028512,0.0,193.1596091205212,-90.0,-96.98411290998723,-82.82988871224165,-93.93910056102375,48.08284996750021,0.00020752108827495896,0.0001927061381114485,1.4814950163510464e-05,0.09295646822049719,0.09188117066508787,0.08643773091952782,0.08229500965274898,-3.1804868204376153,-2.047395186054877,4.121196892348545,9.362645900113382,0.09180149999999995,0.10655929560097088,0.07704370439902902,32.15153478095878,-1.9623862355189803,-15.539982230156568,16.816812875283112
QNCCF,1D,1725629400,2024-09-06,0.0815,0.0815,0.0815,0.0815,10000.0,815.0,-9.444444444444438,-25.29789184234647,-11.509229098805644,-4.1176470588235325,3.7036285770281374,8.297131026640772,8.840986435091285,0.0,201.85185185185185,-82.87198877478481,152.83077400341242,719.5072900955254,-81.80249531338227,43.14009933602831,-0.0007307962756142733,8.005655366304142e-06,-0.0007388019309805774,0.09186537600902127,0.09147406593312364,0.08633995406963618,0.08228709910894054,-11.283223842684077,-10.90370897081982,-5.605694515117054,-0.956527958165702,0.09088199999999995,0.10580011060422996,0.07596388939576994,32.82962655802034,-10.323276336348178,-22.96794442411332,7.28781878898679
QNCCF,1D,1725975000,2024-09-10,0.08,0.08405,0.0767,0.08405,70500.0,5925.525,3.1288343558282166,-17.95197188598204,-1.117647058823537,3.8936959208899875,4.31648193473621,8.095956995272607,8.804832692156172,9.187499999999995,627.0582822085889,-24.47103242099281,597.120588235294,266.2252781211372,28.19651072722448,44.96778469414581,-0.001254198241332466,-0.0002444351239734499,-0.001009763117359016,0.09112105448435258,0.09118292609260899,0.08629460844449487,0.08230464041133914,-7.760066566796403,-7.822655400819782,-2.601099286450335,2.1206089716666803,0.09018449999999995,0.10501035778294246,0.07535864221705743,32.87894878375447,-6.802166669438706,-19.96027651507268,11.533325876425199
QNCCF,1D,1726061400,2024-09-11,0.0903,0.0903,0.0903,0.0903,500.0,45.150000000000006,7.436049970255806,-8.0448065173116,13.228840125391855,4.634994206257246,5.500060828906873,8.085935811776434,8.823698790388592,0.0,-99.23804219879251,-52.891806617475204,-52.02167791296956,-99.59755771459132,-98.93758669424936,49.27175890632925,-0.0011514026504697017,-0.00042582862927270025,-0.0007255740211970015,0.09104285881917615,0.09114830153995765,0.0863739231287623,0.08238419622814173,-0.8159440826123047,-0.9306827726085107,4.545442338406803,9.608400802913096,0.08998949999999994,0.1047011205429599,0.07527787945704,32.69630466434408,0.34504025469644894,-13.754504697063838,19.955557530725766
QNCCF,1D,1726234200,2024-09-13,0.08275,0.09,0.08275,0.09,40700.0,3663.0,-0.33222591362127196,-2.173913043478263,10.091743119266047,-16.27906976744186,5.061165425407,8.086189289081233,7.609872942337565,8.761329305135943,8012.956810631228,80.97826086956522,402.88820931022764,-62.24441151839206,-9.521211341424436,49.0733667762412,-0.0010816750205861203,-0.0005569979075353842,-0.0005246771130507361,0.09094353893163556,0.09110327010701813,0.08644572663116304,0.08245997537015028,-1.0374996868604913,-1.2110104343369157,4.111566305645082,9.143859910221531,0.09003949999999994,0.10474412440866952,0.07533487559133036,32.66260787469854,-0.043869634993466626,-14.076325991464564,19.466580774917116
QNCCF,1D,1726752600,2024-09-19,0.0866,0.0866,0.0866,0.0866,558.0,48.3228,-3.7777777777777786,-8.8421052631579,11.025641025641022,-18.60902255639098,4.975469304794034,8.048869300254072,7.634430091791692,0.0,-98.68078624078625,-79.65355789473684,-97.30442902613638,-99.50201573011476,-98.7033066670879,46.77468127322154,-0.0012859434014968751,-0.0007027870063276824,-0.0005831563951691928,0.09052986855719408,0.09092667127929192,0.08644878154935783,0.08250116964507416,-4.340963507211226,-4.758418204931367,0.1749225933922886,4.968208781232185,0.08977449999999994,0.10452640899511095,0.07502259100488892,32.86436347762678,-3.5360820723033197,-17.150124229322213,15.431897032663963
QNCCF,1D,1726839000,2024-09-20,0.08575,0.08575,0.08575,0.08575,979.0,83.94925,-0.9815242494226208,-6.894679695982621,-3.1073446327683487,-23.980496453900702,4.917081080542372,7.281506744671876,7.540954446064957,0.0,73.72596372726747,-8.84989142236698,-87.5840432454817,-99.57472517730496,-97.26675720118082,46.192140296161696,-0.0014991343734184343,-0.0008620564797458327,-0.0006370778936726015,0.09007464298031846,0.09072366456245695,0.0864349442909547,0.08253349631527243,-4.801176931962306,-5.482213032778147,-0.7924390957539797,3.8972100157259146,0.08960699999999994,0.10446145805137441,0.07475254194862546,33.15468222655481,-4.304351222560662,-17.91230794631649,14.711818173263824
QNCCF,1D,1727184600,2024-09-24,0.1073,0.1073,0.085,0.085,3685.0,313.225,-0.8746355685131203,-5.555555555555546,-5.555555555555546,-19.047619047619037,4.884931594070957,7.2694162221454235,7.450854813966121,20.782851817334574,273.11232679267533,16.009259259259267,-88.39907407407408,-83.42724867724868,-89.62438292024284,45.65188211615979,-0.0017089092446000709,-0.0010314270327166804,-0.0006774822118833905,0.08959134364885957,0.09049920712863511,0.08640652955251996,0.0825580386404936,-5.124762573998972,-6.0765252018380265,-1.6278047038852865,2.957872303798475,0.08925199999999993,0.1041902965561689,0.07431370344383095,33.47442422840718,-4.764038901088968,-18.418506512094844,14.379981162217478
QNCCF,1D,1727703000,2024-09-30,0.08,0.0889,0.08,0.0889,7800.0,693.4200000000001,4.588235294117648,9.079754601226998,-18.515123739688356,-6.421052631578942,3.589459506529726,4.514854444468925,7.306568150484974,11.125000000000005,121.38079655199935,-14.917791411042936,-85.42710976222243,-95.43802631578947,-72.64943293279231,48.99270596471081,-0.0015426769158153053,-0.0011336770093364054,-0.0004089999064788999,0.08952550139658723,0.0904364931235906,0.08645590520494531,0.08262114273362302,-0.6986851643715748,-1.698974684357589,2.8269842172850135,7.599576886294725,0.08944699999999993,0.10425947730800095,0.07463452269199891,33.12012098337793,-0.6115353225931814,-14.731972291234808,19.11377844120708
QNCCF,1D,1727789400,2024-10-01,0.085,0.085,0.085,0.085,1369.0,116.36500000000001,-4.386951631046119,1.1302795954788893,-17.024599765716513,-24.7787610619469,3.9875425714827446,4.405991218700019,6.4423168785051335,0.0,-83.21868420293617,-98.03620776218142,-98.51676799737893,-98.7607957147269,-94.77286748595316,45.9507931401586,-0.0017059686591797824,-0.0012481353393050808,-0.00045783331987470153,0.08909450126357892,0.09022329731482234,0.08642707539890679,0.082644812955179,-4.59568346588041,-5.789299959406634,-1.6511901997378398,2.8497699499886315,0.08970949999999993,0.1040022484760646,0.07541675152393526,31.864514853086195,-5.249722716100219,-18.27099774716681,12.707055504801582
QNCCF,1D,1727875800,2024-10-02,0.0811,0.0811,0.08,0.08,360.0,28.8,-5.8823529411764754,-11.406423034330015,-18.5336048879837,-27.305770104497952,3.198882869223195,4.509959577566492,6.50037073962476,1.356350184956848,-75.25029003566365,-36.21262458471761,-69.9509198357317,-99.79961774301394,-98.35244838700808,42.32269726302163,-0.0022133229463265347,-0.0014411728607093715,-0.0007721500856171632,0.08822835828609521,0.08982238369463323,0.08629980657912646,0.0826184964083613,-9.326205820823935,-10.935340714210087,-7.299908109701615,-3.169382792224598,0.08962199999999992,0.10412841871724526,0.07511558128275458,32.372450329707775,-10.73620316440152,-23.171790193765062,6.502537334909511
QNCCF,1D,1728048600,2024-10-04,0.07395,0.07395,0.07395,0.07395,100.0,7.3950000000000005,-7.5625,-17.83333333333333,-19.6195652173913,-25.96856542196416,3.7260109438188893,4.618287184794768,6.435239492833191,0.0,-74.32291666666667,-99.7981162981163,-99.63463438735178,-99.63430431447324,-99.56005427290268,38.37450260633664,-0.0030682207730503286,-0.0017665824431775628,-0.0013016383298727657,0.08686851463980043,0.08919993727523585,0.08605525595379722,0.08253224271275572,-14.871342848864103,-17.09635425883827,-14.066840914744926,-10.3986544296697,0.08941949999999992,0.10466352502622134,0.0741754749737785,34.09552732059883,-17.29991780316366,-29.345013000973054,-0.303975099395317
QNCCF,1D,1728307800,2024-10-07,0.0679,0.0859,0.0679,0.0777,11000.0,854.7,5.070993914807306,-10.277136258660498,-18.21052631578947,-20.71428571428571,4.5539018411785745,4.770902921226942,6.51673806572419,26.50957290132548,11457.809330628805,1668.7302888077677,259.87368421052633,58.571428571428584,-49.46826941507411,41.98702801030308,-0.0034039017395940396,-0.002094046302460858,-0.0013098554371331816,0.08599532276934324,0.08874895934287366,0.08588980534085074,0.08248416069571338,-9.646248775172298,-12.449677635302733,-9.535247295473276,-5.800096231035542,0.08887949999999992,0.10495787488678691,0.07280112511321292,36.18016502520157,-12.578266079354544,-25.970299909548178,6.729119748038031
QNCCF,1D,1728394200,2024-10-08,0.07925,0.081,0.07925,0.081,26050.0,2110.05,4.247104247104243,-5.539358600583095,-12.052117263843646,-14.012738853503187,4.975899292243867,4.947663443975942,6.542361477155978,2.2082018927444813,146.87609687609688,2413.482848268448,2191.042345276873,-55.75458948235607,31.649232650248827,45.0402779382526,-0.0033648608815916026,-0.002348209218287007,-0.0010166516633045956,0.08551957774369151,0.0884450785843296,0.08579297751231904,0.08246939292759682,-5.284845719464397,-8.417742064902962,-5.586678130655639,-1.7817433540305765,0.08842949999999992,0.10485723079278003,0.07200176920721982,37.154412934100314,-8.40160806065841,-22.752108378607613,12.49723568164476
QNCCF,1D,1728480600,2024-10-09,0.08115,0.08115,0.08,0.08,9400.0,752.0,-1.234567901234569,-5.8823529411764754,-11.111111111111107,-10.112359550561791,4.9794441328973305,4.9324653397219,6.473188907355347,1.417128773875537,-64.36103409871804,140.08300742277913,178.51851851851853,-58.06106019632108,-52.04323491138727,44.27975349181998,-0.003375699401600041,-0.0025537072549496136,-0.0008219921466504272,0.08499390367286375,0.08811389903200294,0.08567826508633253,0.08244482185369038,-5.875602198582348,-9.208421283293763,-6.627427715314847,-2.9654037679031595,0.08697449999999993,0.1007643375262384,0.07318466247376146,31.71007025332363,-8.019017068221066,-20.606831777990394,9.312521634819335
QNCCF,1D,1728653400,2024-10-11,0.08545,0.1022,0.08545,0.0982,38000.0,3731.6,22.749999999999993,10.461192350956116,20.49079754601226,6.855277475516866,9.634232799108931,7.274996760719379,7.6537108824246385,19.602106495026334,396.2234042553191,438.1442704277349,357.86503067484665,2453.7739270878246,121.1193977522019,58.13512049043335,-0.0018938697588533754,-0.002421739755730366,0.0005278699968769905,0.086251627132591,0.08850943240329694,0.08592622023313783,0.08260158979544471,13.852924593574635,10.948626980848303,14.284091321089825,18.883910398314754,0.08676249999999992,0.09969872336696645,0.0738262766330334,29.819849282735134,13.182538539115496,-1.5032523149268613,33.014970385301304
QNCCF,1D,1728912600,2024-10-14,0.1,0.1016,0.1,0.10112,69250.0,7002.56,2.973523421588601,18.964705882352934,20.309339678762644,13.490460157126826,9.29088292423527,7.272752037189222,7.637123491917902,1.5999999999999903,87.6556972880266,5917.7544794396945,18.176195358217218,-21.781739625778446,331.56573838091174,59.85969445549479,-0.0004783750842358714,-0.002033066821431467,0.0015546917371955958,0.08766766264377282,0.08900396446591274,0.0862270871592143,0.08278585258354974,15.344697178581301,13.612916690612728,17.271733664488316,22.146474118807845,0.08690849999999992,0.10041127345585171,0.07340572654414812,31.073539310543406,16.352255533118278,0.7058236787126276,37.75492016850183
QNCCF,1D,1728999000,2024-10-15,0.1,0.1,0.0957,0.0957,20240.0,1936.9679999999998,-5.3599683544303875,19.62499999999999,5.980066445182711,3.908794788273607,9.221811298062686,7.282644802373673,7.695811485850392,4.300000000000012,-72.33914454142484,6625.583333333333,4190.073089700995,500.8897161470451,15.542297251714848,55.305598327346566,0.00020371761051272974,-0.0015857099350426278,0.0017894275455553575,0.0884326471538897,0.08926655409470048,0.08641466959170511,0.0829143515628179,8.21795239654391,7.207005995184314,10.74508581953332,15.420308060294458,0.08709349999999991,0.10096654620478368,0.07322045379521613,31.857822236524626,9.88190852359831,-5.216129899206321,30.70118394465969
QNCCF,1D,1729085400,2024-10-16,0.090782,0.091,0.090782,0.091,2600.0,236.6,-4.911180773249734,23.05611899932386,1.1111111111111123,7.058823529411754,8.826876294396762,7.421354300006213,7.613432136904541,0.24013570972218717,-87.78503310328307,3099.45909398242,-93.54081354081355,-72.16470588235295,-85.71228416592848,51.63690699970214,0.0003608703757942422,-0.0011963938728752539,0.001557264248669496,0.08867715694875734,0.08933453236549654,0.08650546821365154,0.0829948057761232,2.6194378926524715,1.864304418911027,5.195662053695661,9.645415937800552,0.08689349999999992,0.100415741345282,0.07337125865471783,31.123712004424032,4.725900096094744,-9.37675828424723,24.02676697730144
QNCCF,1D,1729171800,2024-10-17,0.095,0.095,0.095,0.095,12500.0,1187.5,4.3956043956043995,22.26512226512226,9.69976905311779,19.122257053291534,8.8113489866504,7.396474714723789,7.5406615076820165,0.0,401.9019442096365,38.93763893763893,2357.4321024443952,1161.888316242495,-29.833973265715695,54.40876062883036,0.0007989715978718587,-0.0007973207787258313,0.0015962923765976901,0.08927933247744713,0.08955670756684962,0.08667367676387626,0.08311426044501749,6.407605616896804,6.07803991575643,9.606519011310683,14.300481639784637,0.08703849999999992,0.10084025535937537,0.07323674464062448,31.714138822188932,9.147101569994987,-5.791591203891555,29.716306297021607
QNCCF,1D,1729258200,2024-10-18,0.095,0.095,0.095,0.095,10000.0,950.0,0.0,17.28395061728395,10.7871720116618,16.20795107033639,8.868923619631556,7.382790259235204,7.5357233892624675,0.0,-20.0,-54.977370204497525,1031.6360777493544,30.424187508795047,-44.11111797716377,54.40876062883036,0.0011331082066463882,-0.00041123498165138736,0.0015443431882977755,0.0898241579557855,0.08977017001520846,0.0868385544517203,0.0832325265102412,5.762193781724324,5.8257993539563655,9.398412490637702,14.138070755680948,0.08728849999999991,0.10147163967357213,0.07310536032642768,32.49715523481842,8.834497098701549,-6.377781707668258,29.949431308195567
QNCCF,1D,1729603800,2024-10-22,0.1,0.1,0.095,0.099,3229.0,319.671,4.210526315789477,23.750000000000004,16.470588235294116,26.923076923076927,8.73102668078393,7.407332622787023,7.492724989272315,5.000000000000004,-66.35042105263157,-57.4905585106383,2.057945566286206,-82.16792344843513,-80.63423105820313,57.25033058723762,0.0017010715530464127,1.1226325288172623e-05,0.00168984522775824,0.09069804767428212,0.0901321241322591,0.08707937515564663,0.08338941679372139,9.153396945799908,9.83875166941396,13.689378022116388,18.720101190891143,0.08816349999999992,0.10295638514793698,0.07337061485206287,33.557844568187676,12.2913677428869,-3.842777834761861,34.93140298689558
QNCCF,1D,1729690200,2024-10-23,0.092,0.092,0.092,0.092,100.0,9.2,-7.070707070707076,-6.31364562118126,3.4870641169853673,3.9548022598870096,4.535452181253277,7.64792364115593,7.262894042782463,0.0,-97.12204109850441,-99.75345696216101,-98.67324276773095,-98.63933504895435,-99.43505252298783,51.232434556495036,0.0015682670916441904,0.0003226344785593762,0.0012456326130848142,0.0908220431338743,0.09020537416628815,0.0871768132713764,0.08347509423855998,1.29699445804071,1.9894888195946723,5.532648588116311,10.212514090822168,0.08856099999999992,0.10331759161188847,0.07380440838811136,33.32525967838793,3.883199150867858,-10.954176762465481,24.653800510403702
QNCCF,1D,1729776600,2024-10-24,0.0883,0.0887,0.08736,0.08736,28100.0,2454.816,-5.043478260869571,-13.60759493670887,2.776470588235279,-2.9333333333333376,4.443399908634615,7.6797964836543615,7.322572727393487,1.5175537938844936,26582.782608695652,-64.9440204725129,2009.5827783268164,-9.080888888888897,51.50406036474576,47.6564702295039,0.0010762035724071889,0.00047334829732893877,0.0006028552750782501,0.09049232474017199,0.0900937908656494,0.08718044073134915,0.08351375001728077,-3.4614258713827417,-3.0343832126301855,0.20596279067247222,4.605529008005688,0.08841399999999991,0.10315693783477561,0.0736710621652242,33.34978133502776,-1.1921188951974995,-15.313500154567652,18.581159864473264
QNCCF,1D,1729863000,2024-10-25,0.0925,0.0925,0.0925,0.0925,478.0,44.214999999999996,5.88369963369964,-3.3437826541274767,15.624999999999996,-15.215398716773606,4.932409423487694,7.581801443386289,6.297166077489947,0.0,-98.19884667527016,-97.7173087010214,53.52430555555554,-99.0707791210762,-96.97811879501064,51.679980433217814,0.0010884477830060274,0.0005963681944643565,0.0004920795885416709,0.09068353190777466,0.09018815200817296,0.08728577853864916,0.0836031654399944,2.0030848534579486,2.563361084965507,5.973735411023502,10.641743662674168,0.08853899999999992,0.10337570165501896,0.07370229834498089,33.51450017510712,4.473734738363974,-10.52055897169423,25.504905650339506
QNCCF,1D,1730122200,2024-10-28,0.085,0.085,0.0838,0.0838,5512.0,461.9056,-9.405405405405405,-7.912087912087911,13.319810682893843,-18.196017180788758,5.713409867723761,7.748872868027944,6.424132895189696,1.4117647058823606,944.6807644464549,95.22637362637363,6146.187964841109,-94.11237770712944,-62.04699006885136,45.32876550451983,0.0003916197681418099,0.0005554185091998472,-0.00016379874105803736,0.09002795744036755,0.08993763624314656,0.08721675322105214,0.08360512399283027,-6.917803777224214,-6.824324609280868,-3.9175423239986156,0.23309098517268587,0.08839899999999992,0.10335857873738584,0.073439421262614,33.845583631909705,-5.202547540130461,-18.923033749409814,14.10765302784362
QNCCF,1D,1730208600,2024-10-29,0.1,0.1,0.0852,0.0852,2250.0,191.7,1.6706443914081128,-10.315789473684214,9.652509652509643,-13.238289205702646,5.417395502386011,7.676023494757052,6.398132937085574,14.800000000000008,-58.49801344690344,-83.85684210526315,-77.57107757107757,100.0141898434109,-84.2899919000034,46.46884349546537,-4.7110098411545787e-05,0.00043491278767756865,-0.00048202288608911444,0.08956815196985636,0.08975184658655258,0.08717681751370458,0.08362099340583692,-4.876903088640747,-5.071591014189318,-2.2675954113532764,1.8882896864184535,0.08837149999999992,0.10335246295302963,0.07339053704697021,33.904512095030015,-3.5888267144949757,-17.563648155418747,16.09126111922534
QNCCF,1D,1730295000,2024-10-30,0.0804,0.0804,0.0804,0.0804,4000.0,321.6,-5.633802816901407,-15.36842105263158,-0.7407407407407448,-12.608695652173912,5.567006651843095,7.792516589590927,6.377882225096508,0.0,67.76212832550863,-66.14736842105263,-84.75865500817517,-84.11067193675889,-72.35913228778475,43.14668036761402,-0.0007732134400312701,0.0001932875421358009,-0.000966500982167071,0.08869499463939386,0.08938510750472699,0.08704262310749261,0.08358894372020671,-9.352269170451741,-10.052130333066753,-7.63146016324595,-3.815030527100465,0.08814149999999993,0.10345989453076071,0.07282310546923915,34.758642706921925,-8.783036367658747,-22.288728048050096,10.404519941766795
QNCCF,1D,1730381400,2024-10-31,0.0838,0.0838,0.0838,0.0838,10000.0,838.0,4.228855721393035,-15.353535353535358,4.749999999999997,-11.789473684210527,5.5700240006380835,7.846001753249069,6.397999135777416,0.0,160.57213930348257,162.14451733188181,11.436170212765957,252.8421052631579,-29.19374476079653,46.08687421823201,-0.0010620612040919547,-5.778220710975026e-05,-0.0010042789969822044,0.0882288046737373,0.0891660836810122,0.0869784127489284,0.08359104378269222,-5.019681146213693,-6.0180771202300765,-3.6542547150212927,0.24997440856342573,0.08788649999999994,0.10331529680986275,0.07245770319013713,35.11073215991721,-4.64974711702018,-18.889068136519903,15.65367974761692
QNCCF,1D,1730467800,2024-11-01,0.0807,0.0807,0.0807,0.0807,5500.0,443.84999999999997,-3.6992840095465462,-12.28260869565218,-17.820773930753568,-12.377850162866459,5.265083647992255,4.933980031876879,6.408580967342222,0.0,-47.034606205250604,4724.45652173913,-88.10563833208276,381.92182410423453,-62.865082267773076,43.85970457130676,-0.001523556618052993,-0.0003509370892983988,-0.001172619528754594,0.08751177565719089,0.08883408039940388,0.08685408774399912,0.08356227717788932,-7.7838389245746775,-9.156486297637715,-7.085547616524616,-3.4253221364420723,0.08767149999999993,0.10337263534111585,0.07197036465888401,35.81810586362941,-7.951842959228417,-21.932917997397663,12.129486049558869
QNCCF,1D,1730989800,2024-11-07,0.0838,0.0838,0.0838,0.0838,20000.0,1676.0,3.841387856257752,-4.075091575091569,-17.128164556962027,-6.888888888888886,5.379183984164496,4.991999756488122,6.437865399901644,0.0,277.60504675002824,-31.72604382568795,-76.06589590092766,520.7407407407408,34.932457750854205,46.63687166310719,-0.0016204711832013413,-0.0006048439080789873,-0.001015627275122354,0.0871582732136489,0.0886366654817802,0.08679361075896944,0.08356464257910436,-3.853074515848711,-5.456732217407715,-3.4491142064395226,0.28164713404098884,0.08786149999999994,0.10327605711332734,0.07244694288667254,35.088308561377644,-4.62261627675369,-18.858250070445454,15.670857403999564
QNCCF,1D,1731076200,2024-11-08,0.0795,0.0795,0.0777,0.0777,9000.0,699.3000000000001,-7.279236276849635,-15.999999999999995,-18.808777429467074,-4.6625766871165615,5.133308151406335,5.128658950844206,6.343465047841279,2.2641509433962215,-58.275656324582336,1481.589958158996,-63.89718363958515,-14.196319018404898,-43.52496547627352,42.211858057499455,-0.0021645441766001694,-0.0009167839617832238,-0.0012477602148169456,0.08625748528853948,0.08820777663935744,0.08661353925879182,0.08350628792657595,-9.920861082274625,-11.912528622412836,-10.29116156096466,-6.9531146345305235,0.08804899999999993,0.10286160260724074,0.07323639739275913,33.64627107006512,-11.75368260854744,-24.461608578388542,6.0947872453406555
QNCCF,1D,1731335400,2024-11-11,0.0699,0.0788,0.0699,0.0788,8562.0,674.6855999999999,1.4157014157014025,-5.966587112171843,-13.406593406593409,-6.2462819750148775,4.335803014958378,5.072845420732526,6.323016932432788,12.732474964234608,-3.519862719862742,46.06568961276935,185.1587489433643,-88.61391015985926,-36.543077196448685,43.25740119438236,-0.0024783957335183376,-0.0012291063161302465,-0.001249289417388091,0.08554724859439286,0.08783884422212775,0.08645881570911278,0.08345945919098813,-7.8871602596873105,-10.290258600477747,-8.858339830701082,-5.582901250684424,0.08810399999999993,0.10276993113307274,0.07343806886692712,33.29231620147286,-10.56024698084076,-23.32387583488309,7.3012964744333315
QNCCF,1D,1731421800,2024-11-12,0.076,0.08048,0.076,0.0772,6300.0,486.36,-2.030456852791866,-9.38967136150234,-18.736842105263154,-14.507198228128459,4.229149385584518,4.859913897242643,6.177379686677361,5.89473684210526,-27.913090186006627,153.70892018779344,-59.043368421052634,977.2093023255813,-54.87998924600779,42.065230402034835,-0.0028236823295822167,-0.0015480215188206406,-0.001275660810761576,0.08475227253778402,0.0874216346447894,0.08627547282378381,0.0833971760149584,-8.910997087915346,-11.692339872529068,-10.51918062775536,-7.430918300934852,0.08791399999999995,0.10303455607443132,0.07279344392556858,34.39851690158878,-12.186909934708865,-25.073681159715626,6.053506795113495
QNCCF,1D,1731508200,2024-11-13,0.07745,0.07745,0.07745,0.07745,11328.0,877.3536,0.32383419689119197,-3.6691542288557146,-18.47368421052631,-13.944444444444438,3.856000417117299,4.867053583022904,6.178528452128103,0.0,80.39180853688626,172.8089552238806,-7.646989473684207,-76.04822276822277,-10.93493374146117,42.33266196778638,-0.0030420842800074066,-0.0018468340710579938,-0.0011952502089494128,0.08405681801037601,0.0870305901489153,0.08610071098568908,0.08333800013421254,-7.859943032295676,-11.008301945927576,-10.047200408283416,-7.065204498224273,0.08778649999999995,0.10321177053247448,0.07236122946752542,35.142693996171474,-11.774589486993955,-24.96010910341743,7.032454492441073
QNCCF,1D,1731594600,2024-11-14,0.0837,0.092,0.08,0.08,38240.0,3059.2000000000003,3.2924467398321453,-4.534606205250594,-19.191919191919194,-7.6212471131639665,3.704378926193298,4.797682168246534,6.1768990298429856,14.336917562724011,248.6849543901114,265.05966587112175,856.9838990712327,6230.758979198226,181.84144845879874,45.1156220948692,-0.0029751104886880236,-0.0020724893545839996,-0.000902621134104024,0.0836704543903402,0.08675488073131078,0.08597990482755663,0.08330478620252883,-4.386798681905987,-7.786167964695122,-6.955002845781314,-3.9671024357403724,0.08687649999999994,0.10187864288026975,0.07187435711973013,34.536711032948666,-7.91525901711043,-21.47520055403767,11.305343387954025
QNCCF,1D,1731681000,2024-11-15,0.081,0.081,0.0716,0.0759,12072.0,916.2647999999999,-5.125000000000008,-5.947955390334571,-17.500000000000004,-11.486880466472316,3.903530923804704,4.657334223095956,6.2414525789290405,11.604938271604945,-70.04887552301255,106.435687732342,9859.4,991.4508467913649,-17.689195145116297,41.636426182591734,-0.003215799279093781,-0.002301151339485956,-0.0009146479396078253,0.0829304111150697,0.08632919913400448,0.08578030275176343,0.08323110673782705,-8.477482530883261,-12.08073194078375,-11.518148613156209,-8.80813319101907,0.08561549999999993,0.09983608574743105,0.0713949142525688,33.21965239338937,-11.34782837219889,-23.975384820259716,6.310093365325526
QNCCF,1D,1731940200,2024-11-18,0.074,0.074322,0.0717,0.0736,14200.0,1045.12,-3.030303030303026,-12.17183770883055,-15.750915750915745,-13.411764705882362,3.4522218247238996,4.568349672102554,6.260951114626764,3.5432432432432424,14.063096170452033,-37.6420047732697,-57.42572966772255,233.66429882672196,-8.127240536900063,39.78298844853252,-0.0035512016159747056,-0.002551161394783706,-0.0010000402211909998,0.0820418005326821,0.0858300148542396,0.08553910863786712,0.08313527482998798,-10.28963342816841,-14.249111892860752,-13.957485444946318,-11.469589592970804,0.08451049999999993,0.09885887896767563,0.07016212103232423,33.95644083912818,-12.910230089752092,-25.550440417126975,4.899907410284684
QNCCF,1D,1732026600,2024-11-19,0.0736,0.0793,0.0736,0.0793,16550.0,1312.415,7.7445652173913,2.059202059202047,-14.270270270270274,-10.798650168728921,3.991773836569651,4.79153604688798,6.3676877650298565,7.7445652173913,25.57553199632579,87.67553267553265,2868.25737871763,89.26696662917134,13.314423214564064,46.17740456867093,-0.0033188108358560703,-0.0027046912829981787,-0.0006141195528578916,0.08178067667242667,0.08557393584034785,0.08541556193216679,0.08309711289138114,-3.033328621580189,-7.33159668155606,-7.159774862832956,-4.569488348343062,0.08392549999999993,0.0981210704006579,0.06972992959934196,33.82898022807843,-5.511435737648199,-19.181476846721914,13.72448022771035
QNCCF,1D,1732113000,2024-11-20,0.0754,0.0758,0.0754,0.0758,8000.0,606.4000000000001,-4.413619167717515,-3.8071065989847575,-9.546539379474932,-10.823529411764705,4.284127112967315,4.312951191501462,6.368275860157366,0.5305039787798561,-53.79510292095107,-10.121099368357621,31.282236023984144,421.1188931379711,-48.371320636416776,43.14758959543285,-0.00337811936042573,-0.0028393768984836887,-0.0005387424619420411,0.08121108841790985,0.08519064423876559,0.08522515476519318,0.08302450480290968,-6.662992115146321,-11.023093348661888,-11.059123085385709,-8.701653590177735,0.08296549999999993,0.09662213424859974,0.06930886575140012,32.92123653470375,-8.636722493084388,-21.550066566555362,9.365517929383742
QNCCF,1D,1732199400,2024-11-21,0.0779,0.08,0.0773,0.08,7500.0,600.0,5.540897097625323,3.6269430051813427,-6.1032863849765215,0.0,4.688456878618138,4.567503559090179,6.357902410468282,3.4659820282413456,-1.0554089709762682,23.3654083395016,212.98904538341162,1983.3333333333335,-49.731102731819654,47.591395797792025,-0.0030510463314084996,-0.0028817107850686507,-0.00016933554633984885,0.0810957466638232,0.08498708956273557,0.08512168635400123,0.08299441022775635,-1.3511764906309345,-5.868055475713412,-6.016899539209471,-3.6079661504178087,0.08221549999999993,0.09474732584462578,0.06968367415537408,30.485312002300937,-2.6947473408298044,-15.564899286772082,14.804509047016603
QNCCF,1D,1732285800,2024-11-22,0.0802,0.0802,0.0721,0.08,290250.0,23220.0,0.0,3.2924467398321453,-0.49751243781094223,8.181203515889115,4.692736571154349,4.325546132213605,6.193196917871308,10.099750623441391,3770.0000000000005,2546.5953977962818,7120.1492537313425,313895.9432048681,1080.27717997983,47.591395797792025,-0.002760022774982926,-0.0028573731830515057,9.735040806857975e-05,0.08099138983869718,0.08479151742302045,0.08502026682223883,0.082964615101112,-1.2240681888181362,-5.650939585284006,-5.904788363855936,-3.573348827688663,0.08126549999999992,0.0911687549699602,0.07136224503003964,24.37259346207256,-1.557241387796692,-12.250638909832942,12.104096453698075
QNCCF,1D,1732545000,2024-11-25,0.088,0.099,0.081,0.09465,672285.0,63631.77525,18.312499999999996,18.312499999999996,12.947494033412887,21.814671814671804,7.830587348155792,6.344920825214769,6.934626513159945,20.45454545454546,174.0386531007752,1980.0135738101465,7493.290602625298,7344.925149175149,1467.3222951275147,60.181929515264564,-0.0013318986464445765,-0.00255227827573012,0.0012203796292855435,0.08229220985405936,0.085178124582902,0.08521095460793707,0.0830808875876681,15.016962319831359,11.120079789828234,11.077267512719216,13.925118939207298,0.08139799999999993,0.09192355480723145,0.0708724451927684,25.86194945141535,16.280498292341434,2.965991903257054,33.549787569143696
QNCCF,1D,1732631400,2024-11-26,0.0923,0.0939,0.0859,0.0874,185703.0,16230.442200000001,-7.659799260433167,15.151515151515166,8.302354399008689,7.901234567901239,8.233182607964842,6.632744663597187,7.070338355405585,8.667388949079083,-74.49318027631172,1671.370263268872,3556.740385265293,669.197042724106,258.2417706741544,53.351148184324984,-0.0007761672221316962,-0.002197056065010435,0.001420888842878739,0.08277866605843466,0.08526525695219996,0.08525430204144327,0.08312386383057688,5.582759618647488,2.5036493457080597,2.516820743560464,5.1442942764772726,0.08139999999999993,0.09193009971462912,0.07086990028537074,25.872480871324814,7.37100737100747,-4.9277654747373525,23.32457030145064
QNCCF,1D,1732717800,2024-11-27,0.08675,0.0935,0.0857,0.093,30372.0,2824.596,6.407322654462236,26.358695652173914,10.978520286396181,16.249999999999996,8.010420644342537,6.749210890370969,7.140940463658058,8.991354466858791,-82.59692517804599,170.26523270055117,68.53198090692125,275.61117021276596,-38.5913328583217,57.37551977922669,0.00011480374816623395,-0.0017346841023751012,0.0018494878505413352,0.08375212643382184,0.08556858020897642,0.08540768219903845,0.08322213384221293,11.041956735851391,8.684752946554083,8.889502215114584,11.749117339776049,0.08142499999999994,0.09206222238180779,0.07078777761819209,26.127657063083472,14.21553576911276,1.0186345646784196,31.37861242319816
QNCCF,1D,1732890600,2024-11-29,0.1109,0.12,0.1109,0.1147,202007.0,23170.2029,23.333333333333332,44.640605296343004,47.619047619047606,16.802443991853362,10.579086786237998,8.465103599204532,7.201372930683696,8.205590622182143,720.3014838228193,1665.4631271358526,3213.342328042328,520.9187185121664,341.53707856661316,68.65868066695504,0.002542603753406314,-0.000879226531218818,0.003421830284625132,0.08669954296393403,0.08671098882823225,0.0859877280960872,0.08353534644079788,32.295968443240604,32.278505354392635,33.39112747789802,37.30714588140092,0.08296999999999993,0.10096776097185546,0.0649722390281444,43.3837796115597,38.24273833915884,13.600617559472639,76.53693595246844
QNCCF,1D,1733149800,2024-12-02,0.1197,0.1314,0.105,0.1314,553705.0,72756.837,14.55972101133391,73.35092348284957,66.75126903553299,29.944620253164544,9.9958327924779,8.93637759865135,7.608688315022146,22.055137844611522,214.01035767364814,11898.159135883903,10683.813527367416,939.003407325321,877.9890608364381,74.29750312161393,0.00574794445547866,0.0004462076661206777,0.005301736789357982,0.09095672934832127,0.08846349907026235,0.08688698100507557,0.08401161165034218,44.46429740981572,48.535838375141836,51.23094217340128,56.40695068068581,0.08527999999999994,0.11304100502503525,0.05751899497496463,65.1055464939853,54.08067542213894,16.24100473177743,128.4462725004016
QNCCF,1D,1733236200,2024-12-03,0.1309,0.1395,0.1245,0.1373,336614.0,46217.1022,4.490106544901078,71.625,77.84974093264249,43.46917450365728,10.049025167701776,8.773707398912132,7.532833500420002,11.459129106187941,-36.477307005525816,7602.850366666667,9402.652808619128,2286.0539874690753,418.39412727030884,75.94419117114651,0.008664402903478613,0.002089846713592265,0.0065745561898863485,0.09537037417229068,0.09037865596946774,0.08788525860893545,0.08454184437023927,43.96504280455235,51.916399427740444,56.22642770040216,62.40478430860074,0.08812499999999994,0.12382864827297119,0.05242135172702869,81.02955636419013,55.80141843971642,10.879026715475575,161.9161762843431
QNCCF,1D,1733322600,2024-12-04,0.1377,0.139,0.1244,0.1244,59430.0,7393.092,-9.395484340859438,55.49999999999999,60.61975468043897,36.7032967032967,11.601203495314188,9.440283205245985,7.700759271268706,10.602759622367477,-84.00355788641374,-68.16067183462532,742.6581939140615,3024.7218934911243,-19.23637036529463,65.98939150859732,0.009821578007712425,0.003636192972416297,0.006185385035296129,0.09813510044159632,0.09171282632360626,0.08860832279489712,0.08493844293371948,26.764021680535045,35.64078764845596,40.393132469001074,46.459006903474545,0.09015499999999994,0.12911268088580274,0.05119731911419716,86.42378323066457,37.98458210859084,-3.6500526930975954,142.98147276524784
QNCCF,1D,1733409000,2024-12-05,0.139,0.139,0.1,0.1,143788.0,14378.800000000001,-19.614147909967837,5.65240359218173,25.000000000000007,5.263157894736847,13.77533329757948,11.215276356533195,8.542126753418973,28.057553956834536,94.48966684034234,-77.40311354899688,370.01830543933056,1110.8463157894737,49.87757370554092,52.082891262760285,0.008669831117779234,0.004642920601488885,0.004026910516290349,0.09831270992334905,0.09203781352660209,0.0888339005613348,0.08508830917318495,1.7162481615718639,8.650994812144868,12.569637681231432,17.524958448127652,0.09111999999999994,0.13004918442505625,0.052190815574943636,85.4459710822132,9.74539069359095,-23.10601528022097,91.60459344883117
QNCCF,1D,1733495400,2024-12-06,0.1,0.1213,0.1,0.118,712103.0,84028.154,17.99999999999999,35.01144164759724,55.467720685111985,24.210526315789465,14.196183786196356,11.70343114671195,9.098007296236327,21.3,484.38919798592366,417.71943712045004,9070.728156314637,8745.068842105264,579.6761901184169,58.95474685809967,0.009104561262500768,0.005535248733691262,0.0035693125288095064,0.10018768993064914,0.09305593848634318,0.08941144708487272,0.08541578868389953,17.77894078771624,26.8054483350545,31.97415302762065,38.14776145975274,0.09282999999999994,0.13329696677538405,0.05236303322461582,87.18510562400978,27.114079500161658,-11.475855111662563,125.34981786450116
QNCCF,1D,1733754600,2024-12-09,0.1102,0.1266,0.1102,0.12,131556.0,15786.72,1.6949152542372898,29.032258064516125,63.043478260869556,21.2121212121212,14.24397723942274,11.5667071348608,9.080791208243262,14.88203266787657,-81.21258263034078,458.901874816788,1410.517452541335,4838.42732058898,22.581626441361685,59.64721391677707,0.009500950278878026,0.006328389042728614,0.0031725612361494116,0.10207457660392065,0.09411256834962384,0.09001716100398416,0.08575991018953237,17.561104824010446,27.506880435146076,33.30791447054056,39.92551966856757,0.09494499999999993,0.13643645574693714,0.05345354425306274,87.4010337499336,26.38896203064941,-12.046967694194242,124.49400068195537
QNCCF,1D,1733841000,2024-12-10,0.117,0.1339,0.111759,0.13105,143772.0,18841.3206,9.208333333333337,14.254577157802967,65.25851197982347,42.44565217391305,12.337733820601285,11.604698938881288,9.06601073732147,18.923931623931615,19.349178296694944,-18.682971049856455,1335.6221621971708,204696.96304347826,39.50050354097436,63.32836328024042,0.010584720017875845,0.007179655237758061,0.003405064780117785,0.10483414073688059,0.09556109508101114,0.0908296924692518,0.08621055784933802,25.00698634895825,37.13739873837091,44.281012560252606,52.0115439097652,0.0975575,0.1411788511367999,0.05393614886320011,89.42695566573536,34.33103554314122,-7.174481910881407,142.97248276362126
QNCCF,1D,1733927400,2024-12-11,0.139,0.2982,0.1344,0.28228,10515294.0,2968257.1903199996,115.39870278519646,114.82496194824962,272.40105540897093,223.12271062271063,41.69958512579658,30.615687550732467,22.279517337727228,117.84172661870504,15653.976344524384,3979.6952048918783,489388.3229419524,120815.66904892259,2541.5889636393263,84.3586357935548,0.02337713539722884,0.010419151269652217,0.012957984127576623,0.1217337463809872,0.10288340507783424,0.09462078766788047,0.08816149757223019,131.88311244160263,174.36883507738406,198.32767931588614,220.1851236348721,0.10781149999999999,0.19849688499118812,0.01712611500881188,168.22952095312303,161.8273560798245,42.20878076375418,1548.243047852702
QNCCF,1D,1734013800,2024-12-12,0.3199,0.34187,0.18,0.189,7917501.0,1496407.689,-33.04520334419724,37.654770575382365,136.25,104.32432432432432,45.240835553939796,32.810230323343234,23.334037763564996,50.60018755861206,-49.586319747492084,3137.7791288697454,249301.2815,3384289.209544272,822.3128206495078,61.08809572830669,0.02569213735658256,0.013473748487038285,0.012218388869544274,0.12814005624946462,0.10626052644733093,0.0964896829615858,0.08916486575559109,47.4948626774851,77.86473144726955,95.87586382188046,111.96689794617758,0.113389,0.20947935017107594,0.017298649828924054,169.4879576873876,66.6828351956539,-9.776309767216206,992.5708183536049
QNCCF,1D,1734100200,2024-12-13,0.18,0.275,0.18,0.2629,4852978.0,1275847.9162,39.100529100529116,111.33440514469454,228.625,213.72315035799528,45.18550942653833,33.48704702402521,23.999100955037004,52.7777777777778,-14.739283580358556,17157.297977625603,5394.607735572782,276113.9961498627,523.1003908021323,68.50135750637801,0.033108254135488374,0.017400649616728305,0.01570760451876007,0.14097433660665848,0.11240325090037678,0.09978493676432668,0.09089357355901805,86.48784333955345,133.8900324448879,163.46661983754177,189.23937051423837,0.122534,0.2371925106130375,0.007875489386962503,187.1456258883861,114.55269557837009,10.838238239698232,3238.2052477299817
QNCCF,1D,1734359400,2024-12-16,0.2806,0.56,0.2806,0.5228,12651547.0,6614228.771600001,98.85888170406999,422.80000000000007,452.3507659799261,513.6150234741785,49.64124369709431,40.17229171417985,29.20227709003688,99.57234497505347,418.4182760042352,45899.866272567946,10294.537549225457,3450201.9152842984,1455.4623294439477,81.70344667386397,0.059274063530522975,0.02577533239948724,0.033498731131035735,0.17733868550126244,0.12849724106114632,0.10816147266998358,0.09519114994151538,194.8031325044858,306.8569843855417,383.3514070163774,449.2107200314355,0.144879,0.35165667315646054,-0.061898673156460554,285.44878575426463,260.8528496193375,48.667731883874616,-944.6061495995634
QNCCF,1D,1734445800,2024-12-17,0.55815,0.5953,0.4301,0.4803,8835896.0,4243880.8488,-8.129303749043618,307.0338983050848,449.5423340961098,497.3880597014926,51.76160989402976,40.19444527990722,29.24782027809672,29.597778374988813,-35.83710217248211,4950.5463309357,26047.66003602785,1319514.6917910448,648.9053299618965,76.08739766590624,0.07570854025278059,0.03576197397014591,0.03994656628263468,0.20619214402495173,0.1422934276861994,0.11553055241909281,0.09902307879781871,132.93806962009083,237.54194259710198,315.73418454513046,385.03844339222877,0.16521400000000003,0.4153904727067676,-0.08496247270676754,302.851420226818,190.71386202137828,15.626147338014015,-665.308405815433
QNCCF,1D,1734532200,2024-12-18,0.497,0.497,0.2845,0.3,5730487.0,1719146.0999999999,-37.53903810118676,150.0,222.5806451612903,257.99522673031026,56.62154176968436,42.666669647240084,30.416281042550533,42.756539235412475,-59.49117891737923,10789.82448539025,60763.433213103744,205048.69928400955,175.5241330670094,57.90350547096603,0.07333887340836381,0.04327735385778949,0.030061519550574324,0.21512622554638489,0.1484779991494857,0.11918341276722959,0.10102284915803943,39.453011476424976,102.05013653097785,151.7128793634338,196.96252135067198,0.17624900000000002,0.4297413917517052,-0.07724339175170522,287.65257306617934,70.21373170911606,-30.190573736184774,-488.3827382468316
QNCCF,1D,1734618600,2024-12-19,0.29805,0.3494,0.222641,0.24,6067840.0,1456281.5999999999,-20.0,83.13620755436855,109.2414995640802,197.39776951672863,58.76055593346071,43.54841376455117,30.758477494808616,42.52944136889783,-15.290410745194958,7629.190702269564,6185.148240976344,328002.19668807025,116.55300712705869,53.335460473392004,0.0658602013974007,0.047793923365711734,0.01806627803168897,0.21749515644672918,0.1520670972220549,0.12157582043520523,0.10240570638034749,10.347284933116613,57.825068265452394,97.40767460245917,134.3619398596893,0.184459,0.4350255858728973,-0.0661075858728973,271.6772679813913,30.110214193940106,-44.83083115251031,-463.0445686845069
QNCCF,1D,1734705000,2024-12-20,0.2398,0.32,0.229,0.3,3861810.0,1158543.0,25.0,6.277455009210718,128.31050228310502,257.99522673031026,45.20514030765535,43.66825308989706,30.916881647611106,37.94829024186822,-20.445125448264942,-60.968914561103084,1492.3493210679294,69025.47732696898,62.9352629369212,56.98958879754255,0.06403662416490935,0.05104246352555126,0.012994160639358092,0.22535276059465972,0.15786838752707233,0.12510897250579522,0.10437181875467239,33.124617248247375,90.0317123012066,139.7909550301067,187.43391039793485,0.195459,0.4460327854525091,-0.055114785452509085,256.3952393622285,53.484874065660826,-32.74037026322089,-644.3185481661756
QNCCF,1D,1734964200,2024-12-23,0.32,0.416,0.308,0.3784,3486116.0,1319146.2944,26.13333333333334,100.21164021164022,175.60087399854334,387.00128700128704,41.93348437967248,43.71757105304711,30.95370631735423,33.75,13.862523393607319,-11.845795494305296,2754.238434706536,188538.1087373087,74.72293522036242,61.25854972650434,0.06813226451934026,0.05446042372430906,0.013671840795031205,0.23992868815707308,0.16651668605542244,0.13012463641657157,0.10709846732427764,57.71352850988563,127.24449360831957,190.7981228002188,253.31971544864706,0.210379,0.46713593197263437,-0.04637793197263432,244.0898872726216,79.86586113633014,-18.99574104649108,-915.9052892295373
QNCCF,1D,1735050600,2024-12-24,0.379,0.477,0.37,0.46296,3228108.0,1494484.87968,22.346723044397454,76.09737542791933,272.15434083601286,487.51269035532994,41.10987717420705,43.22999765486844,31.011608924627758,28.23218997361477,13.291822599535932,17.13660074244513,20114.61223098536,221408.34102284088,85.69945832870225,65.26326112821597,0.07731019055749164,0.05903037709094557,0.018279813466546065,0.26116976547544707,0.178141914053249,0.13671543569545133,0.1106393780971704,77.26401031038314,159.88269097727053,238.63038042850863,318.4405299109687,0.2287945,0.5020130783928318,-0.0444240783928318,238.83316984703023,102.34752146576949,-7.779295017145409,-1142.1375451082008
QNCCF,1D,1735223400,2024-12-26,0.49,0.785,0.49,0.6961,7826635.0,5448120.623500001,50.3585622947987,33.14843152257077,596.1,801.6839378238341,28.623615621027326,42.75510739515393,31.76997656341189,60.20408163265307,264.54839373594433,-17.630296567711778,37789.953427963395,1120082.7090015626,452.3378364294588,73.42100989929106,0.10221790821635679,0.06766788331602781,0.03455002490032898,0.30259169257302354,0.1984539958550824,0.14779235776088795,0.11646485692207417,130.04597187743755,250.76139283600773,370.99864333053984,497.6910274880222,0.2592295,0.5918248093761246,-0.07336580937612458,256.6029787320691,168.5265372961025,17.619266541697996,-1048.8070886416633
QNCCF,1D,1735309800,2024-12-27,0.68,0.8524,0.6033,0.7992,6689561.0,5346297.1512,14.81109036058037,66.39600249843848,577.2881355932203,931.891542930923,27.85680479059602,42.78406199998294,31.70791321250089,36.632352941176485,-1.8689650860664442,25.976608243177225,6262.506965463029,609266.297830202,359.0848472923474,76.09464999631317,0.12879212680132113,0.07989273201308647,0.04889939478823466,0.3498877218517832,0.22201266268429484,0.1606915189933456,0.12325824143031223,128.4161318294419,259.97946708853885,397.3504544649277,548.394777278931,0.29453950000000007,0.6925591405442826,-0.1034801405442825,270.26571345730025,171.33881873229222,15.398087067612497,-872.3221052816376
QNCCF,1D,1735569000,2024-12-30,0.865,1.28,0.8387,1.0465,8893791.0,9307352.2815,30.943443443443435,248.83333333333331,772.0833333333334,1208.125,19.724183813903142,42.46774811847881,31.846241618884978,51.017341040462426,74.0896927027508,441.39390954032365,58856.846523533706,304141.3794946391,531.1359629458566,81.02516795753192,0.1678723023103238,0.09748864607253394,0.07038365623778986,0.41623174834208954,0.2543454994417735,0.17823228099347738,0.13244472659020962,151.42243573883033,311.44820816441137,487.1551405653042,690.1409342162195,0.3411295,0.8474471783591504,-0.16518817835915045,296.8477826509583,206.7749930744776,23.48852255620945,-733.5199106831425
QNCCF,1D,1735655400,2024-12-31,1.09,1.27,0.985,1.23,4549100.0,5595393.0,17.53463927376971,412.5,838.5730637161387,1520.5533596837943,10.857776083843165,42.317024776241766,31.68019851738764,26.146788990825687,-39.88201122330109,284.224658197975,29597.45655726489,610574.2286727593,236.83222741501982,83.70998957705395,0.21121577540358427,0.120234071938744,0.09098170346484027,0.49373348659522387,0.29260646024797843,0.199059364538161,0.14336567458433688,149.12225591220377,320.359823551947,517.9061220524497,757.9459508464386,0.3960595,1.023362642299638,-0.231243642299638,316.77217301927516,210.55939827222926,20.191997358435824,-631.9065154691716
QNCCF,1D,1735828200,2025-01-02,1.34,1.72,0.65,1.18,16922306.0,19968321.08,-4.065040650406507,293.3333333333333,318.02465636956214,1503.2608695652173,15.353204027346592,34.416841158808595,31.69880542052581,79.8507462686567,256.87075206334924,1623.5718553389902,572.728803458142,1910524.720606246,758.2040214433504,80.37291557208121,0.23877871557176739,0.14394300066534868,0.0948357149064187,0.5590922021575835,0.32740620690492045,0.2184839315770093,0.15368044399145792,111.05642243735136,260.4085613265954,440.0854843112725,667.8270372940805,0.44819450000000005,1.1497344098975053,-0.2533454098975053,313.0515478871361,163.27855428837253,2.6323983906155077,-565.7672702565982
QNCCF,1D,1735914600,2025-01-03,1.25,1.36,0.7,1.0001,10291746.0,10292775.1746,-15.245762711864403,164.29704016913317,429.1534391534391,1161.1601513240857,20.084238889418536,32.8805216938129,32.10472819666038,52.80000000000001,-48.454478804885085,680.2603258103045,587.8322832916157,784162.2321902752,285.5252622352782,69.61909543020032,0.24330148960015274,0.1638146984523095,0.07948679114784324,0.6010929448092422,0.3537863556537471,0.23396147748637544,0.16210252912587128,66.38025926545906,182.6847287968347,327.4635340590376,516.9552106268685,0.49197950000000007,1.2161625575337978,-0.23220355753379768,294.3956232053562,103.28082775806713,-17.765927440813627,-530.6996889375537
QNCCF,1D,1736173800,2025-01-06,1.2,1.28,1.11,1.22,4411015.0,5381438.3,21.987801219878012,163.52168653879383,364.0547736782046,1509.498680738786,20.07013180054898,32.355704568682484,31.983417926297165,14.16666666666666,-47.716352405325566,260.08650024965635,321.79308612488364,887340.3529023745,88.8776217829523,74.16873925273954,0.26161418731925645,0.1833745962256989,0.07823959109355755,0.6600364738750287,0.38775551817712955,0.2534869927836749,0.1726288721196437,84.838270048542,214.6312412871182,381.2870225026278,606.7183982725995,0.5479795000000001,1.3142498731836432,-0.21829087318364304,279.671182291908,122.6360657652339,-7.171381569574133,-658.8873149880354
QNCCF,1D,1736260200,2025-01-07,1.25,1.28,0.9941,1.045,2483196.0,2594939.82,-14.344262295081972,50.1221088924005,99.885233358837,1206.25,17.078888324850794,23.573686179103248,32.34845793262853,22.872000000000003,-51.77980912649319,-52.370000605218806,-60.76731075371805,432389.97,-11.605793882869559,65.7324059538567,0.25902027029212393,0.19850373103898392,0.06051653925314002,0.6966996668393117,0.413529811581948,0.2691605176790477,0.1813091818497965,49.99289503622239,152.70245837957327,288.2441633754318,476.36352960089914,0.5943295,1.3630989037999952,-0.1744399037999953,258.70141185991787,75.82839148990585,-23.3364507089846,-699.0601790277003
QNCCF,1D,1736346600,2025-01-08,0.8,0.97,0.5751,0.77245,7945634.0,6137604.9832999995,-26.081339712918663,-3.3470970970971035,60.82656672912762,865.5625,20.23762298518646,24.86070192577341,33.02897116347186,49.362500000000004,136.52205480819205,14.80104471788267,44.62246236332175,26332.40733548665,95.49890179018664,55.20128010647412,0.23229432082309276,0.20526184899580568,0.027032471827287075,0.7039139842831867,0.42760511308853827,0.27912664604183884,0.1871911800403458,9.736419114702652,80.64564158755965,176.73817994582143,312.65298922391105,0.626952,1.3672878520185283,-0.1133838520185283,236.1698669175721,23.207199275223626,-43.50494675575218,-781.269851260453
QNCCF,1D,1736519400,2025-01-10,0.73,0.8079,0.6111,0.62,2333825.0,1446971.5,-19.735905236584887,-40.754897276636406,106.66666666666667,555.0449022715267,17.2684106144301,22.95472671248966,33.493768736431356,26.95890410958904,-76.42449287731762,-84.45345726435959,-15.831964485159226,2173.976318144605,-54.57729628292021,50.342819001206834,0.1965467043351271,0.20351882006366998,-0.006972115728542866,0.6959221762562166,0.43515001061447794,0.2858766134469509,0.19149773546282992,-10.90957851992123,42.47960125853939,116.87678209293296,223.76361971149433,0.6513995,1.3560500233794972,-0.053251023379497275,216.34972804845484,-4.820313801284776,-54.278972802577066,-1264.2968729098877
QNCCF,1D,1736778600,2025-01-13,0.5696,0.5743,0.416,0.44,4633291.0,2038648.04,-29.032258064516125,-64.22764227642277,83.33333333333334,403.4324942791762,15.952993680497615,23.83783404341258,34.101546614866606,27.79143258426967,40.89068374878151,-63.56559691160209,39.989960732869264,12460.643849863807,-37.329885068780456,45.27587406956277,0.15194048965840035,0.19320315398261606,-0.041262664324215714,0.6715486356603864,0.43534020627665526,0.28892856169552616,0.19397039481145847,-34.479801367280935,1.0703798216109353,52.28677892484489,126.83874022511799,0.6592855,1.3506404831880872,-0.03206948318808711,209.7285571085932,-33.26108340013544,-67.42286304336055,-1472.0208630098764
QNCCF,1D,1736865000,2025-01-14,0.4498,0.6125,0.4425,0.59,3682070.0,2172421.3,34.09090909090908,-50.0,96.66666666666667,534.4086021505376,22.873406451408233,24.430683098660733,34.36185481808116,37.79457536682971,6.5618614579493455,-89.12066121484861,87.5132213478481,76810.86796129428,-34.66996773784419,49.80938443567093,0.12722689708081225,0.1800079026022553,-0.05278100552144305,0.6637820989308257,0.44140529622659036,0.2948903723550207,0.19791098789791162,-11.11540956733676,33.664005630129594,100.07435145752899,198.11381685606034,0.6793355,1.3374313202108563,0.02123967978914365,193.74692481427994,-13.15042420129671,-55.88558521965958,2677.8196557443857
QNCCF,1D,1736951400,2025-01-15,0.665,0.801,0.645,0.774,3570462.0,2763537.588,31.18644067796611,-22.60773922607739,104.54545454545455,574.8038360941587,26.01122919155798,24.733788613314918,34.484096677637694,23.45864661654136,27.21002081870585,-73.15070482818162,109.49439798540057,11827.118635633527,-19.115536777204834,54.76031257116831,0.12109257928263562,0.16822483793833137,-0.04713225865569576,0.6742790418897947,0.4544482257863319,0.3043776917143272,0.2036432168740518,14.789271490734526,70.3164312415892,154.28933232282853,280.0764945088741,0.7048905000000001,1.3354350621516369,0.0743459378483633,178.90567744965685,9.804288751231564,-42.04136000795572,941.0790722401781
QNCCF,1D,1737037800,2025-01-16,0.78,0.789,0.6879,0.72,2316289.0,1667728.0799999998,-6.976744186046517,-40.98360655737705,55.52099533437014,447.9452054794521,24.39405719395877,24.688401934973598,34.63294416267821,12.961538461538472,-39.65241915862807,-69.00962183288433,11.592168156100366,2192.194312955083,-51.93609497167101,53.10470382675984,0.1105988251184501,0.1566996353743551,-0.04610081025590501,0.6786334188526714,0.4648620208535346,0.3126078364328554,0.20878109531311595,6.095570892642575,54.884668504001624,130.32052178085684,244.8588096159722,0.7147505,1.3397399685664708,0.08976103143352909,174.88325466480146,0.7344520920237227,-46.258227947740934,702.129820147157
QNCCF,1D,1737124200,2025-01-17,0.75,0.75,0.601,0.61664,2391574.0,1474740.1913599998,-14.355555555555558,-40.991387559808615,-11.4150265766413,349.11871813546975,24.39471429776823,21.86648616213847,34.90785942159714,19.866666666666667,-11.57190377462494,-43.16861685987,-72.93121255431029,3090.8971379862924,-58.07337711016376,49.98931402069206,0.0928715952163851,0.14393402734276112,-0.05106243212637601,0.6727292837238456,0.4708140984671215,0.3186282753153731,0.21283939287218942,-8.337571305558056,30.973138231768978,93.52959161884165,189.72080387876963,0.7215675,1.339109139498908,0.10402586050109186,171.16670013516634,-14.541605601693544,-53.95147551373255,492.7756781147008
QNCCF,1D,1737469800,2025-01-21,0.779,0.779,0.645,0.653,1769042.0,1155184.426,5.896471198754551,-15.463784063693437,-18.293293293293292,424.91961414791,22.85520525476377,21.597143638612902,34.73256982091996,17.201540436456998,-21.668614392702402,-81.17857976941856,-78.39281294454959,15525.186674262948,-67.51167648097069,51.076620338444656,0.08082488694307055,0.131312199262823,-0.05048731231975245,0.6708503043215746,0.4779586436252736,0.3252494975863558,0.21721910040579948,-2.6608476148231603,36.62269920406781,100.76894963584822,200.6181310852007,0.7392175,1.3270168326935647,0.15141816730643531,159.03285100625044,-11.66334671460023,-50.79188267155982,331.2560451735486
QNCCF,1D,1737556200,2025-01-22,0.656,0.7177,0.6103,0.62,1373515.0,851579.3,-5.05359877488515,0.0,-40.754897276636406,520.0,21.571334638912383,19.939719607450968,34.408876538178845,16.3719512195122,-26.281961491748845,-41.147472496866726,-90.85046666072085,5822.464322474754,-76.23674996802998,50.01381474918782,0.067833022775168,0.118616363965292,-0.050783341190123996,0.6660074181957103,0.4835288928948707,0.33108614119850716,0.2212268705510154,-6.907943806444322,28.22398187791457,87.26244407441706,180.255286555268,0.7582175,1.3032523571559436,0.21318264284405652,143.7674169103044,-18.22926798708814,-52.426711787960144,190.83043146881852
QNCCF,1D,1737642600,2025-01-23,0.61,0.61,0.545,0.58,1569821.0,910496.1799999999,-6.451612903225811,31.818181818181806,-52.84552845528455,391.52542372881356,18.05356478038724,19.228798725557112,34.52199108975202,10.655737704918025,6.918542994175632,-55.33823582416905,-83.72775281378806,983.5608503311878,-74.78650820090135,48.69126069592106,0.05369030272595465,0.10563115171742453,-0.051940848991469876,0.6578162355104046,0.4873120735656601,0.336015128501507,0.2247967524360799,-11.829479314998423,19.02024010120307,72.61127574421063,158.01084478074065,0.7722175,1.2827453009227312,0.2616896990772688,132.223836140137,-24.891627035129357,-54.78447673261542,121.63654207449109
QNCCF,1D,1737729000,2025-01-24,0.6,0.6412,0.58,0.5863,935397.0,548423.2611,1.0862068965517386,-0.6271186440677841,-50.313559322033896,388.58333333333337,13.765383820772351,19.26260135160226,34.52713300374428,10.200000000000006,-39.76655002550367,-74.75520696192768,-97.2535334397778,3373.953177734197,-84.88734684831913,48.920366695430765,0.042500532855762385,0.0930050279450921,-0.05050449508932972,0.6510051654617947,0.4911939530336734,0.3409712645707841,0.2283937996755219,-9.93927066859686,19.362218606100534,71.9499737721408,156.7057428148023,0.7826125,1.2685147845336289,0.29671021546637133,124.17442464402977,-25.084253062658725,-53.780593876518836,97.60020701627995
QNCCF,1D,1737988200,2025-01-27,0.5429,0.5862,0.5046,0.517991,1119227.0,579749.5129569999,-11.650861333788173,-33.07609819121448,-48.20607939206079,295.26211369706215,6.465910788183566,19.122076832794686,34.74800784124894,15.030392337447044,5.712057470751205,-79.02147177319307,-94.36741303368137,2977.011029455122,-84.10599301988562,46.49608243256903,0.02780013158588801,0.07996404867325128,-0.052163917087363273,0.6383371497035285,0.4922448176205882,0.3444766058664121,0.23127536385785502,-18.853070005313416,5.230361287268319,50.3704435014309,123.97154256272806,0.78536405,1.2645718436621964,0.30615625633780347,122.0345631206818,-34.04447275120373,-59.03823079755599,69.1917082460221
QNCCF,1D,1738074600,2025-01-28,0.517,0.5771,0.5137,0.52385,551436.0,288869.74860000005,1.1311007334104375,-27.243055555555546,-57.06147540983606,85.57814935525013,6.790249134725125,17.90531102117586,28.651911174147855,12.263056092843309,-50.17335208672689,-82.67884602626586,-94.63210888063142,-90.26803507654073,-91.88177098757863,46.7398782481226,0.016433297182586015,0.06725789837511822,-0.05082460119253221,0.6274336116365258,0.4934842365374279,0.348028554265097,0.2341865542672296,-16.50909510033263,6.153340109835316,50.51925871604719,123.68918729733576,0.77675155,1.268104492828869,0.285398607171131,126.51482776670842,-32.55887291116444,-58.69031274927485,83.55030011968087
QNCCF,1D,1738161000,2025-01-29,0.5,0.535,0.4509,0.46,1339029.0,615953.3400000001,-12.188603607903028,-25.402179553710425,-55.980861244019145,143.3862433862434,6.355680466205202,17.82742920360669,27.94958969754273,16.82,113.22874513001184,-58.23309464211657,-76.26328999028577,-58.8378658752,-82.54563985684096,44.36727299412166,0.0022469363574053602,0.054255705971575655,-0.052008769614170294,0.611487553385428,0.49217112922223466,0.3502458106162832,0.2364334542247696,-24.7736119151952,-6.536573828106058,31.336331815246066,94.55791546432044,0.75979155,1.2699314036975817,0.24965169630241835,134.28416088533274,-39.45707872113081,-63.77757108292259,84.25670917243595
QNCCF,1D,1738247400,2025-01-30,0.4475,0.53,0.445,0.52075,1013555.0,527808.7662500001,13.206521739130439,-20.252679938744254,-32.58463330959932,98.07911753518448,8.208417259625454,17.237111677888464,27.316616480447816,18.994413407821234,-14.310268006664268,-54.30956699462982,-91.400411598887,-58.63074591037216,-84.93697376805947,47.117809487770096,-0.004047186070954445,0.042595127563069636,-0.04664231363402408,0.6028458816344349,0.49329186925273527,0.35362213119813896,0.23926247458074204,-13.61805465301622,5.566305154970385,47.26171075198267,117.64800389718724,0.7335040500000001,1.2359643620352785,0.23104373796472166,137.00273694065586,-29.005163638837438,-57.86690814106692,125.39022463336096
QNCCF,1D,1738333800,2025-01-31,0.5305,0.6118,0.52392,0.5372,1370799.0,736393.2228,3.158905424867972,-13.354838709677416,-13.354838709677416,2.7543993879112407,8.393828150547348,16.484469648294805,21.104573786731034,16.565504241281804,39.518945096717566,-13.526171573216969,-49.10796634211524,-88.86652929269842,-77.73951998623258,47.86940477772237,-0.00762010608096908,0.03255208083426189,-0.04017218691523097,0.5965938929073459,0.49501375673302017,0.3572573365209481,0.24222702707247595,-9.955497971644515,8.522236542555826,50.36780076551369,121.7754172573262,0.6988640500000001,1.1528156521632582,0.24491244783674188,129.91127592362437,-23.1324032191955,-53.4010490756311,119.34368985528101
QNCCF,1D,1738593000,2025-02-03,0.5308,0.5397,0.4773,0.5161,835497.0,431200.0017,-3.9277736411020117,-11.017241379310338,17.295454545454543,7.453674786591713,8.233480758012565,14.435451958113783,21.048983560046022,11.75584024114543,-41.44432779263758,-52.64120694059364,-78.84872752728815,-89.83948849973189,-86.44445015107142,46.94770347215099,-0.012015754452564864,0.02363851377689654,-0.035654268229461404,0.588927807868551,0.49584066823368605,0.360402735797761,0.24495213128071003,-12.3661689761483,4.0858552079810195,43.20091074158996,110.69422719517397,0.6656690500000001,1.068219176226026,0.2631189237739742,120.94602452255391,-22.468980644360748,-51.68594503018006,96.1470473493358
QNCCF,1D,1738679400,2025-02-04,0.53,0.57815,0.5031,0.505,427981.0,216130.405,-2.1507459794613446,-13.866621183694361,-14.406779661016945,68.33333333333334,8.176501457734522,11.39203672114294,19.727393343212835,14.160377358490578,-49.87699347219181,-60.59058389199312,-90.05117446602094,-87.42803738437355,-93.0968258496095,46.44110955662286,-0.01620817691518195,0.01566917563848084,-0.031877352553662794,0.5809346833096414,0.496199857714718,0.3632660479601816,0.24753967226299153,-13.071122363883337,1.7735076196538393,39.01657004162256,104.00770324341264,0.64091405,1.0182593304615286,0.26356876953847147,117.75222604701163,-21.20628343223245,-50.4055612462586,91.60084894894513
QNCCF,1D,1738765800,2025-02-05,0.505,0.516125,0.48,0.51,772930.0,394194.3,0.990099009900991,-1.5426908961738661,-34.10852713178294,112.50000000000003,7.123992396711477,7.31715870211717,19.24474795112665,7.153465346534646,82.38724903143545,-32.00610070555809,-85.73588064400882,-72.93145089521147,-87.26549337128623,46.720005052424995,-0.01890926942104798,0.008753486626575076,-0.027662756047623055,0.5741789991849137,0.4967410397651212,0.36617167077285123,0.2501512178126135,-11.177524652768584,2.6691896125893253,39.27893409219262,103.87668085711155,0.60541405,0.8769063167159964,0.3339217832840037,89.68812888171206,-15.760131434016111,-41.840993698170195,52.730377450769694
QNCCF,1D,1738852200,2025-02-06,0.56,0.56,0.4614,0.47605,1029062.0,489884.9651,-6.656862745098047,-9.124749451178785,-33.88194444444444,58.68333333333333,7.465320834642597,7.304141652814749,18.945648352267547,17.60714285714287,24.27499968923954,69.5868007897037,-70.62560911608564,-57.71542660911162,-84.05941386595191,45.00629384076833,-0.023518281846771516,0.002299132931905758,-0.025817414778677272,0.5648333802149219,0.4959296264409988,0.36834747927239875,0.2523989668891049,-15.718508028179818,-4.00855794473572,29.239380418822826,88.61012224711655,0.5769665500000001,0.7645055055814727,0.3894275944185275,65.00860598642073,-17.490884003587396,-37.73099127155105,22.243520187831695
QNCCF,1D,1738938600,2025-02-07,0.4649,0.4916,0.45,0.468,461061.0,215776.548,-1.6909988446591633,1.7391304347826102,-24.104826154644517,23.67864693446089,5.992518074588364,6.541669024655499,18.477065888102715,8.948160894816084,-55.95362924519358,-64.96868610209988,-85.368504278641,-83.64271279720771,-92.89370445508878,44.58865592159259,-0.0275034821022897,-0.0036613900749333335,-0.023842092027356366,0.5556111535277864,0.4948343469727243,0.3703207965145295,0.2545442508006561,-15.768429588122897,-5.422894982308782,26.37691547567141,83.85801232120922,0.5617440499999999,0.7319672793037295,0.3915208206962703,60.60526294981838,-16.688036126061313,-36.06271574800769,19.53387285195233
QNCCF,1D,1739197800,2025-02-10,0.45,0.47,0.4283,0.4363,608374.0,265433.5762,-6.773504273504274,-16.216994719155068,-33.18529862174579,-5.758596855019864,3.43370960935403,6.2949393805613205,18.160841496232123,9.266666666666659,23.013172033876454,-49.7102751654042,-77.022406965864,-82.2391260153241,-91.13876145382676,42.90040823945219,-0.03284113492809693,-0.009497339045566051,-0.023343795882530875,0.5442481865251402,0.49253888238555865,0.37162731539542987,0.25635276571806254,-19.834367701683423,-11.418160960850788,17.402564861454064,70.19516008648954,0.5525590499999999,0.7289307645366293,0.3761873354633706,63.838141656219136,-21.04011326934197,-40.14520703110266,15.979449298202816
QNCCF,1D,1739284200,2025-02-11,0.4534,0.4534,0.3857,0.399622,768475.0,307099.51645,-8.406600962640395,-25.6102010424423,-35.54483870967742,-42.59129435425945,3.111559851780114,6.444195785345988,15.780546738770862,14.931627701808564,15.697313371766258,-58.29680299306524,-63.937648971739925,-94.3632026955249,-89.12567229744285,40.96762293927863,-0.03957467905169981,-0.015512807046792804,-0.02406187200490701,0.5304742639989364,0.48889508307632107,0.3721816655856194,0.25777833023828084,-24.667033422605165,-18.260172001440385,7.372833471311344,55.02544361684865,0.55054015,0.7328440670311762,0.3682362329688238,66.22729224423549,-27.412741831817357,-45.469709317712265,8.523269635400982
QNCCF,1D,1739370600,2025-02-12,0.39,0.45,0.3625,0.3705,942970.0,349370.385,-7.287386580318396,-28.211586901763226,-36.12068965517241,-53.64114114114115,3.30303398718294,6.480770508074307,15.556975780483143,22.435897435897438,13.764550670297876,-18.977183760989767,-61.62857212646406,-93.46518954859098,-86.85348824934653,39.44796100877034,-0.04672237682316416,-0.021754721002067073,-0.024967655821097084,0.5152386198085614,0.48425213864195554,0.37214836527699324,0.2588999388926263,-28.091570438244624,-23.49027078351453,-0.442932290127448,43.10547989494028,0.53956515,0.7368578027646417,0.3422724972353583,73.13024303539312,-31.33359335753987,-49.71892831833924,8.247084703750387
QNCCF,1D,1739457000,2025-02-13,0.365,0.415866,0.365,0.386,794514.0,306682.404,4.183535762483135,-23.564356435643564,-34.16339757803173,-63.11514572384137,4.494196599092744,6.6646980748908025,14.403496406317563,13.93589041095891,-12.218545942295604,41.89692745914208,-44.07924941315004,-96.70494470688958,-86.9911561921935,40.70860674143784,-0.050553508959517546,-0.027514478593557167,-0.02303903036596038,0.5029301798267937,0.48039911359717297,0.37242265507348843,0.2601646161175753,-23.249783870012287,-19.65014316748491,3.6456817923260942,48.36760115970435,0.5201651500000001,0.6966402533854623,0.34369004661453784,67.85348975626768,-25.792798690954218,-44.59120067722817,12.310497147714749
QNCCF,1D,1739543400,2025-02-14,0.36,0.386,0.35,0.35615,655081.0,233307.09815,-7.733160621761654,-30.166666666666664,-31.243979142494748,-71.04471544715447,4.232981999677433,6.359023803034787,13.95345293795617,10.000000000000009,-23.925502374110767,-40.81418778759611,-59.7572584477006,-95.83037155477729,-89.29172616033082,39.02364725103383,-0.05536019642863188,-0.03308362216057211,-0.02227657426805977,0.4889511150813847,0.4755265993384603,0.372100424279954,0.2611196945641666,-27.160407448765156,-25.104084504322948,-4.2865912638555566,36.393388707982346,0.5019726500000001,0.6669362651425805,0.3370090348574197,65.7261367297921,-29.04991935317593,-46.5990952038182,5.679659345239341
QNCCF,1D,1739889000,2025-02-18,0.35,0.3692,0.2951,0.30306,1916519.0,580820.24814,-14.906640460480142,-36.338619892868394,-42.14756132480672,-74.31694915254236,5.510994123484382,7.022647718805144,14.113341198502615,21.17142857142857,148.95095466258536,18.562578874295006,101.066484446686,-97.09129152214133,-62.09995437328971,36.15715636133712,-0.062730333945133,-0.03901296451748429,-0.02371736942764871,0.4712471993593481,0.46876320328597165,0.37073328716549947,0.26153701103616495,-35.68980348063511,-35.349021024776015,-18.25390098712376,15.876525008574527,0.48629365,0.663813221855359,0.30877407814464103,73.00920826556504,-37.67963040438633,-54.34559149741748,-1.8505692508178586
QNCCF,1D,1739975400,2025-02-19,0.3235,0.625,0.3235,0.54,4359711.0,2354243.94,78.1825381112651,15.384615384615385,17.39130434782609,-46.005399460053994,30.19782764918903,21.907131507509103,20.17490839447246,93.19938176197834,305.33090014322926,991.0564478953477,282.2114090654983,-77.12721884949273,85.68237101849573,52.81551676341058,-0.04888858602848706,-0.04098808881968484,-0.007900497208802218,0.4777950851346483,0.47155680315711,0.3740851032612322,0.26430778704575536,13.0191617286774,14.51430588736233,44.352179568857544,104.30726087783351,0.48064365000000003,0.6431372848652155,0.3181500151347846,67.61501368642463,12.34934654811314,-16.036589277642378,69.73125076584658
QNCCF,1D,1740061800,2025-02-20,0.61,0.809011,0.5704,0.636,4608969.0,2931304.284,17.77777777777777,45.77125830850332,22.131541046567442,-47.868852459016395,30.01443427182048,22.0920382141953,20.033231607059623,39.11655737704918,24.51149323124094,1004.345699577701,455.3724135403177,-45.52935255245795,147.11375409547315,57.63843161198029,-0.029828657193183394,-0.03875620249438455,0.008927545301201156,0.4928622198837294,0.47800555597447825,0.3792715368600197,0.26800621702539956,29.042148970160074,33.05284678196448,67.68988394579497,137.30792780069157,0.48144365,0.6468059855293158,0.3160813144706842,68.69436767078173,32.10268740692707,-1.6706687586498852,101.21404552656259
QNCCF,1D,1740148200,2025-02-21,0.6456,0.6456,0.45,0.5507,4083206.0,2248621.5442,-13.411949685534596,37.805225938511896,2.513030528667155,-47.301435406698566,30.472678118775264,22.502474289549617,20.01241841018308,30.29739776951672,-23.28938498559504,632.2126619388886,205.35608891809588,-13.34590779835503,91.4253811931989,52.50321496650849,-0.021360295203208424,-0.035277021036149325,0.013916725832940902,0.4983705798948028,0.48085631848528304,0.38266615989249453,0.27081909048783337,10.500102176224559,14.524854687306046,43.91134041084598,103.34607837579321,0.47997864999999995,0.6423139039952745,0.3176433960047253,67.64269785552946,14.734269951382217,-14.26310460125873,73.37051767064212
QNCCF,1D,1740407400,2025-02-24,0.5756,0.63,0.5395,0.62,2091308.0,1296610.96,12.583984020337757,67.34143049932524,20.131757411354386,-19.735905236584887,29.824291428105965,22.59270223978714,19.560336260191587,15.722724113968036,-42.33751947523478,271.1278962582933,200.6982733970615,-78.87431720470788,27.958460957419028,55.937854340353546,-0.008953911362593159,-0.030012399101438093,0.021058487738844934,0.5099543341905359,0.4863129334466445,0.38736583989462336,0.2742935273984022,21.57951377825673,27.48992620983272,60.05541432581174,126.03522798387827,0.48166365000000005,0.649000817382832,0.3143264826171681,69.48299602132397,28.720529356948553,-4.468533260062911,97.24714088285236
QNCCF,1D,1740493800,2025-02-25,0.60275,0.6187,0.5207,0.5475,1077989.0,590198.9775,-11.693548387096776,41.839378238341965,8.415841584158413,-11.693548387096776,30.83937743242252,22.885692918491895,19.330313805322987,16.25881377021982,-54.481413800481825,92.44631247249518,173.07540440689039,-59.21143039099249,-40.065932129141466,51.723829807994996,-0.004915246970514597,-0.024992968675253392,0.020077721704738795,0.5135301118866754,0.4887124262526584,0.3905368133620566,0.27701199976259716,6.614974921046299,12.029072843126173,40.19164935737489,97.6448675397508,0.4831391,0.6522425284145654,0.31403567158543455,70.00196358132283,13.321401641887398,-16.05883147012319,74.3432512733034
QNCCF,1D,1740580200,2025-02-26,0.5405,0.555,0.5,0.52981,840578.0,445346.63018,-3.2310502283104996,48.76035378351817,3.8843137254901947,20.411363636363635,30.535707295829113,22.931507370135968,18.52766312167147,10.175763182238677,-24.54296819245168,90.8843038687462,12.976425630710539,-78.15480546705847,-52.19740961177847,50.71980750048781,-0.0031062051024129955,-0.020615615960685313,0.017509410858272317,0.5150805774212778,0.4903240958113777,0.39329469824597624,0.279527402750034,2.8596346327916815,8.053021364018809,34.7106895574381,89.53776795678954,0.4834371,0.6528471746448101,0.3140270253551899,70.08567387352362,9.592333728627777,-18.846244484668265,68.7147784177945
QNCCF,1D,1740666600,2025-02-27,0.5178,0.5354,0.48,0.48,484756.0,232682.88,-9.401483550706862,58.38447832112452,0.829744774708541,-18.644067796610166,29.966991652251345,23.01803971950815,17.63730247011636,10.699111626110467,-47.752410317789014,-59.93891729065298,-52.50254721483388,-89.28923777353867,-73.16164986733152,47.90035481625269,-0.005626913552163382,-0.017617875478980926,0.011990961926817544,0.5117395700478228,0.48991922930897075,0.39501163491437274,0.2815221549614765,-6.202289583519345,-2.0246662542643614,21.515408047170634,70.50167865675908,0.48443710000000006,0.6535177807153311,0.31535641928466907,69.8050090363975,-0.9159290236028748,-26.55134807891547,52.20872975688782
QNCCF,1D,1740753000,2025-02-28,0.4751,0.5467,0.44,0.47992,1026731.0,492748.74152000004,-0.016666666666660206,-11.12592592592593,2.5470085470085437,-37.99483204134367,11.225261248123008,23.002825226366344,16.692605820252513,22.45842980425173,111.76836968839308,-79.06976702167916,128.36065646948808,-82.16963852202903,-37.72811976514714,47.89574968176132,-0.007544084975162568,-0.015603117378217254,0.008059032403054686,0.508709134805173,0.48952710266940325,0.39669298867844455,0.28349626287230756,-5.659252573909201,-1.9625272261771551,20.980207287963555,69.28618216606462,0.4823956,0.6506571856318969,0.31413401436810306,69.76082934085507,-0.5131887604281562,-26.2407285129853,52.775560126904466
QNCCF,1D,1741012200,2025-03-03,0.463,0.4989,0.4275,0.42888,741946.0,318205.80048,-10.635105850975169,-32.566037735849065,-1.7006646802658807,-40.43333333333333,8.4832480940647,23.130769930988027,16.75254343695303,15.421166306695469,-35.422300725026936,-89.14456604806027,19.881518018744142,-80.91980315639945,-57.36232998585753,44.92800789177943,-0.013031736831071838,-0.015088841268788171,0.0020571044377163325,0.5011063600618232,0.48714878491766195,0.3973303552392674,0.2849428672218368,-14.413379238074805,-11.961188598163202,7.940406350713822,50.51438352591001,0.47697960000000006,0.6448090027045317,0.30915019729546844,70.37173191664029,-10.084204859075749,-33.48728100861768,38.72868390573935
QNCCF,1D,1741098600,2025-03-04,0.4044,0.4556,0.37646,0.45,857369.0,385816.05,4.924454392837164,-18.28581804975485,12.606413060342032,-27.02387130254281,8.346788061177518,22.962418139351517,16.5833034793824,19.56973293768546,21.2473340894518,-82.84210826872321,25.632255778174144,-73.83837151381886,-45.66006081201207,46.40779319267297,-0.01549788302209959,-0.015170649619450454,-0.00032723340264913595,0.49623908767498287,0.4856919698228517,0.3983733185018562,0.2865852267519678,-9.31790518389548,-7.348684359733132,12.959372302415694,57.021352810158476,0.4736746,0.6408945597421318,0.30645464025786817,70.60541550766362,-4.998072516449054,-29.78564209047733,46.840654663066836
QNCCF,1D,1741185000,2025-03-05,0.4557,0.482,0.4446,0.4715,246902.0,116414.29299999999,4.77777777777777,-23.95161290322581,27.260458839406205,-27.794793261868307,6.59528531986139,22.793079095699092,16.571244944541558,8.207153829273643,-69.82647741067278,-91.02164823595197,-66.6788319794192,-89.92244957776118,-82.76311361110088,47.9413163359766,-0.015538335074647303,-0.015244186710489823,-0.0002941483641574795,0.49388298408688924,0.48513542198666143,0.39982137160082937,0.28842517474448554,-4.532041962990855,-2.810642424505617,17.92766307418218,63.4739410031387,0.4719996,0.6386008667303588,0.3053983332696413,70.59381691440363,-0.10584754732843936,-26.16671467828042,54.388530858059646
QNCCF,1D,1741271400,2025-03-06,0.474,0.474,0.4232,0.434,337868.0,146634.712,-7.953340402969243,-20.730593607305934,12.435233160621758,-30.0,6.047584264453883,22.987099595771223,16.608608868184938,10.717299578059063,25.95937167268628,-75.15503794650338,-52.18678669285506,-82.78085059136593,-77.50589911465569,45.49597675029928,-0.018384406226077565,-0.01587223061360737,-0.0025121756124701945,0.48817984274528076,0.48313011132051786,0.40049817612358524,0.289873680468421,-11.098336719640093,-10.169126322148031,8.365037813824353,49.72038830799618,0.4681996,0.6346273918983489,0.3017718081016511,71.09266727197073,-7.304491503196499,-31.613415125088757,43.81727793929914
QNCCF,1D,1741357800,2025-03-07,0.43,0.454764,0.42,0.436,264465.0,115306.74,0.46082949308755805,-17.70634755855873,22.420328513266874,-24.827586206896544,6.170835931466033,22.815014579749647,16.567329632711676,8.084651162790701,-21.364635680533812,-74.10854103613732,-50.577268795368624,-87.33583484117419,-81.56196755710036,45.65518689417762,-0.02024518098886674,-0.016746820688659243,-0.0034983603002074967,0.48321033391239687,0.4812818716608897,0.40120118253697956,0.29132767369759094,-9.77014161310462,-9.408596983847175,8.673657750201908,49.65965796046701,0.4661970999999999,0.6331617878329678,0.299232412167032,71.62836827297636,-6.477324719523121,-31.139243021560926,45.706140869734426
QNCCF,1D,1741613400,2025-03-10,0.43435,0.4397,0.3789,0.3909,781972.0,305672.85480000003,-10.3440366972477,-18.562499999999993,28.984359532765797,-33.327647961794305,6.327192107101806,22.582736455800077,16.671182889836953,13.997927938298599,165.09539234219963,31.368863407570004,-47.372210975964265,-44.26333153942145,-50.480901063427076,42.631063094676016,-0.025070059438472347,-0.018411468438621865,-0.006658590999850483,0.4744188735397876,0.47773748453693327,0.4009971987243661,0.29231844311353533,-17.604458464442434,-18.176820397734552,-2.5180222596284567,33.724029122642804,0.4623421,0.6324921615549706,0.29219203844502945,73.603533640986,-15.452216010612046,-38.196862544671,33.78187923266796
QNCCF,1D,1741699800,2025-03-11,0.4,0.4129,0.378,0.40224,369620.0,148675.94879999998,2.900997697620865,-16.186031005167536,-25.511111111111116,-22.346141149170546,6.580201349951009,9.220589423847217,16.544775833410014,8.724999999999996,-51.36108867197979,-69.82722911856175,-93.68476875850003,-74.35514037059185,-75.34042331253549,43.64191346996282,-0.027659920794277593,-0.02026115890975301,-0.007398761884524582,0.4675446951074269,0.47477679886881824,0.4010218086506163,0.29341218994822654,-13.967583375621869,-15.278084152730537,0.3037718455968058,37.09041879649801,0.46063909999999997,0.6324711601679447,0.28880703983205525,74.60593777989959,-12.677842588699045,-36.401843225042825,39.27638337137051
QNCCF,1D,1741786200,2025-03-12,0.4026,0.44,0.3943,0.43,549261.0,236182.23,6.901352426412094,0.2611453087110637,-32.38993710691824,-17.91543380738762,6.2471875957405905,7.915880840190201,16.588017669730274,11.351217088922011,58.85705247303593,-25.776893556393652,-91.94275970293639,-18.2391956427936,-60.71208000789826,46.14363079791791,-0.027159328742053457,-0.0216407928762131,-0.005518535865840356,0.46396900985910056,0.47302084597200184,0.40159563422189126,0.2947712726353089,-7.321396286665001,-9.094915443652193,7.0728771325274495,45.875816240748854,0.4621579999999999,0.6323348558412116,0.2919811441587882,73.64444879942002,-6.958226407419089,-31.998055139952754,47.26978388924765
QNCCF,1D,1741872600,2025-03-13,0.45,0.45,0.39,0.39,311166.0,121354.74,-9.302325581395344,-13.333333333333334,-29.181042309787536,-15.217391304347828,6.690507466172558,7.572246342844777,16.523038262902148,13.333333333333334,-48.61817504221211,-68.54595862458288,-94.60314963569492,-80.29806283703243,-79.24391836285372,43.169985826345794,-0.02964850216276621,-0.023242334733523724,-0.006406167429242486,0.45692434225347195,0.46976512652211944,0.4013660177026459,0.2957188221613257,-14.646701010371352,-16.97978883887278,-2.8318335886289367,31.882034815910487,0.4631329999999999,0.6314109764675118,0.29485502353248805,72.669395818269,-15.790928307851074,-38.23357297621087,32.268392557004745
QNCCF,1D,1741959000,2025-03-14,0.3968,0.4999,0.3897,0.4952,1327389.0,657323.0327999999,26.974358974358964,5.026511134676564,-20.12903225806452,-4.90638502160347,12.114873630299286,10.067427986811435,17.052738572328455,27.772177419354843,441.6541890329128,464.64117580476136,-49.30452903159171,24.538104486247683,11.60212827643401,51.94172931849499,-0.022868811798221866,-0.023167630146463353,0.00029881834824148704,0.46056964299123654,0.47076257254085985,0.40322411636199945,0.29770370950300407,7.519027260210105,5.191030231490861,22.810114749046416,66.33988230334866,0.4685929999999999,0.6335596315471118,0.30362636845288804,70.40934523013016,5.678061772156232,-21.83845444970137,63.09518917058
QNCCF,1D,1742218200,2025-03-17,0.5321,0.55,0.498,0.524775,1307745.0,686271.882375,5.97233441033926,20.91589861751152,-4.150684931506849,-2.312918838421448,11.549608101361015,9.765268496499635,17.07239122372051,9.772599135500853,4.404052213367096,368.0146146943706,16.27805342563475,-6.806328313889522,16.84859467301813,54.087261595089835,-0.014937216079012217,-0.021521547332973127,0.00658433125396091,0.46668443889683303,0.4728807069510222,0.405631064552851,0.29996312532884484,12.44750333661943,10.974077031726454,29.372487922858625,74.94650364930604,0.4770242500000001,0.6352400627139946,0.3188084372860056,66.33449461489408,10.010130512232845,-17.389498741947186,64.60511662344122
QNCCF,1D,1742304600,2025-03-18,0.528,0.528,0.4614,0.47448,622076.0,295162.62048,-9.584107474631981,8.825688073394499,-10.443366489873727,-8.064328618484788,12.413180441115449,10.054919549218146,17.15720213650547,12.61363636363637,-56.990424923352165,155.98037068778459,-33.722947367828674,-31.54855767246627,-49.35287785234592,49.9992236640559,-0.012564914976166908,-0.019730220861611882,0.007165305885444975,0.46742687328761084,0.4729434243254919,0.4069944098092302,0.30169961164398074,1.508926233269719,0.32489629741645154,16.581453839231415,57.26901251696274,0.48559525000000014,0.6222955711947571,0.3488949288052432,56.30216572124909,-2.2889947955627923,-23.753273851999808,35.9950979009098
QNCCF,1D,1742391000,2025-03-19,0.49,0.50555,0.46,0.4989,259659.0,129543.8751,5.146686899342438,27.628549501151184,3.937500000000006,-1.2079207920792068,11.364016719420462,9.810311625361443,17.164686211014885,9.295918367346946,-56.11101605977989,-57.62009185121792,-44.32599635177285,-40.06216982751686,-77.66085860318348,51.90016637014774,-0.008615050408682212,-0.01750718677102595,0.008892136362343737,0.470424313926886,0.473961329253904,0.40881432248627514,0.3036618045629461,6.05319181642889,5.261752216231172,22.035841837891883,64.29461740111043,0.48354025000000017,0.618126704090855,0.3489537959091453,55.66711523636545,3.1765194314226854,-19.288392380040346,42.97021721749522
QNCCF,1D,1742477400,2025-03-20,0.453,0.5009,0.453,0.476958,365198.0,174184.107684,-4.398075766686714,18.575477326968976,-0.6171861976996208,-6.478823529411767,11.758279250082603,9.898634325942579,17.192975364461375,10.573951434878587,34.45954704499957,17.156883201272706,-64.65052205984577,-55.81262649307715,-69.57816117920072,50.05860475026276,-0.007172608933773306,-0.01544027120357542,0.008267662269802115,0.47104656974337306,0.4740788457537509,0.41016370223902215,0.30538614481605114,1.2549566510690215,0.6073154860287904,16.284790047573146,56.18193821048918,0.4755881500000002,0.5905683229695586,0.3606079770304418,48.35283342091613,0.2880328284041104,-19.237456285885955,32.26496094947344
QNCCF,1D,1742563800,2025-03-21,0.459307,0.5051,0.45,0.4848,209198.0,101419.1904,1.6441699269118069,12.744186046511633,13.03861219921657,1.8380422224556319,11.659062404632826,9.412535916474082,17.135638944769525,11.99633360693392,-41.77471656369942,-57.05892420441623,-68.12779960421416,-79.29734578008588,-81.87693379646028,50.73146131966151,-0.005335179186380046,-0.013419252800136346,0.0080840736137563,0.4723564202440042,0.4744992831751725,0.41164164872933856,0.30717135730544365,2.6343623633966593,2.1708603553411012,17.77233948423045,57.82721548413344,0.4722931500000002,0.5821367921014424,0.36244950789855807,46.5150265683261,2.6481116653925185,-16.720604748253162,33.75656179279053
QNCCF,1D,1742823000,2025-03-24,0.52,0.52,0.4734,0.4805,484715.0,232905.5575,-0.8869636963696423,23.205128205128197,6.7777777777777715,2.6709401709401615,10.797573673782388,9.37134669337773,17.131742309241798,8.961538461538467,129.64643730778585,91.92126941230313,-39.633004510828414,7.938309171578732,-58.42344416963429,50.33103374470449,-0.004177817655671601,-0.011570965771243396,0.007393148115571796,0.47313199926838473,0.4747346054035971,0.4130051804376685,0.3088960204168323,1.557282268586477,1.2144458252630306,16.342366333227616,55.553962576662805,0.4653181500000002,0.5520420277967737,0.3785942722032267,37.27508922519934,3.262681672743642,-12.95952557856897,26.916869926143782
QNCCF,1D,1742909400,2025-03-25,0.51,0.51,0.45945,0.46156,264455.0,122061.84980000001,-3.941727367325694,-6.793214862681735,-2.108165429480371,5.789594315837727,5.1707645264032704,9.381298823976682,17.095226790766816,9.91176470588235,-47.59169720542199,-81.43046208497321,4.8512572249182675,-54.01416371377661,-78.02294170596676,48.51461733267892,-0.004734325656903737,-0.010203637748375464,0.0054693120914717265,0.47202990409996715,0.47421795421129914,0.4139666620131602,0.31041506498979915,-2.2180594934828086,-2.6692271135856367,11.496901164791582,48.69123701040985,0.4610211500000002,0.5391187017446598,0.3829235982553406,33.880246814993,0.11688183936893412,-14.386201312191455,20.53579411217775
QNCCF,1D,1742995800,2025-03-26,0.462,0.4694,0.4307,0.4417,258815.0,114318.5855,-4.302799202703883,-15.830594064122721,1.7741935483870934,10.529450330562383,4.426637200543329,9.1984355384144,17.03323623694962,8.376623376623368,-6.343721902205687,-83.34208519451875,-22.03852420701041,-62.77474259109991,-79.1761740143656,46.6149029781052,-0.006700657274314681,-0.009503041653563308,0.002802384379248627,0.46914134180473216,0.47294274032065997,0.4145158370228006,0.3117213827510947,-5.849269582418068,-6.60603021403333,6.558051719433849,41.6970488523373,0.45661565000000015,0.5283782729879454,0.3848530270120549,31.432397460728822,-3.2665656553821942,-16.40458690660865,14.771086362317845
QNCCF,1D,1743082200,2025-03-27,0.431,0.47,0.426,0.428,171997.0,73614.716,-3.10165270545619,-9.795987185972017,-1.8348623853211024,15.519568151147098,3.362816737674796,9.245629748881774,16.978175689195076,10.208816705336424,-35.60564480567335,-75.05960752066568,-36.15749088041167,-78.92931995366465,-86.36228816941465,45.2972131777518,-0.00925774720505751,-0.009453982763862149,0.00019623555880463918,0.46522311877571004,0.4711802799159282,0.414782850151062,0.31287838391775047,-8.001132633663415,-9.164279948989543,3.1865227417489392,36.794365478604846,0.4540156500000002,0.5259686873098294,0.38206261269017106,31.696280650162223,-5.730121858134233,-18.626334546816764,12.023523313724835
QNCCF,1D,1743168600,2025-03-28,0.4725,0.4725,0.403,0.42,201205.0,84506.09999999999,-1.8691588785046744,-15.814792543595916,7.444359171143504,8.808290155440408,2.049673200096763,8.797948538411095,16.982074607657115,14.7089947089947,14.79511786746551,-34.76642571116047,-72.3540711342223,-72.44507709023958,-84.12679260520964,44.506058075687534,-0.011793840487490714,-0.009921954308587862,-0.0018718861789028523,0.4609161550827853,0.46917321011530355,0.41488616004906076,0.313944270644937,-8.877136249528144,-10.480822232628928,1.2325887058595804,33.78170563112754,0.4510196500000002,0.523397418225539,0.37864188177446145,32.095172893482015,-6.8776715160858775,-19.755049342062986,10.922753191410967
QNCCF,1D,1743427800,2025-03-31,0.425,0.4344,0.3993,0.4224,277857.0,117366.7968,0.5714285714285746,-11.438743033977834,5.011933174224346,18.6017127614769,2.0975159914532147,8.779937281042441,16.89867555337153,8.25882352941177,38.88559145434473,-32.619112983072135,-21.0586528975963,-49.69428803038756,-77.79319802418054,44.81744323219902,-0.013454952426861566,-0.010628553932242603,-0.002826398494618963,0.4572479498368057,0.4673389665813701,0.41503494895898035,0.31502343213105705,-7.621236978589657,-9.615925440607487,1.774561650649705,34.08526379849477,0.4506956500000001,0.5235235669145324,0.37786773308546784,32.31800303132824,-6.278216796634293,-19.31595315002147,11.785146763102858
QNCCF,1D,1743514200,2025-04-01,0.4385,0.4409,0.417,0.417,110972.0,46275.324,-1.2784090909090946,-13.98514851485149,-3.023255813953491,37.59651554147693,1.6292931423457246,8.618616967284918,16.62820114725158,5.4503990877993225,-60.57204826092688,-54.372221058471396,-80.4069408608768,-92.03276329497972,-90.9388291334021,44.21626726732004,-0.015033829844581015,-0.011509609114710285,-0.0035242207298707296,0.45341481175710996,0.46536488946053206,0.41507386086078274,0.31603812434865847,-8.031235595500803,-10.392896102797618,0.4640473228602743,31.946106457700246,0.44904565000000024,0.5233423394424624,0.37474896055753804,33.09092937097249,-7.136390253418609,-20.319842563426686,11.2744914301036
QNCCF,1D,1743600600,2025-04-02,0.4228,0.4382,0.41555,0.421,259875.0,109407.375,0.9592326139088738,-12.382934443288242,7.948717948717941,-22.037037037037045,1.9287429205523803,8.213158600183066,8.777395607105769,5.357142857142858,136.42703182369937,-53.02500456649687,-9.84499245764937,-95.35275962099323,-74.8991548604263,44.80686329723214,-0.015780428051118178,-0.012363772901991863,-0.003416655149126315,0.4503276868278614,0.46362508987384454,0.41519121015066823,0.31708252112130864,-6.512521367373083,-9.193870393304884,1.399063782497661,32.773007642050025,0.4465206500000002,0.5210254665698693,0.3720158334301311,33.37127479764666,-5.715446754814182,-19.197807590553907,13.167226275886096
QNCCF,1D,1743687000,2025-04-03,0.4084,0.43615,0.4,0.4,581021.0,232408.40000000002,-4.988123515439422,-13.337377589045845,-19.224555735056533,-37.10691823899371,2.1163481873485477,3.9914016759621407,8.128051432069153,8.851616062683634,112.42480225853149,90.40216118369852,-64.64319848796268,-92.07150205222435,-32.812093489148396,42.27626313833578,-0.017860749403235676,-0.013463168202240626,-0.00439758120099505,0.4455345737966365,0.4611299883101644,0.41489039410808076,0.3179075706623901,-10.220211062098333,-13.256563194724874,-3.588994664504507,25.822734943544333,0.4448206500000002,0.5218978096006875,0.36774349039931287,34.65538733450765,-10.07611719464916,-23.35664326584423,8.771469908457535
QNCCF,1D,1743773400,2025-04-04,0.4,0.4,0.35,0.375,422561.0,158460.375,-6.250000000000005,-15.100747113425397,-28.540803201372018,-31.90484837479571,2.494714188402749,3.5930546672487935,7.867374143007312,12.50000000000001,-31.818137812574765,38.612959832327526,-76.90997124177493,-92.95299934269838,-42.63588046131445,39.42182208019308,-0.02128139149502878,-0.015026812860798256,-0.0062545786342305225,0.438816995339814,0.4577523417097658,0.41410048531386134,0.3184756545363962,-14.542963471684814,-18.07797233776562,-9.442269859748102,17.74840389162119,0.44177065000000015,0.5246144934170585,0.35892680658294185,37.50536320919385,-15.11432459354195,-28.51894015404523,4.478125657450417
QNCCF,1D,1744032600,2025-04-07,0.35,0.3942,0.339,0.3706,230658.0,85481.8548,-1.1733333333333373,-13.411214953271031,-21.893441240937452,-40.225806451612904,2.4951885240448495,2.976027152658973,7.453522653230557,15.771428571428563,-46.05474409611867,16.120606646095055,-71.03906495307993,-93.40728580606785,-63.758154994987834,38.92369981659856,-0.024069855908883442,-0.016835421470415293,-0.007234434438468149,0.4323201386407841,0.45433460281918675,0.413239089565072,0.31899430474001417,-14.27648937077797,-18.4301618894106,-10.318261423416894,16.17762276415729,0.44075565000000017,0.5265138517658375,0.3549974482341628,38.91417013750696,-15.917130047,-29.612488112692404,4.395116596879159
QNCCF,1D,1744119000,2025-04-08,0.3947,0.43,0.373274,0.3807,311677.0,118655.43389999999,2.7253103076092815,-9.357142857142858,-23.692122669873726,-30.46575342465754,2.997971675053438,2.622131264579025,7.238452616790009,14.371928046617684,38.807743675678864,40.41049569202696,-8.405214983413767,-79.89568968712759,-46.10171508432506,40.773681291018185,-0.025174551892286512,-0.018503247554789538,-0.006671304337496974,0.42740393496070944,0.45144697133608136,0.41259475115784283,0.3196082917575265,-10.927352590940203,-15.671158702582929,-7.730285241956738,19.11455673021814,0.43967865000000017,0.5278516312046184,0.35150566879538186,40.10792027523658,-13.41403545521261,-27.877460730546844,8.30550793239488
QNCCF,1D,1744205400,2025-04-09,0.389,0.45,0.38,0.425,439294.0,186699.94999999998,11.636459154189653,0.6155303030303009,-10.893621660607435,-19.782563560521698,5.481520328802648,4.260941828718458,7.567256708995902,17.994858611825194,57.34631264957179,59.073907689708705,7.185410013814746,-58.077610259554525,-11.736392188315312,48.186817245813124,-0.02221926182922873,-0.019246450409677377,-0.0029728114195513543,0.4271749887739752,0.4504098352052546,0.4128403996497667,0.32065696547138195,-0.5091563951853992,-5.641492085463723,2.9453513659392057,32.54039230840612,0.43942865000000014,0.5277382299701829,0.35111907002981735,40.19290957482302,-3.2835023387756235,-19.467649705041765,21.041560050813704
QNCCF,1D,1744291800,2025-04-10,0.43392,0.4418,0.4,0.4108,321226.0,131959.6408,-3.3411764705882327,-1.486810551558749,-15.264026402640265,-14.416666666666664,5.608820318743895,4.255750059821904,7.405045405836601,9.633112094395281,-29.31993779323454,185.16200297160535,30.113088341119298,-43.28777398663796,-36.60905297170722,46.19103030448947,-0.020783416203423,-0.0195538435684265,-0.001229572634996498,0.4256154660335966,0.44885650833446034,0.412799995696306,0.3215539110885821,-3.4809510499383833,-8.478546624103524,-0.4844950865206336,27.754627088591764,0.44046865000000013,0.526895134057319,0.35404216594268123,39.24296726103839,-6.735700713319806,-22.033821637967424,16.031376914157665
QNCCF,1D,1744378200,2025-04-11,0.4355,0.44,0.41,0.4111,217014.0,89214.4554,0.07302823758520509,-2.351543942992866,-14.443288241415186,-14.339889981663609,5.594331057838764,4.266168286978115,7.405160773938263,6.888633754305403,-32.39262030485914,-18.456634756112187,-61.695007900358924,-81.89453409362409,-54.182459921524874,46.24168843381819,-0.01939768625496069,-0.01952261210573334,0.00012492585077265167,0.42423304069706363,0.4473758609487952,0.412766332415191,0.3224449169483972,-3.095713779267291,-8.108587010452759,-0.4036987235467801,27.49464432270483,0.43626365000000017,0.5197634010925029,0.35276389890749754,38.279490437721606,-5.767991442789272,-20.906320234187454,16.536868220690433
QNCCF,1D,1744637400,2025-04-14,0.416,0.431,0.4047,0.4149,240696.0,99864.7704,0.9243493067380126,3.724999999999992,-10.109194904237809,-3.259653049804139,5.24106192892946,4.211853970766395,7.151473068020136,6.322115384615383,11.937880416630316,-57.030481514437525,-18.185108153260195,-68.61629478489763,-46.72139389037406,46.9233131079195,-0.017787810241151614,-0.019175651732816996,0.0013878414916653828,0.4233441796782957,0.4461022977743327,0.41280858325845454,0.32336486802353753,-1.9946370078153732,-6.994426599012236,0.5066311182381684,28.307073843841213,0.43076990000000015,0.5040905148962209,0.3574492851037794,34.04166117280745,-3.6840782050928245,-17.69335313015817,16.07241007057568
QNCCF,1D,1744723800,2025-04-15,0.403,0.412585,0.385,0.3904,448468.0,175081.90720000002,-5.905037358399606,4.106666666666673,-11.614217794883395,-13.244444444444442,5.177123117339473,4.3290797067086215,7.173600713411113,6.844913151364756,75.31899036940061,10.489393452464073,53.15261856524634,-54.62036708944586,-2.955643281317273,43.12656550411493,-0.018278217236131378,-0.01899616483347987,0.0007179475973484936,0.42020663875655323,0.44391789394004516,0.41236484893650494,0.3240318842621093,-7.093328854764164,-12.055809119348808,-5.326557050910761,20.481970744646087,0.4265659000000001,0.49901622299141424,0.354115577008586,33.969111450968825,-8.478385168622262,-21.766070517768117,10.246491639235142
QNCCF,1D,1744810200,2025-04-16,0.39,0.4427,0.3763,0.4131,396188.0,163665.2628,5.814549180327868,11.467889908256891,-3.481308411214946,-12.386002120890764,5.387984162585124,4.589710749377601,7.200099335795174,17.025641025641015,-6.520744823140707,91.4619929374766,122.3268276957015,40.58863270337433,-10.068765499189238,47.37527786984668,-0.0166433142579972,-0.01852559471838334,0.001882280460386139,0.4195298160178339,0.44270934907965126,0.41237940638330683,0.324918134169949,-1.5326243266487052,-6.68821409378549,0.17474044667094651,27.13971814941154,0.4222759000000001,0.4868146836076897,0.3577371163923105,30.56711671572524,-2.1729632214388905,-15.142247366370377,15.475856731336798
QNCCF,1D,1744896600,2025-04-17,0.4027,0.4249,0.4027,0.4032,86387.0,34831.2384,-2.3965141612200482,5.910165484633575,-3.999999999999996,-7.096774193548386,5.545080365131849,4.60580080189051,7.068457166123263,5.512788676434069,-78.71800172858671,-70.64505412423425,-58.782574985711086,-76.24625307000979,-80.46071014716138,45.7693835598624,-0.015962483557088736,-0.018012972486124417,0.0020504889290356813,0.4179745954447069,0.44115996284123354,0.412197635959875,0.325697058208059,-3.5348070446691513,-8.60458020640797,-2.182845114800921,23.796021437329422,0.41858800000000007,0.4784679110219815,0.35870808897801865,28.610428880895494,-3.676168452033997,-15.731025903328256,12.403375443453628
QNCCF,1D,1745242200,2025-04-21,0.41,0.41,0.3899,0.4001,349856.0,139977.3856,-0.7688492063492043,-5.858823529411759,-5.279356060606057,-8.233944954128438,3.434210905434385,4.602954630885203,7.069162103915189,4.902439024390232,301.87312317899097,-25.025483081275585,19.264893834096707,21.39566654993455,-21.8374225966651,45.252115975660516,-0.01549445399304833,-0.017509268787509198,0.002014814794460869,0.4162722530214015,0.4395497682200087,0.41195807881215474,0.3264373859870833,-3.885018255245086,-8.97504015978978,-2.878467354335292,22.565618147619734,0.4143530000000001,0.46636663555838415,0.362339364441616,25.105953406097726,-3.439820636027751,-14.209128721020663,10.42134508807099
QNCCF,1D,1745328600,2025-04-22,0.39,0.4121,0.39,0.412,131115.0,54019.38,2.9742564358910184,0.2921129503407933,-1.199040767386092,5.397799948836006,3.477388626990084,4.667147485236689,6.822844274245613,5.666666666666669,-61.408494830467816,-59.063710940322586,16.734741824822226,-82.32771436791644,-68.3535452157391,47.695808951238455,-0.01400190144010438,-0.016807795318028236,0.0028058938779238554,0.415865371781268,0.43846938515255734,0.41195890893468634,0.32728875528074414,-0.9294767113480812,-6.0367692817020355,0.009974554360262964,25.88272384933959,0.41092800000000007,0.45317155553217997,0.36868444446782017,20.560076476745266,0.26087295097922414,-9.08520295009036,11.748679984235274
QNCCF,1D,1745415000,2025-04-23,0.42,0.44563,0.40675,0.4399,455778.0,200496.7422,6.771844660194184,7.005594745803938,4.4893111638954935,9.362569610182982,4.187014056170273,4.980248143376289,6.905195372888183,9.257142857142863,271.1570591887578,124.73571272845543,83.25706306361889,34.85485972563709,16.281343972940473,52.99341794815383,-0.010447315805289625,-0.015535699415480515,0.005088383610190889,0.4181543839925758,0.4385254876955943,0.41251219786667276,0.32840926517844815,5.200379773564752,0.31343954752291275,6.639270856707906,33.94871784782655,0.40984500000000007,0.447726154945439,0.37196384505456115,18.485600627280515,7.333260134929043,-1.7479780573446049,18.264182352312687
QNCCF,1D,1745501400,2025-04-24,0.4292,0.4349,0.401,0.41,252070.0,103348.7,-6.796999318026832,-1.1810074716799266,2.4999999999999885,-4.651162790697678,5.012879078308786,5.14017633516736,6.921017982816495,7.898415657036343,-48.45367617150241,3.488647283767252,-55.531426574943076,-56.24196621396962,-38.48146719652321,47.44710010629126,-0.009928511495331749,-0.014414261831450762,0.004485750336119013,0.4173777759932829,0.43740684111929645,0.4124624513742634,0.3292211132861253,-1.7676494575508173,-6.265755023209994,-0.5970122531296872,24.536362782926968,0.4082600000000001,0.4432169678318959,0.37330303216810434,17.124855646840626,0.42619899083913493,-7.494516284966444,9.830342823299222
QNCCF,1D,1745587800,2025-04-25,0.385,0.4143,0.385,0.4,225374.0,90149.6,-2.4390243902438913,2.459016393442622,6.666666666666672,2.5641025641025665,4.560226551586062,4.8800928688071465,6.718108614211925,7.610389610389608,-12.771423346399125,-48.51004227580176,-43.10905802160319,-25.71398529633041,-46.00393515896683,45.72350278260252,-0.010206616249691436,-0.013572732715098897,0.0033661164654074614,0.41572274970820833,0.4359399061734417,0.41221567015893146,0.32992538081561656,-3.782027738256794,-8.244234047970531,-2.96341722143208,21.23953574324906,0.4068600000000001,0.4407696092575554,0.37295039074244485,16.668932437474933,-1.6860836651428222,-9.249641627114178,7.252870603971378
QNCCF,1D,1745847000,2025-04-28,0.384,0.405,0.384,0.4,189006.0,75602.40000000001,0.0,-3.1711450012103604,7.9330814894765345,-19.224555735056533,4.003200681268161,4.859318870444488,4.538294495541938,5.468750000000004,-16.136732719834583,-53.80669134880098,-11.557370652654571,-88.49844045811747,-48.76677636103577,45.72350278260253,-0.010308189874905505,-0.012919824147060218,0.0026116342721547135,0.41422534497409325,0.4345304980882087,0.4119737757003388,0.3306226407079985,-3.434204388189456,-7.94662244425455,-2.906441236455844,20.983850090676235,0.4058600000000001,0.4393374789970824,0.3723825210029178,16.497057604633273,-1.4438476321884604,-8.953818164314553,7.416427313156793
QNCCF,1D,1745933400,2025-04-29,0.40235,0.4048,0.3893,0.3982,150338.0,59864.5916,-0.45000000000000595,-1.2400793650793662,4.596795376937226,-24.119860892763565,3.920167359765118,4.8317604829649135,4.371294099633352,3.8523673418665374,-20.816546035575602,71.87040814489099,-49.54753471260956,-91.27684039846933,-52.745297258862536,45.37936966583388,-0.010413887844803682,-0.012418636886608912,0.0020047490418052295,0.4126991216432272,0.43310577267298483,0.4117010276666687,0.3312950522432423,-3.5132426707129003,-8.059410627929989,-3.2793281433340855,20.194973424364633,0.40465000000000007,0.4373899755650534,0.37191002443494675,16.181873503053655,-1.5939700976152393,-8.95996199145278,7.068907487771092
QNCCF,1D,1746019800,2025-04-30,0.3894,0.4,0.36665,0.3785,248019.0,93875.1915,-4.947262682069311,-5.398650337415648,-10.941176470588232,-20.22846063058506,4.278149572079779,3.8795327014716454,4.134262825948182,8.56445814072934,56.812548103978045,-32.93545875456043,-49.718684177472994,-68.19543364016145,-21.754606436270013,41.681835355078334,-0.011949532831535215,-0.012324816075594172,0.00037528324405895763,0.4094420624391103,0.43096436982306385,0.4110435815742594,0.33176475321594634,-7.557128413916146,-12.173713999745164,-7.917306833893491,14.086863155602789,0.40272500000000006,0.4368328216836016,0.3686171783163985,16.938517193420594,-6.015270966540456,-13.353580314496632,2.6810529364745674
QNCCF,1D,1746106200,2025-05-01,0.38,0.3844,0.3695,0.38,189220.0,71903.6,0.396301188903567,-7.76699029126213,-7.497565725413826,-23.83243134896773,4.051096737605166,3.820114535032863,3.9972843072644837,3.9210526315789536,-23.4051096449694,33.10704417562736,-45.510915637472685,-44.49478993546025,-39.09262692627994,42.068892687932,-0.012896838358672058,-0.01243922053220975,-0.00045761782646230875,0.4066380564925284,0.42896576708490447,0.4104288571866503,0.3322447059202653,-6.550802628336343,-11.414842591672999,-7.413917577635674,14.373530481835703,0.400675,0.4350701086638863,0.3662798913361137,17.16858234922882,-5.160042428402071,-12.657755053089787,3.7457990428680517
QNCCF,1D,1746192600,2025-05-02,0.3797,0.4129,0.37118,0.40414,268244.0,108408.13016,6.352631578947367,-8.129120254603322,-1.6930187302359574,-15.2671723715715,3.936250885075537,4.207939171051166,4.140222282025396,10.987621806689486,50.76870999504891,-45.93022860597882,21.514086113000015,-37.76232998439155,-6.432986275818456,48.04513703279453,-0.011566358776130659,-0.012264648180993931,0.0006982894048632726,0.4064001463503828,0.4279922075913788,0.41030432536117206,0.33296008198076016,-0.5561381733445993,-5.573047164950126,-1.5023788393519593,21.377913411059563,0.40088200000000007,0.4353081851502652,0.36645581484973494,17.17522121235931,0.8127079789064928,-7.160027358434847,10.283418525018478
QNCCF,1D,1746451800,2025-05-05,0.4028,0.412,0.395,0.3975,148562.0,59053.395000000004,-1.6429950017320678,-3.0487804878048674,-4.193781634128698,-18.007425742574252,3.224331397608124,4.218127944027126,4.126388989396475,4.220456802383307,-45.52678391109333,-42.860050489265944,-40.86663919271374,-41.772957596001476,-48.40213090093034,46.62048500621568,-0.01092183649606393,-0.011996085844007931,0.001074249347944001,0.40555251336463205,0.42679643474465806,0.4100507743639211,0.3336022702197576,-1.9855661349069287,-6.864264168979149,-3.0607854316066376,19.15386539130875,0.40200700000000006,0.4343861865864521,0.369627813413548,16.108767552033697,-1.1211247565340996,-8.491565276583895,7.540608572999344
QNCCF,1D,1746538200,2025-05-06,0.4,0.402,0.380181,0.3841,73775.0,28336.9775,-3.371069182389943,-3.9750000000000063,-1.6137295081967282,-20.062434963579605,3.323901948855106,4.019877945342572,4.156611192687561,5.454750000000008,-52.01465131682945,-68.56671854339898,-83.81501666666789,-87.83327551125524,-73.67194220520163,43.79797922937553,-0.011361349393492426,-0.01186913855390483,0.0005077891604124037,0.4035094168537147,0.42512206475467146,0.4095368976438435,0.3341047351926953,-4.810152140947746,-9.64947909216248,-6.211136967190893,14.963949786126163,0.4026820000000001,0.4329051934778605,0.3724588065221397,15.010948330375031,-4.614559379361405,-11.273875715320212,3.125498249473751
QNCCF,1D,1746624600,2025-05-07,0.384,0.4,0.3836,0.3982,124884.0,49728.8088,3.6709190315022138,-0.45000000000000595,-3.6068748487049196,-13.727359389895144,3.6396637760238937,3.8304813746663875,4.180749465152517,4.270833333333339,75.49087160054384,-34.22324053204661,-69.61553847821152,-59.259335425867036,-52.73791128050359,47.40618832360929,-0.010451436713204254,-0.011585598185764715,0.001134161472560461,0.4030037581057419,0.42406629750939023,0.4093124046211931,0.3347424990216237,-1.191988414282101,-6.099588121316684,-2.7148956385715524,18.957109170137702,0.40355700000000005,0.43215341453050143,0.3749605854694987,14.172181144423899,-1.3274456892087254,-7.856796542354984,6.197828633482263
QNCCF,1D,1746711000,2025-05-08,0.412,0.4617,0.3957,0.4471,726899.0,324996.5429,12.2802611752888,12.2802611752888,10.887896825396824,1.2225492415666779,5.608030085608282,4.932696381490502,4.693679132756452,16.019417475728158,553.5377595853453,442.8860937890371,833.0605451570736,184.29020659987086,189.5502762488078,57.578132699608965,-0.005718582770377845,-0.01041219510268734,0.004693612332309496,0.40720340019090934,0.4249695799600024,0.41006067383661504,0.3358604841059856,9.797707924439218,5.20753039360617,9.03264529535035,33.12075137095054,0.4046620000000002,0.4378298902554856,0.3714941097445148,16.39288604093558,10.48727085814823,2.1172857200555817,20.35184092352935
QNCCF,1D,1746797400,2025-05-09,0.4586,0.4586,0.42862,0.4387,418028.0,183388.8836,-1.8787743234175842,15.904887714663138,9.647588102974249,2.499999999999997,5.164315373245017,4.967027472203248,4.670535923064617,6.537287396423901,-43.572050962884255,95.35393821273856,31.013222467272595,149.11986836979713,58.228941156450844,55.58922309749804,-0.0026154227551106746,-0.008852840633172007,0.006237417878061332,0.4102030763632037,0.4255080278047082,0.41062778920618703,0.33688376287110017,6.947028259623393,3.100287499474954,6.836412812703514,30.222957693528603,0.4060570000000001,0.44234070052792596,0.36977329947207427,17.87123508666312,8.039019152483483,-0.8230534797229522,18.640258944151032
QNCCF,1D,1747056600,2025-05-12,0.4362,0.459,0.4269,0.4322,349876.0,151216.4072,-1.4816503305219981,13.73684210526315,4.9029126213592225,2.904761904761902,5.3010376924601985,4.958983209546265,4.665360438903263,7.359009628610734,-17.543307843115098,110.30436195127918,179.92991996576043,78.94141038339244,28.014268251948703,54.033823709796245,-0.0006728851618943987,-0.007216849538916485,0.0065439643770220865,0.41229802147147,0.4257704580868765,0.4110549616971536,0.33783218314103947,4.827085625465984,1.510095825345292,5.144090273364722,27.933341335796737,0.40711200000000003,0.4451075226836058,0.36911647731639424,18.66588196054441,6.162431959755532,-2.8998662178937944,17.090410902879487
QNCCF,1D,1747143000,2025-05-13,0.421,0.4449,0.4137,0.4191,190478.0,79829.32979999999,-3.0310041647385475,3.7016875340228563,-4.728347351670843,-0.7812500000000059,5.214049317015488,4.704092488428876,4.700519180072458,7.410926365795727,-47.208552776672505,-26.362229768026108,-60.18422597591714,-31.983037812615844,-31.695896088807146,50.940286630385906,-0.00018830003715919474,-0.005811139638565027,0.005622839601405832,0.4129458289503776,0.4255088714952343,0.4112142693863189,0.33864081813466096,1.4903095317041875,-1.5061663632801874,1.91766949757105,23.759445866134282,0.4073220000000001,0.44553319186835527,0.3691108081316449,18.76215469253082,2.891569814544733,-5.932934369604879,13.543139557844173
QNCCF,1D,1747229400,2025-05-14,0.41,0.43,0.3881,0.417,650132.0,271105.044,-0.5010737294201839,4.905660377358481,1.7073170731707332,0.0,5.157330985599516,4.342663792205178,4.695091868708202,10.21951219512195,239.60581239904135,359.0846030105466,162.32071037178017,485.8522870634034,117.98665392333756,50.4417325194802,2.5985174951392853e-05,-0.0046437146758617435,0.004669699850813136,0.4133319404789131,0.42517519026012707,0.41132883830936207,0.3394205114865549,0.887436745594073,-1.922781584486482,1.3787415718157385,22.85645265622616,0.4086520000000001,0.4462615932442795,0.37104240675572076,18.40666055434911,2.0428139345946805,-6.557049427343838,12.386075663458016
QNCCF,1D,1747315800,2025-05-15,0.4172,0.41945,0.4,0.4125,81983.0,33817.987499999996,-1.0791366906474829,7.393907836500905,3.124999999999989,-2.019002375296914,4.949920423866067,4.297269075947524,4.69701891725126,4.662032598274201,-87.52587299703653,19.3422534213467,-62.48681358541802,-69.08984654827887,-72.24577717682163,49.327645269612226,-0.00016539803692722232,-0.0037480513480748394,0.003582653311147617,0.4132527080523499,0.4246781239754162,0.41135202962996875,0.3401476705762409,-0.18214231575092235,-2.8676127372459623,0.27907249444323434,21.270858418988343,0.4086220000000001,0.4462183081166249,0.3710256918833753,18.401509520595944,0.9490433701562521,-7.556460033865799,11.178284691309546
QNCCF,1D,1747402200,2025-05-16,0.4116,0.46,0.403025,0.4586,226827.0,104022.8622,11.175757575757583,15.168257157207435,14.649999999999997,14.649999999999997,6.068393088416102,5.12427779311707,5.006320892455814,13.84232264334305,207.5962524381441,109.18028143075087,37.59201057109297,-55.24135005447308,-11.521531966814583,59.25579195052728,0.0033640356066086397,-0.0023256339571381436,0.005689669563746783,0.4175714977616499,0.4260083936234391,0.41228763300363275,0.3413263007197609,9.82550352652881,7.650461085837086,11.233023571182207,34.35823698113564,0.4113920000000001,0.4547102555512138,0.3680737444487864,21.059357280264905,11.475186683260711,0.8554336308229809,24.594597391558697
QNCCF,1D,1747661400,2025-05-19,0.5005,0.5005,0.40445,0.4601,169756.0,78104.7356,0.3270824247710426,2.907626929098638,15.544952285283781,22.693333333333335,4.464956858847823,5.11130802420007,4.8438831984527395,19.190809190809187,-24.915798365717343,-75.96751802248171,30.469002648303377,-50.71024185068349,-32.017836011523684,59.53361388865516,0.006210582927252295,-0.0006183905802600558,0.006828973507512351,0.42162183130815944,0.4273453193636964,0.41323441254811527,0.3425081285732956,9.126227779158151,7.6646868825132515,11.34116279496154,34.33257830012059,0.41439200000000015,0.46224033606302367,0.3665436639369766,23.093272101306734,11.030135716905693,-0.46303532946805415,25.52392668806558
QNCCF,1D,1747747800,2025-05-20,0.476,0.5192,0.4681,0.4749,589601.0,280001.5149,3.2166920234731533,8.251652609984045,25.468956406869214,28.143550998381006,4.432319482015796,4.839511502379087,4.848449334262045,10.735294117647056,258.4949270348724,52.68183621790694,198.26997998720458,227.5566674999195,130.69310402472814,62.267446924346686,0.009550634726306406,0.0014154144810532363,0.00813522024525317,0.4266959426121443,0.4292102088004142,0.41445551328973673,0.34382546062729263,11.29705079752117,10.645084917081235,14.584071093779333,38.12240639002368,0.4175370000000001,0.47213552052940855,0.36293847947059166,26.152662173368313,13.73842318165812,0.5855266868062824,30.848622249347468
QNCCF,1D,1747834200,2025-05-21,0.498,0.498,0.4636,0.465,552718.0,257013.87000000002,-2.08464939987365,7.589079130032404,22.368421052631586,22.143420015760455,4.489717976848106,4.930235969686723,4.866376891383974,6.907630522088351,-8.209828760465747,69.9642748819389,257.4422838355799,116.60522535917343,104.00196629496577,59.37770450666777,0.011268901694496292,0.0033861119237418476,0.007882789770754444,0.43034394807765436,0.4306137300239274,0.41545639421469244,0.3450311774369713,8.053105446737241,7.985409562802825,11.925103687224823,34.77042957514877,0.4187920000000001,0.47645676275855325,0.36112723724144696,27.538617145768367,11.033639611071822,-2.4045755363449417,28.76348058152825
QNCCF,1D,1747920600,2025-05-22,0.4751,0.5731,0.4528,0.5494,1433394.0,787506.6636,18.150537634408597,31.090431877833463,35.94299005295195,29.27058823529412,7.057982868407839,6.450056334495052,5.455468806457903,25.320985055777744,206.4062899017862,886.4878805483847,626.4276788444885,321.8033607400538,439.34059252675564,71.51469247574977,0.019219465254251944,0.0065527825898438665,0.012666682664408077,0.44168261968930633,0.43527201512102826,0.4181087428441045,0.34706469805948903,24.3879599306999,26.219922465550244,31.401222625198393,58.29901544922597,0.42576200000000003,0.5065526637180303,0.3449713362819698,37.95109179214221,29.039228489155906,8.458614345737685,59.259608615985414
QNCCF,1D,1748007000,2025-05-23,0.55245,0.6699,0.518825,0.6493,1456218.0,945522.3474,18.18347287950491,55.7074340527578,63.345911949685515,58.057448880233686,8.222877212605928,7.4962477018739495,6.20168738739135,27.34636618698526,20.065313870189836,248.76604782019473,1501.1312260709142,616.5238869004256,446.12919615566807,79.37118192084704,0.033198744792473645,0.011881975030369822,0.021316769762103824,0.46145570352842,0.44366526943000756,0.42268678754026084,0.35007201449670805,40.70689668266524,46.3490709638324,53.61256115396185,85.47612294387096,0.43822700000000003,0.5637926712800113,0.31266132871998875,57.30622315832263,48.165220308196425,15.166449135611574,107.66879059146326
QNCCF,1D,1748352600,2025-05-27,1.45,1.47,1.21,1.33,4986377.0,6631881.41,104.83597720622211,222.42424242424246,246.2639937516272,223.52225735830697,34.66356773255029,26.861261217535645,19.509496002069287,17.931034482758623,601.3986954656721,19510.51470020208,23303.630150745612,7333.639963686871,1595.177278756846,93.17800712011102,0.09807369320797532,0.029120318665890925,0.06895337454208439,0.5441742079542848,0.47842349415824253,0.4406533858067903,0.35982254171564626,144.40702638220796,177.9963810807526,201.8245275853059,269.6266480856131,0.484727,0.892007362654523,0.07744663734547708,168.04525543430546,174.3812496518659,49.101908311839004,1617.3114877371404
QNCCF,1D,1748439000,2025-05-28,1.3,1.3,1.01,1.05,2197311.0,2307176.5500000003,-21.05263157894737,128.9576973397296,163.6865896534405,153.07302964569774,37.79101799281609,28.10550501018246,20.06146664752365,22.30769230769231,-65.21082921475218,2117.9514206829817,4539.5170237819975,2210.3007604771906,396.38307930985513,71.86957401725866,0.1254478129841321,0.04838581752953916,0.07706199545459294,0.5923480929110196,0.5008382590932134,0.45271965539477466,0.36668997911151047,77.26063653550534,109.64852044272031,131.9316131932449,186.34543069438362,0.517317,0.9906437264416832,0.043990273558316806,182.99291399342496,102.97032573837706,5.991687220542956,2286.8912717899816
QNCCF,1D,1748525400,2025-05-29,1.15,1.34,1.085,1.31,1631546.0,2137325.2600000002,24.761904761904763,184.7207128885025,192.9993290091702,235.55327868852456,37.17930783908548,28.367107214426564,20.28643836287372,22.173913043478272,-7.3618679073346165,2636.4861343951598,557.6455370658038,1120.757355332259,303.1124684677623,77.10526218295423,0.1662059089570853,0.0719498358150484,0.09425607314203692,0.6606958935861607,0.5325700920699502,0.4696955038027989,0.376076148473585,98.27578962077571,145.97701213532258,178.90409624827961,248.33370989280175,0.5638920000000001,1.1445610135214725,-0.016777013521472428,205.95043501999407,132.31398920360635,14.454361499656635,-7908.3027013322
QNCCF,1D,1748611800,2025-05-30,1.16,1.21,1.01,1.054,2139098.0,2254609.292,-19.541984732824428,121.94146136028638,140.2552997492592,155.1440329218107,39.502423280901205,29.275924054472625,20.777986539782194,17.241379310344826,5.4874208523600965,705.2132477944674,1129.414372202438,1277.5735018096948,275.828455593235,64.3963099765148,0.17582315327826425,0.09272449930769157,0.08309865397057269,0.6981534275303358,0.5530183237534816,0.4812658898661098,0.38282165943404683,50.96968065149292,90.59042977929255,119.00575590204976,175.32402465372653,0.597592,1.2090751641705275,-0.013891164170527492,204.6490462290417,76.37451639245506,-12.825932478475401,-7687.55700430237
QNCCF,1D,1748871000,2025-06-02,1.1,1.12,0.95,1.112508,1416977.0,1576398.248316,5.551043643263758,139.24903225806452,157.4058306339658,175.9196428571429,39.046379227253645,29.144598852546867,20.737023084969028,15.454545454545467,-30.08108970767073,513.3514305340796,942.4783113852477,4425.8174004975945,142.04267109323695,65.78437612257855,0.18602165349254107,0.11138393014466147,0.0746377233478796,0.7376157677655419,0.5749590953709921,0.49376573363113735,0.39008222003669313,50.82486690463769,93.4934170025008,125.31089628651463,185.19833585220877,0.6330104000000001,1.276778036636201,-0.010757236636200873,203.39875510298117,75.74877126821295,-12.865982333858645,-10441.949681167409
QNCCF,1D,1748957400,2025-06-03,1.12,1.17,1.0844,1.1,1064878.0,1171365.8,-1.1243065218407384,100.21842009464872,162.4671916010499,174.93126718320423,39.6626862798191,29.0881502606836,20.740371083637022,7.6428571428571335,-25.693535802179372,48.7436048661773,1367.3376350956164,736.8250306855281,70.83545921798196,65.19916244091335,0.1908942373813045,0.12728599159199008,0.06360824578931443,0.7721285517878713,0.5955489347682081,0.5057703725691346,0.3971460785437907,42.463323944301656,84.7035458854658,117.49000330177293,176.97617059026564,0.6681354,1.332984657411152,0.0032861425888480733,199.01632435914993,64.63728759170671,-17.47842003400411,33373.89744233816
QNCCF,1D,1749043800,2025-06-04,1.03,1.11,1.03,1.08,583354.0,630022.3200000001,-1.8181818181818195,66.33297397196984,158.9928057553957,162.13592233009712,40.11636578005313,29.124258176097573,20.773077064310694,7.766990291262142,-46.21472472561517,-33.367802280671924,132.39048256143846,1066.289431681741,-10.618536992308684,64.21547256889038,0.190940914361033,0.14001697614579867,0.05092393821523433,0.8014496420937883,0.6145470157576902,0.5171412562806369,0.40394064492643955,34.75581537206736,75.73919851655961,108.84042548984272,167.36601368665828,0.7029304000000001,1.3774472901044361,0.028413509895564015,191.91569751555375,53.64252278746231,-21.594095994909832,3701.0087594585143
QNCCF,1D,1749130200,2025-06-05,1.09,1.09,0.95,0.973,753335.0,732994.955,-9.907407407407415,-26.8421052631579,135.87878787878788,121.18663332575584,14.615825992196537,29.450291985974506,20.934044574133026,12.844036697247718,16.344283643792156,-88.94740557491362,2067.4706544852797,265.5894589393483,1.4358752032768627,59.079839840021066,0.18026590727266034,0.148066762371171,0.03219914490148934,0.8177877714181895,0.6286039955318985,0.5261681620968619,0.409602927066475,18.979524273473164,54.787434842294935,84.9218691078616,137.5471305755807,0.7316704,1.4007626799346586,0.06257812006534147,182.8944508168319,32.98337612126989,-30.537840996350106,1454.856552072887
QNCCF,1D,1749216600,2025-06-06,0.95,1.05,0.89,1.04,795381.0,827196.24,6.88591983556013,-0.9523809523809532,126.777147841256,153.6585365853659,12.943264245494053,29.451850134303825,20.83849810929253,16.8421052631579,12.851559803709705,-64.1468165927744,695.2061907406351,700.3934640687305,10.773248397357044,61.17373804093808,0.1751927147416259,0.153491952845262,0.021700761896363913,0.8389508408069334,0.6447371721777064,0.5363430499761319,0.41587553475735584,23.964355170046705,61.30603986849836,93.90574745888506,150.07482120985838,0.7613154000000001,1.4298859205168413,0.0927448794831589,175.63562237591438,36.60566960815451,-27.2669249289422,1021.3557080408398
QNCCF,1D,1749475800,2025-06-09,1.05,1.093,1.02,1.073,408929.0,438780.817,3.1730769230769154,-18.091603053435122,133.21017170180397,168.24999999999997,8.723377903216901,29.400874313801197,20.799191268500177,6.952380952380947,-46.95565625395009,-79.4705642041586,461.7851640227561,386.725195674745,-42.14146420312779,62.1997139098657,0.171853971707435,0.1571643566176966,0.0146896150897384,0.8612412369205588,0.6615317928766199,0.5469699202736342,0.4224140866503175,24.58762469811625,62.19930947447625,96.17166506399604,154.0161500078595,0.7930304,1.4575426231503048,0.12851817684969524,167.588083168137,35.30376641298996,-26.382941880571682,734.9013550471514
QNCCF,1D,1749562200,2025-06-10,1.08,1.12,1.0284,1.06,481298.0,510175.88,-1.211556383970168,0.5692599620493364,123.2048852389977,165.0,5.239278112514475,29.487565525976134,20.80971357199466,8.481481481481493,16.27123616937885,-77.37187184448099,82.20468563614904,574.8143974265366,-33.988075423974315,61.51015325922219,0.16624266053583325,0.15898001740132392,0.007262643134509333,0.8801706429281246,0.6771579970775368,0.5571289317533642,0.4287582250916079,20.43119235079514,56.53658445661488,90.26116569893954,147.22557795212487,0.8244204000000002,1.4769922383964782,0.17184856160352202,158.3104538404139,28.57517839199513,-28.23252739968308,516.8221544068341
QNCCF,1D,1749648600,2025-06-11,1.08,1.08,0.9951,1.014,863259.0,875344.626,-4.339622641509438,-8.854588011951378,118.06451612903224,154.64590657960824,4.93630295414036,29.553290832109266,20.85405574428977,7.861111111111119,71.57703065068462,-44.47186001791781,240.58264092906737,1362.2076299272708,9.413046663214768,59.01693721117521,0.1562823151958509,0.1584404769602293,-0.0021581617643784134,0.8929162959825889,0.6903674873882216,0.5661758835998323,0.43458152633447744,13.56047644803787,46.8782957662354,79.09628957574702,133.3279116930458,0.8541654000000001,1.483960687203834,0.22437011279616603,147.46448104871348,18.712371163711374,-31.669348875364182,351.9318492838619
QNCCF,1D,1749735000,2025-06-12,1.0,1.029,0.98,1.0,361071.0,361071.0,-1.3806706114398433,-9.090909090909099,82.01674554058972,164.2007926023778,4.936617899827454,29.53774784288041,20.809036627221058,4.899999999999993,-58.75098912185474,-69.17521409622852,-54.15010225444904,284.6287759636687,-55.365104997652445,58.2431652984817,0.14558082166514263,0.15586854590121196,-0.010287724236069329,0.9031147439842471,0.7025099388631934,0.5747664601622119,0.440207580798811,10.72790104038462,42.346740548355406,73.98370804687833,127.16555634625293,0.8833154000000001,1.4827101301271175,0.2839206698728828,135.71476963429313,13.20984554327932,-32.55593391580411,252.21105967653602
QNCCF,1D,1749821400,2025-06-13,0.98,0.993822,0.95,0.9696,290934.0,282089.6064,-3.0399999999999983,-10.222222222222227,49.330047743724016,155.1578947368421,4.975831418216707,29.487845461507305,20.84230349830999,4.471632653061228,-21.87420025424363,-55.22545829804888,-70.16573884523292,292.316388052893,-65.42805644444682,56.51057355543372,0.13311234870900213,0.15131730646277,-0.018204957753767875,0.9094466731286045,0.712984058907774,0.5825849460995939,0.44547516705951934,6.614277521568244,35.99182027790887,66.43066500284154,117.6552301220537,0.9111704000000002,1.4709257185706766,0.3514150814293239,122.86512348747856,6.412587590641645,-34.082327356259924,175.91303027072976
QNCCF,1D,1750080600,2025-06-16,0.98,1.1,0.95,1.0961,769408.0,843348.1088,13.046617161716178,12.651593011305252,-17.586466165413533,171.21789478893456,5.787971780824223,11.413656945369777,20.894896377170035,15.306122448979606,198.96461608874085,15.055104137790428,-87.28342597428926,677.9380638290681,0.34512478497175064,61.62608442866127,0.1319178203392739,0.14743740923807078,-0.015519588898796871,0.9272231804496898,0.7280082134604103,0.5927535610283148,0.4519490459942505,18.213179211978662,50.56148814447502,84.91664530846089,142.52734013160062,0.9430454000000001,1.46758114918032,0.4185096508196804,111.24294740853826,16.229823081688316,-25.31247756812638,161.90554933517342
QNCCF,1D,1750167000,2025-06-17,1.0657,1.1,1.01,1.03,259568.0,267355.04,-6.030471672292678,-0.9615384615384623,-1.9047619047619064,159.11949685534591,5.953276647144632,10.079299001274372,20.955394747962476,8.445153420287141,-68.2983767663368,-67.67936952904911,-88.41202507887834,352.7344109513093,-68.44962122576207,57.80021285865127,0.12420566483205908,0.14279106035686845,-0.018585395524809367,0.9370114489782907,0.7398510286188256,0.6014119063544867,0.4577007967803774,9.923950355473592,39.21721537953831,71.26365293355086,125.0378428976679,0.9715404000000001,1.4477282418063182,0.49535255819368185,98.02738863073901,6.017207313252227,-28.85405076336165,107.93271034188787
QNCCF,1D,1750253400,2025-06-18,1.0,1.08,1.0,1.019482,373084.0,380352.422488,-1.0211650485436918,-4.987698042870452,-22.1769465648855,165.42098411871908,5.816384190690186,7.469965950359995,20.929282189571097,8.000000000000007,42.264915779407055,-13.316077697170606,-82.20427982552361,1242.2476779254246,-55.7279171152647,57.191775624855104,0.1159088858468389,0.13741462545486255,-0.021505739608023655,0.9448657871708345,0.7508169490651462,0.6096905220702394,0.46329065949898063,7.89701710468163,35.78302957456845,67.21303072553759,120.05235354895886,0.9987695000000001,1.4170020993470618,0.5805369006529385,83.74957371987463,2.0738018131310487,-28.053599887412624,75.6101978794756
QNCCF,1D,1750426200,2025-06-20,1.04,1.0578,1.0,1.05,182924.0,192070.2,2.993481003097656,-0.9433962264150951,-0.3795066413662242,163.6865896534405,5.934851704595408,5.598673539593009,20.930880035733942,5.557692307692315,-49.50204372470909,-62.35215980810382,-91.48099847359273,286.23527213867226,-77.76629367365993,58.55499614675311,0.11052214577754282,0.1320361295193986,-0.021513983741855786,0.9548785693450407,0.7625496177292581,0.618409521633205,0.46912856338456294,9.961625876702204,37.69595782196047,69.79039993222854,123.81924315686447,1.0280195,1.367193782864429,0.6888452171355712,65.9859628858069,2.1381403757418957,-23.200352930209444,52.42901799713739
QNCCF,1D,1750685400,2025-06-23,1.05,1.08,0.9987,1.04,493624.0,513368.96,-0.9523809523809532,2.5641025641025665,-6.517526166103975,132.61015432789085,5.691749450932933,5.395465398651101,20.90805406920861,7.7428571428571455,167.28194170673015,-41.35236057301162,-67.43405668279507,57.96136027144183,-41.002147009905755,57.904299856872456,0.10424453295085734,0.12647781020569035,-0.02223327725483301,0.9629853722645606,0.7734300248771303,0.6267578479374979,0.4748088761867066,7.9974867691221005,34.465946051838095,65.93330317639865,119.03550084245819,1.0525495,1.31109483814517,0.7940041618548301,49.12744496010304,-1.1922954692392131,-20.67698157737336,30.981681200576123
QNCCF,1D,1750771800,2025-06-24,1.0245,1.12,1.01,1.1,478061.0,525867.1000000001,5.7692307692307745,10.000000000000009,0.0,150.74082516526104,5.897471348782874,5.611436333930937,20.877023214712125,10.73694485114691,2.434533634444917,45.640912729075474,-55.10650046296382,186.74971441944047,-40.348425102275016,60.72445213535641,0.10292452822395726,0.12176715380934373,-0.018842625585386477,0.9760343844298406,0.7862366905682232,0.6361289796615078,0.4810296833888289,12.700947584195527,39.906978801131274,72.92090679241241,128.67611666925788,1.0750845000000002,1.2560338440623595,0.8941351559376409,33.66234822702015,2.317538760906688,-12.422742014474943,23.023906698588267
QNCCF,1D,1750858200,2025-06-25,1.11,1.3,1.0925,1.29,1053441.0,1358938.8900000001,17.272727272727266,33.04455445544555,19.44444444444444,198.47292919944474,7.663875300809501,7.090908009174838,20.965685463922647,18.693693693693696,158.41869362049837,381.7401489344629,115.69694387970256,798.6715893882183,47.41881116292589,68.02879103801001,0.11587410254648323,0.12058854355677164,-0.004714441010288409,1.0059358716269986,0.8059921144675086,0.6490769206583097,0.4890791392755072,28.238790999028268,60.05119365866983,98.74377888704632,163.76099416362953,1.0730845,1.2432844327749613,0.9028845672250387,31.721627285635247,20.214204939126418,3.757432007796599,42.87540698195089
QNCCF,1D,1750944600,2025-06-26,1.33,1.42,1.224931,1.356,1402643.0,1901983.908,5.116279069767446,23.711340206185564,39.362795477903404,223.55046528274877,6.850856247896517,6.381931640339812,20.909469451816406,14.666842105263154,39.96095939236825,125.5277373783802,159.48117310029784,2282.562790850338,93.57425049796191,70.10840520658198,0.12996423510633726,0.12246368186668476,0.007500553239652499,1.0392753124244274,0.8275610511550573,0.663075397476957,0.49770521749167135,30.47553268986209,63.854980621354905,104.50163060787116,172.4504289575167,1.0883845,1.2979872535997545,0.8787817464002455,38.51630625018171,24.58832333610043,4.469438836117746,54.3045250489765
QNCCF,1D,1751031000,2025-06-27,1.36,1.37,1.186,1.2,759809.0,911770.7999999999,-11.504424778761072,16.50485436893203,15.384615384615378,187.76978417266184,8.07506673038045,7.202695483056559,21.107308315242683,13.529411764705893,-52.062118077604694,241.03370559238385,10.224243765904925,236.31642795993125,-9.178568899029028,60.14931353387294,0.12707799440415646,0.12338654437417909,0.0036914500299773667,1.0545824255268628,0.8421665001293688,0.6737075678239479,0.5046932252778239,13.789114151080934,42.48963830972413,78.1188244442553,137.76820054190802,1.0828845,1.2738851081576703,0.8918838918423296,35.27626596514593,10.815142335124376,-5.799982092931845,34.54666139571228
QNCCF,1D,1751290200,2025-06-30,1.26,1.3,1.23,1.25,455076.0,568845.0,4.1666666666666705,22.611286908449586,16.49580615097857,203.03030303030303,7.95275117571496,7.225877103492285,21.076722142923064,5.55555555555556,-37.61096538735392,49.55734901831652,29.64217622120887,1582.0782135542513,-44.32640882493051,62.01194440321859,0.12735711642490744,0.12418065878432476,0.0031764576405826778,1.073193623095733,0.8581599707125308,0.6851192991541668,0.5121092130860048,16.474788248764604,45.66048786476537,82.44997645566582,144.0885592484102,1.0926845,1.2964385858893395,0.8889304141106608,37.29422095569935,14.39715672730783,-3.5820120131246496,40.61843088703123
QNCCF,1D,1751376600,2025-07-01,1.25,1.28,1.15,1.24,398966.0,494717.83999999997,-0.8000000000000007,18.095238095238088,16.98113207547169,170.3881378107283,8.081067879780466,7.216231348189803,21.075454877976977,10.40000000000001,-13.031170178168047,157.5713671355577,-3.029943320723049,375.58568331721983,-52.190703650962675,61.39388420184158,0.12532671782093852,0.12440987059164751,0.0009168472292910013,1.0890799447056632,0.8731340895081179,0.6961070358045793,0.519351907483159,13.857573636169086,42.01713286656313,78.133524906378,138.75911152597615,1.0990591,1.3126356963151373,0.8854825036848628,38.86535243011722,12.823778084363244,-5.533576187135701,40.03664610422473
QNCCF,1D,1751463000,2025-07-02,1.25,1.29,1.22,1.25,928547.0,1160683.75,0.8064516129032264,20.192307692307686,23.274161735700197,171.6800695500978,7.989679456779403,7.044636630480863,21.07214698728621,5.600000000000005,134.61530111790594,126.09153268635487,32.59734686484497,1386.060660833989,8.388074040959063,61.80386127943778,0.12310544577713434,0.12414898562874488,-0.001043539851610542,1.1044056642575049,0.8879131448215251,0.7070752133133995,0.5266220377569584,13.183048625559035,40.77953539602752,76.7845876172664,137.36188582690653,1.1065591,1.3300460492689914,0.8830721507310084,40.39313386316041,12.962787075719689,-6.018291570655439,41.55128762301565
QNCCF,1D,1751549400,2025-07-03,1.255,1.305,1.24,1.277,741462.0,946846.9739999999,2.159999999999993,16.090909090909072,27.699999999999992,168.89871551905665,7.908787154426177,6.991205630773624,21.075876539802223,5.179282868525893,-18.42334537723993,80.05442325637024,162.23290543965035,238.15780401693814,-13.378663065180918,62.94796137535776,0.122116068013161,0.1237424021056281,-0.0016263340924671105,1.1208432200425045,0.9031714528677398,0.7183608526537282,0.5340884851424613,13.9320805234093,41.39065134812265,77.76581160882841,139.09895748068345,1.1164091,1.351413928489885,0.881404271510115,42.100127720185185,14.38459252974558,-5.506375724056481,44.88243831767555
QNCCF,1D,1751895000,2025-07-07,1.28,1.32,1.23,1.32,794175.0,1048311.0,3.3672670321065112,2.325581395348839,36.13861386138614,183.8709677419355,5.231994808139992,6.854760565173627,21.038319866268566,7.031250000000005,10.715989889196189,-22.858120573766204,271.6234048387825,307.8810999577571,-6.355991036400139,64.75842278280095,0.12337947782186376,0.12366981724887524,-0.0002903394270114823,1.1398105324194088,0.9195176704023382,0.7302744991358325,0.5419085002156707,15.808721051042903,43.55352186135035,80.75394958498714,143.58355690576207,1.1337591,1.3750054395236497,0.8925127604763503,42.55689582092875,16.42684940742703,-4.000379776148775,47.897045112889145
QNCCF,1D,1751981400,2025-07-08,1.3,1.36,1.23,1.25,1429573.0,1786966.25,-5.303030303030307,-7.817109144542779,14.040689718091407,127.52093192573717,5.181198223525855,6.4466799175074545,20.973905156262642,10.000000000000009,70.46146134114781,-6.047246641584102,111.88951885392547,126.91442912128268,55.013727915091195,59.64875337001369,0.11737924929225052,0.1224117036575503,-0.005032454365299782,1.150304767427084,0.9324777617591092,0.7405660932123507,0.548954186780689,8.66685381091715,34.05145422898756,68.78979627299432,127.70570479306387,1.1442591,1.3865461857754497,0.9019720142245501,42.34829083298526,9.240992708731792,-9.84793634545134,38.58523105893247
QNCCF,1D,1752067800,2025-07-09,1.315,1.326,1.226,1.243,367586.0,456909.39800000004,-0.5599999999999916,3.583333333333346,20.679611650485445,91.43693208070232,2.951698775370309,6.159251433758213,20.829767912000083,7.604562737642592,-74.43100013780338,-49.887691292592386,70.899863342767,-51.67650989356193,-59.79652337766693,59.146170302281405,0.11078215572298378,0.12008579407063699,-0.009303638347653215,1.159132884814981,0.9446551044352226,0.7505152794853734,0.5558601152704333,7.2353322284015755,31.582415017293304,65.61954619395921,123.61741126097239,1.1527591000000001,1.3963743974128664,0.9091438025871338,42.266471357782606,7.828253101623743,-10.983758918598824,36.72204512232475
QNCCF,1D,1752154200,2025-07-10,1.24,1.28,1.13,1.1455,590569.0,676496.7895,-7.843925985518917,-8.360000000000003,12.360983322903197,-13.872180451127827,3.7361982301573913,6.596726088910612,9.115574256659876,12.096774193548399,48.05928537718541,18.924626128382943,77.86051816755372,-89.79932318331367,-27.877225784922842,52.5096983424397,0.09657324018326796,0.11538328329316319,-0.01881004310989523,1.1578345148326017,0.9525313748495275,0.7583367590995245,0.5617271788000807,-1.0653089603556203,20.25850593960287,51.05426266823814,103.92461736441714,1.1570341000000002,1.3969611710310932,0.9171070289689071,41.47277440329425,-0.9968677673372126,-18.000584142613675,24.903633252911877
QNCCF,1D,1752240600,2025-07-11,1.15,1.21,1.139,1.176,425542.0,500437.392,2.662592754255781,-5.16129032258065,11.99999999999999,11.99999999999999,3.9737843040651017,6.590307258554114,8.24959148174809,6.173913043478257,-26.025163789783214,1.1561240645779067,160.5492116944742,-78.30953196884738,-42.98665247766078,54.23944240707533,0.08677339763581804,0.10966130616169416,-0.02288790852587612,1.1595645610390206,0.9612948503456245,0.7666073183252765,0.5678393461752043,1.41738024023884,22.334994260832698,53.403179422951375,107.10083017691248,1.1651341000000002,1.3959646649899058,0.9343035350100946,39.623003908289284,0.9325879312947548,-15.757179999358826,25.86915878331703
QNCCF,1D,1752499800,2025-07-14,1.2,1.2,1.15,1.181,274484.0,324165.604,0.42517006802722074,-5.519999999999996,13.55769230769231,-9.847328244274808,3.955704795964624,6.570294863225812,6.9368702387894645,4.1666666666666705,-35.22354460675473,-72.0711516810673,-36.85523877407781,-84.83311781941883,-60.33779488951379,54.53181682496078,0.07850544808854742,0.10343013454706482,-0.024924686458517392,1.1616060314162568,0.9699107385673646,0.7748131140020037,0.5739404472082869,1.6695822903138364,21.763782277988906,52.42385275334226,105.77047771149803,1.1741841000000002,1.3922474644002547,0.9561207355997456,37.142959847651575,0.5804796709476711,-15.173126172023935,23.519965212258935
QNCCF,1D,1752586200,2025-07-15,1.15,1.19,1.14,1.14,311794.0,355445.16,-3.471634208298065,-10.728269381362571,3.636363636363619,8.1593927893738,3.858126572177231,6.534543774117094,5.967565201738332,4.347826086956526,9.6492519915839,-62.460126106924655,-32.40779657065447,-84.23473365158117,-52.85939914854726,51.61936179092786,0.06786240558753986,0.09631658875515983,-0.028454183167619967,1.159548314138518,0.97658090568237,0.7820445374871126,0.5795728805693984,-1.6858559406419862,16.73379986919194,45.771748967530655,96.69657401499062,1.1827041,1.3805021005904001,0.9849060994095998,33.44843407415264,-3.610717169239553,-17.421349847098718,15.747074841283936
QNCCF,1D,1752672600,2025-07-16,1.22,1.22,1.1,1.12,444653.0,498011.36000000004,-1.7543859649122628,-15.151515151515147,-13.178294573643404,0.6734333595803405,3.3057511086060787,4.585124851438244,5.902581208978618,9.836065573770481,40.109197154351484,-52.49392975939391,-63.35292457484971,-68.40827750652446,-30.64531085765534,50.21060652788302,0.05715503718261905,0.08848427844065168,-0.03132924125803263,1.155781808030088,0.9822051838909045,0.7887367248636054,0.5849502648423397,-3.0958964556704895,14.02912735231509,41.9992203600865,91.4692696654939,1.1838991,1.379870127811663,0.9879280721883373,33.10603544029433,-5.397343405362838,-18.832941055386936,13.368577281047719
QNCCF,1D,1752759000,2025-07-17,1.11,1.2,1.1,1.184,612496.0,725195.264,5.714285714285698,-5.280000000000005,-12.684365781710923,7.636363636363622,4.027837432750091,4.643344473578398,5.9788735629152905,9.009009009008997,45.61821722299666,-59.41751759441456,-61.87164039875779,-38.089769737173484,3.129041957862882,54.49074039603595,0.0532201469829503,0.0814314521491114,-0.028211305166161105,1.1584692548843651,0.9901187060912612,0.7965637204108607,0.5909109587245055,2.2038345003970954,19.581621144613376,48.63845410751358,100.36859742044561,1.1915991000000001,1.3744391918331627,1.0087590081668376,30.68818897784708,-0.6377228717275962,-13.85577426522332,17.37193823444691
QNCCF,1D,1752845400,2025-07-18,1.2,1.2,1.13,1.135,457520.0,519285.2,-4.138513513513508,-8.688656476267102,-5.4166666666666625,5.092592592592586,4.202251463658778,3.7350458469051757,6.022187392334664,5.833333333333339,-28.393740861495747,13.651678488784324,-43.04652002455002,-17.576697917622987,-25.76346417173689,50.884095650366646,0.045621926490526654,0.07426954701739445,-0.028647620526867798,1.1562340877525208,0.9958003254602313,0.8032654289175762,0.5963247800307293,-1.8364869170909361,13.97867333247099,41.29825075746704,90.33252314980305,1.197375,1.3647455096485044,1.0300044903514958,27.956239214699536,-5.209312036747056,-16.834311453985016,10.193694360756995
QNCCF,1D,1753104600,2025-07-21,1.15,1.18,1.13,1.1465,346301.0,397034.09650000004,1.0132158590308427,0.08729812309036333,-8.279999999999994,17.831449126413165,3.2332695318446967,3.547683435047694,5.7137189672853825,4.347826086956526,-23.542189051411434,-41.31027631432683,-30.20346553103217,-45.8339932912635,-42.3168890141204,51.69223095957565,0.04006637566038829,0.06742891274599322,-0.027362537085604932,1.1553070317760903,1.0017101166186537,0.8100621530974262,0.601799160328931,-0.7623109298097911,14.454269851051846,41.532349785277574,90.51206375451684,1.2022,1.3574209393091077,1.0469790606908922,25.822814724523003,-4.63317251705206,-15.538359045533873,9.50553292282989
QNCCF,1D,1753191000,2025-07-22,1.13,1.1499,1.05,1.08,418231.0,451689.48000000004,-5.800261665939817,-8.163265306122437,-12.903225806451607,3.8461538461538494,3.5974254959513603,3.7976080603183213,5.710247423736542,8.84070796460176,13.765916827246597,-9.741061075628009,-8.69755576229067,-45.39512413644432,-33.16079764743279,46.88791715195544,0.029952295942639928,0.05993358938532256,-0.029981293442682633,1.1481349335117008,1.0047803081238045,0.8154074569964871,0.6065573776390909,-5.934401220882839,7.486182926559441,32.44911985207083,78.05405388088666,1.2042,1.351856154629601,1.0565438453703988,24.523526761269082,-10.31390134529147,-20.109843321613432,2.220083409920211
QNCCF,1D,1753277400,2025-07-23,1.06,1.112,1.06,1.086,217339.0,236030.154,0.555555555555556,-8.044030482641826,-13.119999999999992,1.2115563839701886,3.6058327901178866,3.7900560298522827,5.685387662685767,4.905660377358494,-47.74504068591547,-27.188402752316676,-79.66455944610236,-46.20773177511085,-64.72037955175476,47.36326260242762,0.022165455184374183,0.052379962545132885,-0.030214507360758702,1.1422173207963007,1.0079653940797337,0.8207657251747745,0.6113279509959159,-4.921770995129762,7.741794150731877,32.31546672696967,77.64605695368498,1.2035,1.3532434472689907,1.0537565527310093,24.884660950393137,-9.763190693809715,-19.748364406147342,3.059857344224884
QNCCF,1D,1753363800,2025-07-24,1.09,1.1,1.0,1.02,377866.0,385423.32,-6.077348066298348,-10.526315789473676,-20.12529365700861,-3.7735849056603805,3.9471199259032947,3.902913348123392,5.791676881693932,9.174311926605512,63.29410182056653,8.433976144168073,-59.29402209823188,-24.452853396362055,-42.030141912430146,42.82309930941902,0.010547098975654645,0.04401338983123724,-0.033466290855582594,1.1305775759585577,1.0084373394099402,0.8247109583396305,0.6153943395432202,-9.780627027278928,1.14659187419869,23.679695253903255,65.74738090004217,1.19,1.3541100240692248,1.0258899759307751,27.581516650289885,-14.28571428571428,-24.673772302873402,-0.574133295866472
QNCCF,1D,1753450200,2025-07-25,1.01,1.04,0.99,1.018,412114.0,419532.052,-0.19607843137254918,-9.107142857142865,-22.878787878787882,0.394477317554241,3.9702698593049375,3.686401694033036,5.734831986512024,4.950495049504955,8.849680398165845,-15.758537716890636,-59.98019175607239,-52.07235647094725,-35.42429343509112,42.689555966600174,0.0011646592226615127,0.03544364370952209,-0.03427898448686058,1.1198559020577428,1.0088123457075895,0.8285384641150834,0.6194003660154269,-9.095447179461381,0.9107396763633212,22.86695718915961,64.35250217056628,1.1731,1.3349494979911884,1.0112505020088116,27.593469949908517,-13.22137925155571,-23.74243358779708,0.6674407555576758
QNCCF,1D,1753709400,2025-07-28,1.0,1.0675,0.99,0.9958,137941.0,137361.6478,-2.180746561886051,-15.895270270270265,-20.336,-0.41999999999999815,2.7619275728747095,3.558103074888999,5.743849204500965,7.74999999999999,-67.25836628091528,-81.05866728329875,-92.31313698286132,-61.95716415884964,-78.61135948158832,41.15536893095911,-0.007970467754443211,0.02676082141672903,-0.03473128917117224,1.1080410542427197,1.0083020576406252,0.8318505737365669,0.6231456360053231,-10.12968371640614,-1.2399119436371424,19.708999601574252,59.802130106146414,1.16289,1.3415534254681134,0.9842265745318866,30.727485053291957,-14.36851292899586,-25.772616945722334,1.1758903658558462
QNCCF,1D,1753795800,2025-07-29,1.02,1.027,0.971,0.971,235429.0,228601.559,-2.4904599317132,-14.449339207048462,-21.882542236524547,0.14438943894388995,2.6727950558040603,3.554602203610003,5.734526464392199,5.490196078431366,66.42313386691914,-55.977647928344574,-49.967857960321496,-18.961367659946504,-64.30525786040752,39.44974130989762,-0.01701513455696735,0.018005630221989755,-0.0350207647789571,1.0949895252672226,1.0068392318507968,0.8346060079200012,0.6266068734580065,-11.323352635447728,-3.5595784030898643,16.342320901801184,54.961594123827275,1.14894,1.3412650727284408,0.9566149272715594,33.4786973607744,-15.487318745974557,-27.60565978022798,1.5037474660226597
QNCCF,1D,1753882200,2025-07-30,0.97,0.9804,0.9317,0.94,288853.0,271521.82,-3.1925849639546886,-18.011338857392072,-17.939764295067658,-14.241401331995265,2.3424456081155354,3.158694155133762,5.2379544875394055,5.020618556701039,18.775139236911325,-31.61246794832897,-59.86354640342309,-67.80430083772305,-56.30299258589191,37.36515807133136,-0.026380441771971075,0.009128415823197589,-0.03550885759516866,1.0802286180989156,1.0042180855037068,0.8366930176641596,0.6297252130255885,-12.981383361764909,-6.3948345912825975,12.347059214650546,49.27145690795196,1.13394,1.3416940218623956,0.9261859781376043,36.64285973903305,-17.10319770005468,-29.939316663631484,1.4914954651087693
QNCCF,1D,1753968600,2025-07-31,0.947,0.947,0.8815,0.901,438653.0,395226.353,-4.1489361702127585,-16.574074074074076,-23.384353741496593,-12.524271844660195,2.0954022867310287,3.024561433808021,5.180832704603919,6.916578669482577,45.55970234731043,-12.500429941383631,-21.02381650170537,47.828278456991136,-36.828100075506434,34.86883861965396,-0.03652841247578342,-2.949836598613656e-06,-0.03652546263918481,1.0631592258990188,1.0001703174447378,0.8379664232549683,0.6324244646372742,-15.252581358346884,-9.915342988592265,7.522207930502306,42.46760686539329,1.11649,1.3403246434312615,0.8926553565687385,40.096130450118046,-19.30066547841897,-32.77748011157807,0.9348113322634766
QNCCF,1D,1754055000,2025-08-01,0.89,0.8943,0.8104,0.886,1020601.0,904252.486,-1.6648168701442856,-18.416206261510133,-24.978831498729893,-13.093119839290935,1.7421457625996721,2.960024797026527,5.18504883292679,9.426966292134829,128.7935708578623,283.1088827743594,178.9476967457658,137.74069324575655,40.60845338254699,33.92992093317295,-0.045259404765370936,-0.00905424082235308,-0.03620516394301786,1.0462869186705408,0.9956930500939638,0.8389175831905135,0.6349476042926248,-15.319595018373025,-11.016753615344813,5.612281558150915,39.53907283216934,1.09694,1.3294170388662068,0.8644629611337932,42.386463957227704,-19.229857603879886,-33.35424670383155,2.491377865161483
QNCCF,1D,1754314200,2025-08-04,0.8388,0.903825,0.8366,0.88,289754.0,254983.52,-0.6772009029345378,-13.725490196078432,-22.807017543859644,-16.190476190476193,1.2753901470092515,2.94744425105611,5.148234361265103,8.014425369575582,-71.80173414530154,-33.84325577393709,-28.263611748152652,32.75537798159213,-60.479727814852694,33.54086772042555,-0.052062781576126316,-0.017655948973107728,-0.03440683260301859,1.0304500692733465,0.9911560677373378,0.8397310963946617,0.6373859365882205,-14.600423034513547,-11.214789613414826,4.795452232057451,38.063918496607634,1.07494,1.3020325221137858,0.8478474778862143,42.25212981446141,-18.134965672502652,-32.413362565524615,3.7922530823522442
QNCCF,1D,1754400600,2025-08-05,0.9344,0.9456,0.9011,0.905175,156147.0,141340.360725,2.8607954545454484,-11.083005893909633,-19.180803571428584,-12.963942307692317,2.1012139218624903,3.18160867044377,5.18141419863409,4.762414383561643,-44.56882518329027,-66.3099970428481,-71.61904886567247,-72.46807428228618,-77.66414429584067,36.81461898571818,-0.05479149239280201,-0.025083057657046586,-0.029708434735755424,1.0185191102949325,0.987784261159403,0.8410270152779358,0.6400505043833626,-11.128324363213125,-8.363087407612786,7.627339378731499,41.42243366749059,1.05769875,1.2813431130381732,0.8340543869618265,42.28885834235378,-14.420339439750682,-29.35732897851589,8.527095372909836
QNCCF,1D,1754487000,2025-08-06,0.9196,0.9412,0.9079,0.9219,163851.0,151054.23690000002,1.847709006545707,-7.421168909419558,-22.136824324324316,-16.19090909090909,2.4046120117600003,2.6743341875343076,5.074239165971838,3.621139625924315,6.872683871169603,9.968276676424678,-79.17054283189582,-71.27520681556234,-75.64827722926188,38.965649975179055,-0.05497077873187506,-0.031060601872012282,-0.023910176859862776,1.0093172902668437,0.9852005646433479,0.8426284605199569,0.642854976976563,-8.661031680506753,-6.425144982155313,9.407650369550472,43.407149826516836,1.04164375,1.2556687449626194,0.8276187550373805,41.093703094291016,-11.495652904363888,-26.58095507287278,11.391869068791372
QNCCF,1D,1754573400,2025-08-07,0.9723,0.9723,0.8706,0.8901,307560.0,273759.156,-3.4493979824276004,-8.331616889804323,-21.577092511013216,-31.0,2.506969967087668,2.63570562117937,3.8839893706393265,10.459734649799445,81.23235840199064,19.75384472334242,-47.28154085654665,-79.85493254961598,-53.133816399023424,36.426473618831324,-0.05702154975272289,-0.0362527914481544,-0.020768758304568487,0.9979632626223824,0.9814711307357656,0.8435684910047102,0.6453151264593833,-10.808340012331358,-9.30960961299684,5.516032129159976,37.9326105190909,1.02887375,1.24702572539502,0.81072177460498,42.4059755426786,-13.487927940624397,-28.622162167661518,9.791056300874203
QNCCF,1D,1754659800,2025-08-08,0.8519,0.8971,0.8519,0.8909,125543.0,111846.2587,0.089877541849233,-5.223404255319141,-22.293938072394244,-34.29941002949853,2.395572378360848,2.578271155637781,3.7147038223655766,5.305787064209416,-59.144285680074205,-58.80763516538008,-71.82955829588303,-94.11949500573799,-78.67393990372634,36.53851249358786,-0.0579146432903932,-0.04058516181660216,-0.017329481473791035,0.9877667614202508,0.9779193216873042,0.8445057486085773,0.647758757041877,-9.806643147312613,-8.898415212531118,5.493657262589712,37.535770889223826,1.01461875,1.2296898747907297,0.79954762520927,42.39447078830937,-12.193619524575107,-27.550838771310964,11.425507613360722
QNCCF,1D,1754919000,2025-08-11,0.8813,0.903,0.8166,0.8377,632409.0,529769.0193,-5.971489504994952,-7.025527192008882,-22.43518518518519,-30.191666666666666,2.8148656523793893,2.597779622238575,3.3209350705491065,9.803699080903215,373.65823895904714,34.04192693092003,17.286109762839725,-41.89668946406267,3.526166997165,32.443740836792415,-0.062198239158478,-0.04490777728497733,-0.017290461873500668,0.9734746889040364,0.9724205247583904,0.8443709813093976,0.6496487196583758,-13.947428777721502,-13.854142454661094,-0.7900533600826314,28.94660986025076,0.99745375,1.2114643678878727,0.7834431321121273,42.91138669594909,-16.016156137565275,-30.85227909257555,6.925437937224439
QNCCF,1D,1755005400,2025-08-12,0.835,0.8868,0.8068,0.86,512317.0,440592.62,2.6620508535275142,-2.934537246049664,-20.810313075506453,-31.2,3.063949757292799,2.782224159517597,3.2511158749968683,9.580838323353301,-16.83307178245937,-51.275487010383515,86.66793735176735,-22.54610306849845,-13.175109685276654,35.6967812034127,-0.06306660356614013,-0.04853954254120989,-0.014527061024930246,0.9626675756750805,0.9680118767286495,0.8446804668280233,0.651741767223964,-10.664904300228857,-11.15811482537493,1.8136483289953602,31.954102567815063,0.98345375,1.1949516567715563,0.7719558432284437,43.011256354771405,-12.55308142350365,-28.030561309610402,11.405335880785806
QNCCF,1D,1755091800,2025-08-13,0.877,0.8824,0.8352,0.8352,258716.0,216079.6032,-2.8837209302325504,-5.0909090909090855,-18.117647058823525,-32.64516129032258,3.1895669364960457,2.5260023602143846,3.2643759986239504,5.381984036488017,-50.95705343407704,-15.257424009206547,-43.93707075119377,-56.32265794174715,-56.62460795165881,33.7503729531316,-0.0650065858961758,-0.05183295121220307,-0.013173634683972736,0.9505278065631682,0.9628035678373299,0.8444927348116268,0.6535672222764619,-12.13302817306943,-13.253333504357045,-1.1003925112155737,27.79098637947095,0.96921375,1.1803703586314844,0.7580571413685155,43.57276372347884,-13.827058272749426,-29.242547146954212,10.176390989763519
QNCCF,1D,1755178200,2025-08-14,0.835,0.846,0.8141,0.8141,135194.0,110061.4354,-2.5263409961685834,-10.06159030021818,-20.02946954813359,-34.872,2.8737643436291416,2.518917361859192,3.24901684760328,3.8203592814371174,-49.06440322452425,-22.130214727453605,-73.76566703895129,-90.51753456529394,-76.23586795252541,32.14444425542507,-0.06746889016163182,-0.05496013900208882,-0.012508751159543002,0.9375346821285807,0.9569720553731209,0.8438908984787233,0.655164563348338,-13.165879031625188,-14.92959533885401,-3.530183644879587,24.25885732271501,0.9507187500000001,1.1477067743028702,0.75373072569713,41.43981052290598,-14.370048976103606,-29.06724799158797,8.009395430580888
QNCCF,1D,1755264600,2025-08-15,0.8124,0.81732,0.785,0.79614,315692.0,251335.02888,-2.2061171846210645,-13.641392775789141,-20.05021088572003,-37.65544244322631,2.537283606347664,2.5193782745204722,3.1849815715598515,3.978335795174793,128.35885064242945,66.3872752184947,82.97321916663843,-73.45558091417631,-42.872852646135236,30.80099582304183,-0.07006187623671412,-0.05798048644901388,-0.012081389787700236,0.9240685219258588,0.950664915946724,0.84294533613261,0.6565673040115385,-13.8440514843252,-16.25440398132708,-5.552594471588223,21.257941895018366,0.93377575,1.1225693486540562,0.7449821513459437,40.43660346802886,-14.739700618697803,-29.078769079651085,6.86698984151908
QNCCF,1D,1755523800,2025-08-18,0.8094,0.8094,0.7342,0.75,541581.0,406185.75,-5.795463109503348,-15.739804516346478,-22.760041194644696,-43.18181818181818,2.838309965714465,2.741182033702963,3.141542446933647,9.290832715591801,61.611277110893106,48.37339358249628,77.6828433615363,-61.25331604838641,-2.9547815508171005,27.608608755278397,-0.07497567585409537,-0.061379524330030175,-0.013596151524065195,0.9074905674567294,0.9427957035566563,0.8411048344270138,0.6574969825785879,-17.35451288470156,-20.449361704698358,-10.831567088670601,14.068964553819164,0.91395075,1.0922069822690237,0.7356945177309764,39.007842002213714,-17.938685426977333,-31.33169699740429,1.9444867297835084
QNCCF,1D,1755610200,2025-08-19,0.7575,0.7575,0.70406,0.7249,253413.0,183699.0837,-3.346666666666668,-18.632843192277477,-22.88297872340425,-42.008,2.661023668233997,2.747095504903474,3.088351312677537,7.0547854785478465,-54.774611443163636,64.24249307500527,-32.34463303906847,-89.72005857972974,-49.686762640165696,26.02817835933095,-0.0799733744049883,-0.0650982943450218,-0.014875080059966503,0.8901009896037075,0.9342507740054149,0.8388037485967759,0.6581676593688507,-18.559802936210488,-22.40841322591203,-13.579308483936083,10.139109644971347,0.8961957500000001,1.0754940789736638,0.7168974210263364,40.013206707053385,-19.11365346242716,-32.5984201891872,1.116279503726886
QNCCF,1D,1755696600,2025-08-20,0.7,0.7312,0.69314,0.71144,245199.0,174444.37656,-1.8568078355635298,-15.072221559030686,-21.03884572697004,-42.764279967819796,2.346116290762321,2.669471654112041,3.0804371415755654,5.437142857142855,-5.037971313517218,-67.071616080816,-55.862159687514556,-61.82079481761941,-50.95680006102326,25.19525390592976,-0.08405130490036039,-0.06888889645608952,-0.015162408444270872,0.8730856572604972,0.9255130965934378,0.8362816941691169,0.6586977324099567,-18.514295351924222,-23.130207166314854,-14.928186882429936,8.007051640678469,0.8774677500000001,1.051728318129305,0.7032071818706953,39.71896816248911,-18.921236706420277,-32.35515410810381,1.1707528508743945
QNCCF,1D,1755783000,2025-08-21,0.71,0.8035,0.71,0.75422,158930.0,119868.1846,6.0131564151579955,-12.299999999999999,-14.873589164785553,-34.15800960279354,3.407376377614765,3.317464266474637,3.1761729978655473,13.169014084507047,-31.285727311036922,-72.793873714907,-86.74394746424838,-82.28104161608884,-64.44568716119218,32.579929848866456,-0.08287576548903819,-0.07168627026267925,-0.01118949522635894,0.8617651184737832,0.9187957202564403,0.834656710126164,0.6596482027342357,-12.479632346253405,-17.912112195135872,-9.63710099616949,14.33670202901562,0.8641787500000001,1.033398337042243,0.6949591629577572,39.1630983849679,-12.724074735695606,-27.015558960671214,8.527240189197272
QNCCF,1D,1755869400,2025-08-22,0.7599,0.8016,0.7447,0.776,252152.0,195669.95200000002,2.8877515844183423,-7.088122605363988,-11.818181818181817,-34.01360544217687,3.7285910096126442,3.472462218171262,3.185856548053819,7.4878273457033755,63.23760358342828,-9.445431636186932,-23.261726091160703,-60.90021346766189,-40.15882544788427,36.04172079790252,-0.0792728697623436,-0.07320359016261212,-0.0060692795997314836,0.8535970119524705,0.9131958880895211,0.8334951911137648,0.6608059320602633,-9.090590860314679,-15.023708481270749,-6.898083123543443,17.432359842864038,0.8520787500000001,1.0097890275304993,0.6943684724695011,37.017770371693715,-8.928605483941487,-23.15226459751148,11.756226091340068
QNCCF,1D,1756128600,2025-08-25,0.8041,0.8041,0.75,0.7669,157426.0,120729.9994,-1.1726804123711336,-5.797813536420589,-15.27605159223354,-35.06350550381033,3.6779168510161035,3.3178500880892625,3.169460829253201,6.728018903121506,-38.29916235682422,9.693280812872262,-14.582077772605038,-62.75669043529986,-62.29555255016555,35.22783074741997,-0.07627261960880982,-0.07381739605185166,-0.0024552235569581665,0.8453401536712828,0.9074587944389517,0.8321764744580467,0.6618615944278229,-9.279123123469283,-15.48927568946577,-7.844066308238022,15.870146637377031,0.8406337500000001,0.9878360050396143,0.6934314949603858,35.021733314803086,-8.771209816403402,-22.365656233673555,10.59491897520624
QNCCF,1D,1756215000,2025-08-26,0.76522,0.7669,0.73,0.74491,375575.0,279769.57324999996,-2.867388186204207,-6.434797899866858,-19.19839461980693,-34.657017543859645,3.72150580196096,3.2376458968605673,3.157994912461063,4.82214265178642,131.73161156331452,11.313402869751213,85.21133798796473,-21.290369166934227,-11.933091662736492,33.2725257440929,-0.07480698066106894,-0.07401531297369511,-0.0007916676873738343,0.8357753771311606,0.901084331911934,0.8304484254588774,0.6626879467220734,-10.871985418266378,-17.331821937305367,-10.300269449196902,12.407356084357737,0.82932925,0.969296647785155,0.689361852214845,33.754361801457016,-10.179220134825831,-23.149429877620957,8.057908572498572
QNCCF,1D,1756301400,2025-08-27,0.779,0.97892,0.7465,0.951,784896.0,746436.096,27.66642950155052,26.799999999999997,6.8419278732726605,-15.089285714285728,10.194661144247592,8.11485772556916,6.089939908800134,29.835686777920404,166.8038869734381,83.7671794246844,172.6616004032391,49.883347239307945,128.99674782426268,57.23152763525602,-0.05636595891385243,-0.07048544216172657,0.01411948324787414,0.8467491507377167,0.9030418090918582,0.8328355853507808,0.665556723371605,12.311892981700227,5.310738708362886,14.188204338008637,42.88789619348814,0.8298792500000001,0.9716565886079285,0.6881019113920717,34.16818497580905,14.594984752299792,-2.1259145309273073,38.206272102350304
QNCCF,1D,1756387800,2025-08-28,0.9664,1.0,0.8716,0.8848,347821.0,307752.0208,-6.961093585699256,22.058214926196722,-0.6847008642945329,-25.270270270270263,10.63098746871749,8.356267374386146,6.092326617211225,13.286423841059596,-58.770479824169705,67.53051490588356,175.15629434281647,-57.56287498314385,-1.3755925556260409,50.90830560705371,-0.04655642952314032,-0.06569963963400932,0.019143210110869002,0.8503730411436484,0.9023264440294324,0.8338645836606664,0.667738248512186,4.048453700984163,-1.942361785515918,6.108355881446252,32.50701183756628,0.8290692500000002,0.9693896508073906,0.6887488491926098,33.850103789856,6.722086243097282,-8.726073229370364,28.464824447578014
QNCCF,1D,1756474200,2025-08-29,0.84,0.878,0.8122,0.8759,223789.0,196016.7851,-1.0058770343580492,23.116496120544255,4.56010504954041,-22.82819383259912,10.575048666814597,8.187924296065479,6.060980362886068,7.8333333333333295,-36.30690560846514,12.366353656909194,-62.999575671864896,-62.25257621438084,-34.93626253391065,50.10678202226636,-0.039050314706791656,-0.060369774648565785,0.02131945994177413,0.8528041800823486,0.9012901128910233,0.8346969681426334,0.6698095097210199,2.7082207682684243,-2.817085478679083,4.936286272735788,30.768522585595736,0.8285642500000001,0.9681321422702047,0.6889963577297955,33.689093457798734,5.7129848409462385,-9.526813359788525,27.126941989365744
QNCCF,1D,1756819800,2025-09-02,0.8292,0.881,0.7955,0.8146,219203.0,178562.7638,-6.998515812307343,8.005621701890693,-5.27906976744186,-28.948975141735723,11.101881402836112,8.390873716660405,6.155560862219161,10.311143270622289,-8.904350355045192,48.965936537592306,-59.47213918381111,-55.025836477497606,-39.26157495242171,44.86703645159493,-0.037614466178805706,-0.05581871295461377,0.018204246775808064,0.8491656867411725,0.8978905006207871,0.8342990083774328,0.6712502111168307,-4.070546806221604,-9.276242544408413,-2.361144886860639,21.355641534125247,0.8252942500000001,0.9629398010822907,0.6876486989177095,33.35672121362546,-1.2958105548415155,-15.40488833419961,18.46165073562986
QNCCF,1D,1756906200,2025-09-03,0.8075,0.8326,0.80424,0.82,89642.0,73506.44,0.6629020378099633,5.670103092783496,-1.8199233716475218,-24.074074074074083,11.093735158075177,8.35572290171791,6.095294607417184,3.512074303405579,-58.834396132929925,-62.433455291081174,-65.9817775896397,-83.7263334094033,-73.87648784545951,45.40860797961201,-0.03563008951239166,-0.05178098826616935,0.01615089875377769,0.8463880022896323,0.8948359711846778,0.8340158596966916,0.6727303085186532,-3.117719322373194,-8.36309375064596,-1.6805267590221595,21.891341837360265,0.8210355000000001,0.9537124343141368,0.6883585656858635,32.31941476687344,-0.12612122131140358,-14.020204571443617,19.123962550385663
QNCCF,1D,1756992600,2025-09-04,0.82,0.82,0.7901,0.8128,106589.0,86635.5392,-0.8780487804878031,5.985134958925537,-0.1596855423166784,-25.156537753222846,11.08470779076269,8.328354692375571,6.090509599410734,3.6463414634146254,17.861155022607537,-28.2402554207252,-21.28438186805621,-63.29471564044313,-68.65580276728636,44.777035433668374,-0.03424369651719661,-0.048273529916374805,0.014029833399178196,0.8431891449287149,0.8916188742754748,0.8335957436630937,0.6741240367920994,-3.6040721244441647,-8.839973731996498,-2.4947036763540136,20.571282974540836,0.8155805,0.9399307151948214,0.6912302848051787,30.493670507036736,-0.3409228150991931,-13.525541099959776,17.587440519780667
QNCCF,1D,1757079000,2025-09-05,0.786,0.8321,0.78,0.83,227807.0,189079.81,2.116141732283464,11.422856452457344,4.253020825482955,-18.62745098039216,10.948634020985837,8.309978006458692,6.030939305043199,6.628498727735359,118.24739794543808,-32.415877894255594,-24.769813884448148,-50.94230157116596,-29.933015726751776,46.68476587256597,-0.03139516985124957,-0.044897857903349755,0.013502688052100184,0.8419330358878849,0.8892024478332994,0.83352454081828,0.6756750414011332,-1.4173378854650405,-6.657926772194202,-0.4228478761788993,22.84011531324974,0.8125755000000001,0.9323995757902916,0.6927514242097086,29.492416591514637,2.1443545861276694,-10.982370482472488,19.81209579566937
QNCCF,1D,1757338200,2025-09-08,0.89,0.89,0.8,0.8195,313724.0,257096.818,-1.2650602409638498,-13.827549947423758,9.266666666666667,-19.49901768172888,3.3037415255306155,8.140943378971341,6.032065517245821,10.112359550561795,35.972644567391946,-65.5567543721787,-36.70461900743687,-38.71819405111865,-2.7773495394632546,45.64803760698096,-0.029643245314097344,-0.04184693538549927,0.01220369007140193,0.8397965562795149,0.8864690185065033,0.8332468271387101,0.6771061355165449,-2.416842046772986,-7.554580826674652,-1.6497905171646923,21.02977022573085,0.8090055000000003,0.9234147383463698,0.6945962616536308,28.283921023125174,1.2972099695242785,-11.25331165197319,17.982207109639482
QNCCF,1D,1757424600,2025-09-09,0.819,0.84184,0.8,0.805,150477.0,121133.985,-1.769371568029281,-9.01898734177215,11.049799972409996,-19.160473990761194,2.6317286110050713,8.09176943407641,6.028827146482281,5.108669108669107,-52.88390344838885,-60.63909355164826,-34.05847075545319,-11.813823625374422,-54.09858950855608,44.18867205284304,-0.02908953526004243,-0.039295455360407905,0.010205920100365473,0.8364825985386087,0.88327415503566,0.8326874840270525,0.6783787112825493,-3.7636884011228564,-8.86181878971652,-3.3250750801669233,18.66528041218441,0.8073705000000002,0.9210248657718283,0.6937161342281721,28.154203249147216,-0.29360745779046465,-12.59736518346855,16.041700672803614
QNCCF,1D,1757511000,2025-09-10,0.8,0.8265,0.8,0.8113,150270.0,121914.051,0.7826086956521705,-7.37527114967462,14.036320701675484,-16.446961894953652,2.733263234963414,8.052714944571537,6.022228422426525,3.312499999999996,0.6439695680778653,-37.80427990500697,-30.112937198598793,-46.66963272984503,-53.1719562589729,45.011242526209955,-0.02782164806373122,-0.037000693901072565,0.009179045837341346,0.834084255820646,0.8804516391519086,0.8322639694918633,0.6797013111702852,-2.7316491903121776,-7.854109876894387,-2.5189086948775157,19.36125275426245,0.8049355000000002,0.9160332645994563,0.6938377354005442,27.60414085338665,0.7906844709917467,-11.43334730810806,16.929356621349847
QNCCF,1D,1757597400,2025-09-11,0.869,0.9341,0.8198,0.872,373680.0,325848.96,7.481819302354244,7.046403142646699,15.616133223727823,-7.234042553191484,2.9214766473689755,8.123605548567994,6.162492458431801,13.153049482163414,167.27760855063377,82.484272233246,171.83940516606444,20.008388276124553,24.296293779529087,52.30507458106311,-0.02166906808868707,-0.03393436873859547,0.012265300649908398,0.8376952790758226,0.8801202023224219,0.8330508215811333,0.6816147309596357,4.095131222659346,-0.9226242393930643,4.6754864661127185,27.931507403357266,0.8067755000000002,0.9209924529404308,0.6925585470595697,28.314432686771106,8.08459106653583,-5.319528165948995,25.909932626244213
QNCCF,1D,1757683800,2025-09-12,0.9169,0.9354,0.85,0.90902,416832.0,378908.62464,4.245412844036704,10.856097560975622,17.14175257731959,0.8901220865704803,3.1212792131553053,8.149633464253991,6.161922935848615,9.313992801832264,16.283515110804704,415.4767727018203,93.6468122811212,-4.128704535044,44.83660935539609,56.127237870155504,-0.01364856733229991,-0.02987720845733636,0.01622864112503645,0.84448810964003,0.8812535277215426,0.8345551617478435,0.6838774699550622,7.641539250028913,3.1507927520298136,8.9226981828501,32.921472037926925,0.8115215000000002,0.9341407161571598,0.6889022838428407,30.21958534854825,12.014284279590843,-2.6891790201052976,31.951950417306907
QNCCF,1D,1757943000,2025-09-15,0.9121,0.98,0.903,0.9132,226538.0,206874.5016,0.45983586719763714,12.352362204724415,19.07680271221802,3.069977426636569,3.006806472386066,8.12317776027454,6.152277116682542,8.442056792018414,-45.402535559450286,138.78711151370084,71.3530213104598,-77.12204226110362,-13.211096485838016,56.550632236441395,-0.006875712696015945,-0.025276909305072277,0.01840119660905633,0.8510320991981224,0.8825063305559919,0.8361124852775892,0.6861592861744148,7.305000699792028,3.4780112483352528,9.219754049817565,33.088630934577736,0.8173745000000002,0.9474468917631887,0.6873021082368117,31.826877829731288,11.723573466018301,-3.6146502839283827,32.86733578377947
QNCCF,1D,1758029400,2025-09-16,0.9132,0.9263,0.886,0.9202,130532.0,120115.5464,0.7665352606219893,10.86746987951808,23.531701816326812,4.56818181818182,3.0185745975055265,8.035533466281787,6.150314178724206,4.413053000438021,-41.93796457707091,-36.47362645435279,-57.06625813355849,-52.89281973987965,-48.639938364038954,57.29390194198391,-0.0009325848448417107,-0.020408044413026162,0.01947545956818445,0.8576195183221107,0.8839845136714433,0.8377775845790231,0.6884880494960625,7.296998300636264,4.096846242039169,9.838221616109912,33.65518844859234,0.8258845000000002,0.9594356090893537,0.6923333909106468,32.34135259575724,11.419938260131985,-4.089446828703183,32.912844025857744
QNCCF,1D,1758115800,2025-09-17,0.91805,0.98,0.9,0.925,319123.0,295188.775,0.5216257335361907,12.873703477730327,-2.7339642481598228,2.1901842185212907,2.84190996992294,3.628360366135455,6.132405287413427,8.714122324492125,145.75401257134857,14.816191540729228,-60.45357712711685,108.84959786846477,23.51106749056394,57.82665857221818,0.004117245635079314,-0.015502986403405066,0.01962023203848438,0.8640367070533382,0.8855929641157004,0.8395047611220127,0.6908414022373952,7.0556369247977395,4.449790985370925,10.184008815354604,33.89469667050158,0.8358895000000002,0.967649513885081,0.7041294861149193,31.52570139595744,10.660559798872919,-4.407537364830018,31.367883072721227
QNCCF,1D,1758202200,2025-09-18,0.97,1.08,0.944,1.06,686591.0,727786.4600000001,14.594594594594595,31.67701863354037,19.80108499095841,14.979932747586505,4.924627216654993,4.7908815266061335,6.648817085778975,14.020618556701045,146.5495037878727,500.8111266214845,136.48470548077069,381.8047311587855,181.8449945880284,69.39185850849162,0.018795976117808588,-0.008643193899162335,0.027439170016970924,0.8826998778101631,0.8924324557190063,0.8438710034760322,0.6945146221156301,20.086116090747637,18.77649599218011,25.61161547602654,52.624576394234666,0.8533175000000004,1.0052823911920046,0.7013526088079962,35.61743224345079,24.22105488285422,5.443008779166475,51.13653056791978
QNCCF,1D,1758288600,2025-09-19,1.06,1.112,1.0,1.046,727526.0,760992.196,-1.3207547169811331,28.928879575989153,19.420025117022494,17.514885967868782,5.176909660011131,4.80288586069638,6.6157900645820655,10.566037735849065,4.562565783375513,524.2038466919616,288.2280773107119,177.97871936747202,177.2655141058079,67.3297980442457,0.02896539770834794,-0.00112147557766028,0.03008687328600822,0.8982522703996714,0.8984547123574766,0.8478735578626454,0.6980119890597531,16.448355820418833,16.422117399259424,23.367451467268296,49.85415958384885,0.8679065000000004,1.0343493392301637,0.701463660769837,38.35501617516709,20.51989471216077,1.126375812112723,49.11677660565394
QNCCF,1D,1758547800,2025-09-22,1.09,1.15,1.045,1.1,755197.0,830716.7000000001,5.162523900573618,26.146788990825698,35.035600294623144,23.470647659670004,5.003338420594877,4.279133722974253,6.661741327717035,9.633027522935777,9.16231524665991,154.93919023095856,365.2239259302953,642.7308786681839,178.36634979668233,70.9194026008032,0.04091049556180937,0.007284918650233649,0.03362557691157572,0.9174663398854169,0.9063584491277716,0.8528661606772465,0.7020118697656262,19.895406750004575,21.36478686314208,28.97686069834319,56.69250726020434,0.8841065000000004,1.0731503476412227,0.695062652358778,42.76494916420642,24.419399699018122,2.501946946929915,58.25911466642884
QNCCF,1D,1758634200,2025-09-23,1.12,1.15,1.03,1.071,572382.0,613021.122,-2.6363636363636487,17.81918989681194,30.609756097560975,27.850065655962748,5.417293146804364,4.447813221418747,6.573273245058654,10.714285714285703,-26.20575438052468,61.78600383731819,733.9692712638512,15.714792610938911,103.52575534543867,66.68206790094133,0.04748958367421574,0.015325851655030066,0.032163732019185674,0.932088593229663,0.9128149805345257,0.8571856426440337,0.7056833934495503,14.903240719748808,17.329362777640256,24.94376325488195,51.76777715636669,0.8993115000000003,1.0969251927720318,0.7016978072279686,43.94777399644762,19.091104695091705,-2.3634421875676406,52.629805732320314
QNCCF,1D,1758720600,2025-09-24,1.07,1.17,1.06,1.124,728813.0,819185.812,4.948646125116729,23.08366184844504,38.28740157480317,30.697674418604663,5.4026846266390125,4.429860115602228,6.6050775306921485,10.280373831775687,33.63092764689437,295.9820111537613,845.5540065479273,85.9281737401775,161.03639677804227,70.1878401376554,0.056330868278816504,0.023526854979787355,0.03280401329902915,0.9503658700649332,0.92109674600376,0.862469095264944,0.7098457477435847,18.27024048361537,22.028441081411856,30.323510276587456,58.344260506300735,0.9182660000000002,1.1254931677555788,0.7110388322444217,45.13445292662007,22.404619140858944,-0.13266786492861202,58.07856744645725
QNCCF,1D,1758807000,2025-09-25,1.15,1.15,1.03,1.05,473109.0,496764.45,-6.583629893238439,14.105629211041082,26.506024096385556,25.718390804597696,6.387936205490527,5.003976091626597,6.71187711170254,10.434782608695643,-39.35875808356896,313.5721518892412,162.72739008993082,129.89881628957008,53.712955847719165,60.6000375111629,0.05671271954135215,0.030164027892100313,0.02654869164925184,0.9598548348206539,0.92615177557224,0.8661825785270243,0.7132303671690217,9.391541502855427,13.372346487295573,21.221556058719642,47.21751180725744,0.9232160000000003,1.1379287277456984,0.7085032722543022,46.51408288974586,13.732864248453206,-7.727085677842951,48.19973895944475
QNCCF,1D,1758893400,2025-09-26,1.03,1.09,1.03,1.06,276210.0,292782.60000000003,0.9523809523809532,14.594594594594595,29.34716290420989,30.205134504360643,6.374514029151887,4.938694394382133,6.680436025128619,5.825242718446607,-41.06208687034669,-0.8151309276580685,13.88028925352162,166.01742829895895,-11.080598974002344,61.36803009207286,0.057163312757967044,0.03556388486527366,0.021599427892693382,0.9693924695996393,0.9314007255497992,0.8700205472690634,0.7166808112767926,9.346836626220318,13.807083344742892,21.836202987075364,47.904057611305646,0.9319760000000002,1.1538800778714957,0.7100719221285048,47.62012710016039,13.736834424920788,-8.136034209436348,49.280652701004456
QNCCF,1D,1759152600,2025-09-29,1.12,1.16,1.09,1.097,391292.0,429247.32399999996,3.4905660377358414,3.4905660377358414,36.27329192546583,37.789835958499765,4.0350217319908905,4.838856190664632,6.665087874181832,6.249999999999986,46.609574476078805,-41.020155280162825,254.35746954085593,70.78690778313447,28.05791422022288,64.15228564224864,0.059816474819326615,0.040414402856084254,0.01940207196324236,0.981545567733007,0.9378948147439248,0.8745151898973988,0.7204650818113519,11.762513739800005,16.964075582347256,25.44093146383241,52.26275744578566,0.9430310000000002,1.1744834751131417,0.7115785248868586,49.08692823738382,16.327034848271136,-6.597238424804355,54.16429271448624
QNCCF,1D,1759239000,2025-09-30,1.120062,1.124,1.088,1.1143,447281.0,498405.2183,1.5770282588878846,6.529636711281073,37.34746702822631,48.57333333333334,3.967547190379955,4.82480925993589,6.534441204675933,3.2141077904616027,16.111432834465393,-34.505869978724455,308.8168789502368,22.703767500460074,47.33868731505325,65.40765439266656,0.06259355079538531,0.04485023244394447,0.017743318351440843,0.9941888469965302,0.9448126651461238,0.8792634039588365,0.7243838372162141,12.081321709283776,17.938723845077106,26.73107910359101,53.82728641243879,0.9580160000000003,1.1930473958942471,0.7229846041057535,49.066277785391215,16.313297481461657,-6.600525357605099,54.124997084586255
QNCCF,1D,1759325400,2025-10-01,1.12,1.12,1.07,1.09,447180.0,487426.2,-2.180741272547787,-0.9090909090909097,25.00000000000001,50.36556766450546,3.6857011556585513,4.739465590336341,6.508784121636181,4.464285714285718,-2.202829725067507,-41.32461764642507,49.586544637122664,165.33948356324873,39.90578501019408,62.11712306089598,0.062117544214857046,0.04830369479812698,0.013813849416730063,1.0033137187111465,0.9505062861207857,0.8834364058606418,0.7280218089852071,8.639997607150283,14.67572765336643,23.38182949774687,49.72078948010583,0.9715160000000003,1.204292779460492,0.7387392205395085,47.92031823675405,12.195784732315246,-9.490447954997597,47.548684257478904
QNCCF,1D,1759411800,2025-10-02,1.09,1.09,1.01,1.05,733775.0,770463.75,-3.6697247706422047,-1.9607843137254815,15.509009702756812,47.587990554368616,3.8046417151118703,4.873974897775478,6.5485318357630895,7.339449541284409,58.06777518319696,25.683067409869775,103.33761226259112,341.66728970767343,109.21543424574706,57.03100022250963,0.05784582915359027,0.050212121669219636,0.00763370748437063,1.007760031214847,0.9544080003905588,0.8867346948535003,0.7312255720798816,4.191470933237268,10.015842236268288,18.411967648730965,43.5945404662755,0.9833760000000004,1.2065713955080573,0.7601806044919436,45.393704037531265,6.775028066578772,-12.976554565354078,38.12507104173663
QNCCF,1D,1759498200,2025-10-03,1.1,1.17,1.06,1.121,1390247.0,1558466.887,6.7619047619047565,-0.2669039145907574,22.755146736749886,48.6303731006868,4.189286859409096,5.076379892926811,6.5670831064929125,9.999999999999988,102.2764714108873,90.24583484851665,653.3392829694194,1200.1505713969077,274.4364754118817,62.84616702752722,0.059503649784750534,0.05207042729232582,0.007433222492424715,1.0185447901467664,0.9609410199830859,0.8913736117870944,0.7351039245964996,10.05897932465694,16.65648324802821,25.76095872442678,52.495444860441964,0.9979260000000003,1.2171350513094712,0.7787169486905294,43.932927152809086,12.33297859761141,-7.898470363337495,43.954745287751216
QNCCF,1D,1759757400,2025-10-06,1.15,1.2,1.15,1.2,1626990.0,1952388.0,7.047279214986616,14.285714285714276,30.406433384046938,54.63917525773196,3.8036312353086847,5.257302242616866,6.637905728461555,4.347826086956526,25.276193949701792,293.02087739974144,1525.424900036087,897.7965344418338,311.2247953891809,68.03053405324734,0.06642640213355411,0.05494162226057148,0.011484779872982631,1.0358262387042172,0.9703158819445336,0.8974850254150727,0.7397297561925543,15.849546493546876,23.671066539194904,33.706966246597695,62.22140450000171,1.0169510000000002,1.2369610417617327,0.7969409582382676,43.268562941918056,17.99978563372274,-2.988052211336524,50.57577196844571
QNCCF,1D,1759843800,2025-10-07,1.2776,1.51,1.22,1.5,3920553.0,5880829.5,25.000000000000007,41.50943396226414,62.16216216216215,95.59264571652105,8.837497975689441,7.876899427799389,7.822034255352174,22.698810269254853,201.21213099035643,1908.5993839797854,1892.2266691882169,4771.0589987793865,781.9781705690062,79.64572919281524,0.09502483884975566,0.0629582655784083,0.03206657327134735,1.0800332635895298,0.9910878081427872,0.9094160150108138,0.7472946342403896,38.88461129564617,51.34884998846573,64.94101436977263,100.7240426026504,1.0517010000000002,1.3367567673087835,0.7666452326912171,54.20851882974023,42.62608859362116,12.211887508889511,95.65764398409262
QNCCF,1D,1759930200,2025-10-08,1.62,1.72,1.52,1.572433,2732223.0,4296237.608559,4.828866666666665,43.339380127620785,48.342735849056595,111.0903330603697,8.807849170459981,7.301087416443584,7.766598790122605,12.345679012345675,-26.945040515814984,900.8769696043581,490.3156825092624,1435.634328869607,436.58736204952453,81.40261270159255,0.12212624836985952,0.07479186213669856,0.04733438623316097,1.126928476581003,1.0138856588038543,0.9225450642185204,0.7555049662379976,39.53263518290145,55.08977628257408,70.44511547324723,108.13006800337239,1.0897576500000004,1.4334688529650879,0.7460464470349129,63.08030101281462,44.29199005852351,9.69425647076104,110.76878071727008
QNCCF,1D,1760016600,2025-10-09,1.61,1.62,1.36,1.45,2401317.0,3481909.65,-7.786214102604055,30.126536839271278,38.62332695984703,52.47108307045216,9.956834839199615,7.756300037382241,6.4831997423866925,16.149068322981368,-18.95444416148421,598.610191497668,357.5486671613647,366.4712315841703,290.4177979365131,70.34926825180258,0.13220105926601078,0.086273701562561,0.04592735770344977,1.157697193097098,1.030988181988017,0.9329897164122131,0.7624153645838881,25.24864089209085,40.64176731919641,55.41436036143421,90.1850444463934,1.1186576500000003,1.4809666098170442,0.7563486901829564,64.7756639070128,29.619638322770115,-2.090972855955868,91.71051907940151
QNCCF,1D,1760103000,2025-10-10,1.51,1.51,1.32,1.409,1370836.0,1931507.924,-2.8275862068965467,29.266055045871553,28.090909090909083,59.24502712477396,10.019227209850921,7.842920874633045,6.3419315850963836,12.58278145695364,-44.52733935815939,296.2667423294029,132.5110262018327,527.6182749276686,104.18340720623738,67.0651246071987,0.13531720957762783,0.09608240316557437,0.03923480641205346,1.1816307937545174,1.045812174851232,0.9424156626218723,0.7688490425482276,19.241983828386783,34.727825309590806,49.50939971435264,83.26094226899133,1.1436566500000003,1.5135730318228493,0.7737402681771512,64.69011163846228,23.201312212017452,-6.909017908234549,82.10245194029416
QNCCF,1D,1760362200,2025-10-13,1.425,1.5,1.42,1.49,882540.0,1314984.6,5.748757984386087,41.9047619047619,39.12231559290383,70.11074323552917,9.49142700883146,7.780882858231629,6.359996885203133,5.614035087719303,-31.919274901198904,70.67442822585748,114.50885667851426,570.8530595117898,33.73639676574358,70.0407567710642,0.1426780998835655,0.1054015425091726,0.03727655737439291,1.2109992895874204,1.0632313052492228,0.9532589168273797,0.7760246739656582,23.038883078753354,40.13883833591055,56.30590741904549,92.0042042459513,1.1724966500000005,1.5557457032968185,0.7892475967031826,65.37315962426294,27.079254341579517,-4.225992921432802,88.78739779810238
QNCCF,1D,1760448600,2025-10-14,1.47,1.75,1.47,1.704,2295623.0,3911741.5919999997,14.362416107382547,52.007136485280995,51.601423487544466,109.18242082003438,9.99081667884543,8.336142565206353,6.509543938229657,19.04761904761905,197.47432722786255,150.99933945532712,377.51578881104933,2090.6815893493695,253.1391786603755,76.1672371741722,0.16389044300208022,0.11709932260775412,0.046791120394326105,1.2579517381981422,1.0883594893570965,0.9681250768902039,0.7852582592993332,35.45829686922376,56.56591564305354,76.0103152656227,116.99867270679046,1.2116866500000003,1.64122693302932,0.7821463669706805,70.89956516881979,40.63041793849916,3.8247646140449025,117.86203605339716
QNCCF,1D,1760535000,2025-10-15,1.72,1.87,1.65,1.73,2357271.0,4078078.83,1.5258215962441328,44.16666666666667,64.76190476190476,110.97560975609757,10.143123478141598,7.896826174582828,6.502441363296252,12.790697674418617,4.252255270138007,108.87645437279885,720.9280736574447,5447.920467920906,228.56171996397214,76.78829426405693,0.18071617686414054,0.1298226934590314,0.05089348340510913,1.302908715512605,1.1135218623234848,0.983211709030992,0.7946586746296881,32.77983172592134,55.3629128026428,75.95396638481941,117.70353174665615,1.2519366500000004,1.7159587437034207,0.7879145562965801,74.12868593685154,38.18590581240667,0.8182747020056619,119.56695509364444
QNCCF,1D,1760621400,2025-10-16,1.8,1.83,1.56,1.593562,1170838.0,1865802.944956,-7.886589595375726,6.237466666666661,50.33603773584904,96.05831692913385,7.4328216287341435,8.44301983651861,6.748585255295777,15.0,-54.2479921861638,-68.27313315313766,537.2656520421635,2053.6230537548267,43.46848951750708,66.9315261303564,0.180955345253343,0.14004922381789373,0.04090612143544928,1.3305899807018806,1.1323469657617795,0.9952978534066159,0.8026079614492931,19.76356526894954,40.73089328481053,60.109056253432,98.5479931101677,1.2786147500000005,1.7565721328243968,0.8006573671756041,74.76175021825709,24.631911214851804,-9.280013600255204,99.03170386371929
QNCCF,1D,1760707800,2025-10-17,1.58,1.88,1.48,1.86,1236742.0,2300340.12,16.71965069448193,18.288028806314806,69.55332725615315,124.0963855421687,9.224937612017628,9.125818023809307,7.215218076613536,25.31645569620252,23.289553498600977,-46.456869251895114,435.90086446293145,1116.5974357600635,67.8012300217849,73.96082799787746,0.2003348721080931,0.1521063534759336,0.04822851863215949,1.3810099825397968,1.1608823788691607,1.0124206681906434,0.8131292752657181,34.684037299954866,60.222950563851626,83.71809845843188,128.74591489676484,1.3193147500000004,1.8471377669255096,0.7914917330744913,80.01472232846771,40.982278868632335,0.6963331758355643,134.99929592125582
QNCCF,1D,1760967000,2025-10-20,1.96,2.25,1.9,2.24,2501689.0,5603783.36,20.430107526881724,54.48275862068967,101.02306380687426,173.33740085417938,9.846289597791323,9.985497257147495,7.816820564999658,17.857142857142865,143.60673064294508,60.939941678268426,1024.3428347547863,2079.6393294918184,261.74564416519786,80.36987238797661,0.24354863392183645,0.17039480956511416,0.0731538243567223,1.4628185556312447,1.203200716952723,1.0367291698106307,0.8273269939197906,53.12903923572265,86.17010183247886,116.06414338753095,170.7514702726076,1.3763147500000001,2.02862879338428,0.7240007066157202,94.79140485623361,62.753469001185955,10.419412723758997,209.3919632303523
QNCCF,1D,1761053400,2025-10-21,2.46,2.46,2.13,2.32,2478118.0,5749233.76,3.5714285714285547,64.65578424414477,112.84403669724767,188.1987577639751,9.178122685758028,9.773951836586857,7.750961552312797,13.414634146341466,2.5955750009579144,197.65519926492414,1079.5085615012076,4646.177350641936,231.04391092295185,81.40739467232176,0.28101185318990507,0.19251821829007235,0.08849363489983272,1.5444548836663643,1.2469967672683024,1.062140473378737,0.8421794616419818,50.21481200490477,86.04699393746152,118.42685201703415,175.47572764084492,1.4387647500000003,2.1933365173597057,0.6841929826402948,104.89161169116845,61.24943289026225,5.774922436105204,239.08561748867106
QNCCF,1D,1761139800,2025-10-22,2.2,2.26,1.95,2.08,2279747.0,4741873.76,-10.344827586206886,39.597315436241615,98.09523809523809,156.37865154690002,11.193759675255954,10.37759689020755,8.145991675056301,14.090909090909081,-17.5216392662385,260.6029880502022,515.4570880200398,3789.521938697615,150.80031488327853,69.53394026811108,0.28801566483081453,0.2116177075982208,0.07639795723259374,1.595459180460044,1.2796635607087612,1.082296107569257,0.8544960839142008,30.36999162838129,62.54272324891086,92.18400449314184,143.41831860388618,1.4865647500000003,2.2756530541183344,0.6974764458816664,106.1626550903126,39.91990594422474,-8.597666228788862,198.21795592978236
QNCCF,1D,1761226200,2025-10-23,2.2,2.48,2.2,2.44,2237162.0,5458675.28,17.307692307692303,43.1924882629108,117.66280107047278,179.8165137614679,11.568704025560054,10.814610133321855,8.489837712337287,12.727272727272718,15.116419294975083,39.545906896398094,250.25930454690499,1575.2164192882494,164.7540418371055,75.34325514130721,0.3189387005627997,0.23308190619113658,0.08585679437166313,1.6758916394638492,1.3251669504848882,1.109181333161945,0.8702722422832138,45.59413881798492,84.12774323319687,119.98206488422305,180.37203549069966,1.5560647500000002,2.420373346912207,0.6917561530877933,111.08902722874568,56.80581415394184,0.8108936215494025,252.7254494388763
QNCCF,1D,1761312600,2025-10-24,2.52,2.55,2.36,2.511,1893915.0,4755620.565,2.909836065573778,45.14450867052024,109.25000000000003,176.23154606059273,11.503845221164045,10.845656508434235,8.491024503034378,7.539682539682538,-12.879584861475765,16.61423830299034,143.57968626113254,1155.0837473067027,115.4124389028278,76.30297182258943,0.3451953388079416,0.2555045927144976,0.08969074609344402,1.7554257690387207,1.371670207328618,1.1369401186438866,0.886597891613729,43.0422205420304,83.06149587445454,120.85595879887303,183.21745672433732,1.62861475,2.555512565185875,0.701716934814125,113.82652836539458,54.18010920016535,-1.7418253305531088,257.83659698409997
QNCCF,1D,1761571800,2025-10-27,2.63,2.7,2.53,2.56,1273417.0,3259947.52,1.951413779370766,60.64640095584609,70.66666666666667,180.33289531318442,10.240731934343222,9.497331816853933,8.475781012004141,6.463878326996213,-31.45063876642564,74.72089047843566,-44.56653572425455,1475.8092441490141,41.1568412592159,76.96922347364118,0.36574176092242117,0.27755202635608234,0.08818973456633883,1.8320518862731283,1.4182713756686722,1.1651195222350967,0.9032486588613536,39.734033690918444,80.50142193647794,119.71994727966164,183.4214006170978,1.7017647500000002,2.6788567201319577,0.7246727798680425,114.83278991787292,50.43207352837693,-4.436844988339016,253.26288928171925
QNCCF,1D,1761658200,2025-10-28,2.565,2.88,2.48,2.87,1245454.0,3574452.98,12.109375000000002,54.3010752688172,82.51970036243199,211.8887198435123,9.764189728100568,9.707830583300376,8.582944779743583,15.59454191033138,9.647562056459117,55.38802062018549,-16.8003889524419,2875.8454147946995,47.424733214040735,80.67167177120905,0.4024007325400625,0.30252176759287835,0.09987896494718412,1.9309040875804495,1.4752019099561753,1.1988795316957879,0.9228183239473103,48.63503674055089,94.5496396547684,139.3901909344011,211.00379408632844,1.7895497500000002,2.851536400841878,0.7275630991581221,118.68758058744977,60.37553580167301,0.6474965268783092,294.4675043746631
QNCCF,1D,1761744600,2025-10-29,2.93,3.55,2.86,3.51,3621894.0,12712847.94,22.299651567944238,56.69642857142855,142.06896551724134,279.4594594594594,10.149995816438677,10.000061101546294,9.143032471815749,23.549488054607508,255.65855841807715,126.86187390370492,265.11136755084954,4206.684066831471,347.8693361791735,85.7610208390519,0.4775905167699519,0.3375355174282931,0.14005499934165883,2.0812941744775495,1.5549979134873055,1.2446442934443862,0.9485614252015659,68.64506916140708,125.7237755469602,182.00828288751845,270.0340227575813,1.9105497500000002,3.1608966972775736,0.6602028027224265,130.88870858009048,83.7167548241023,11.044438846201551,431.65481659970067
QNCCF,1D,1761831000,2025-10-30,3.68,3.68,3.08,3.38,3586852.0,12123559.76,-3.7037037037037006,45.6896551724138,139.88644428672816,218.86792452830187,10.810592582835978,10.063848764605137,9.088502395764277,16.30434782608696,-4.635375037766712,110.87261826696016,527.673312097683,1565.812766013811,276.6980228932606,81.09028978056224,0.5206868945367313,0.37416579284998075,0.1465211016867506,2.2049804435749256,1.6265666227623132,1.2869285648613291,0.9727548438562768,53.28934140204981,107.79966542408957,162.64084054768077,247.4667868628358,2.02704975,3.366014320691229,0.6880851793087717,132.1096900252427,66.74479745748715,0.41549672628543344,391.2182534429008
QNCCF,1D,1761917400,2025-10-31,3.5,3.62,3.19,3.38,2526700.0,8540246.0,0.0,62.499999999999986,126.8456375838926,223.13575525812615,8.747131180701272,10.219687333754734,9.064211432490497,12.28571428571429,-29.556613989091268,80.10277017581338,549.4559708151714,1022.251456045155,145.57274953554867,81.09028978056224,0.5485181090886333,0.40903625609771127,0.13948185299092203,2.3168870679963613,1.6953287159873205,1.328375523972986,0.9967075319771098,45.88540143749933,99.37136486428035,154.44612152224028,239.11653033215208,2.1399997500000003,3.5341679455439756,0.7458315544560248,130.29610826300097,57.943943685040125,-4.362213339022471,353.1854384285492
QNCCF,1D,1762180200,2025-11-03,3.18,3.31,2.44,2.532,3214061.0,8138002.4520000005,-25.0887573964497,3.7704918032786923,48.591549295774655,130.1818181818182,14.613560421683431,12.78523376723866,10.490400675968521,27.358490566037734,-4.709976129493219,49.08383508022115,108.0403896986251,879.6363130776111,118.68938065687067,57.42862859247543,0.49642554944595085,0.4265141147673592,0.06991143467859168,2.33737401390147,1.728139354576053,1.352209672013125,1.0119840739474868,8.326694185055421,46.51596199666143,87.24906738985548,150.20156593209282,2.20659975,3.540757031082837,0.8724424689171633,120.92426649489441,14.74668208405262,-28.48986875482778,190.21970963227014
QNCCF,1D,1762266600,2025-11-04,2.2,2.4357,2.0,2.318,2503923.0,5804093.514,-8.451816745655606,-7.686180804460377,33.98843930635839,116.43323996265174,13.949931993042528,13.159193016560346,10.651923079951548,19.804545454545462,-28.67913780766209,22.047026979327562,42.324210883387956,846.801554743166,49.04086708540078,53.209091335507765,0.432883794176659,0.42778805064921915,0.0050957435274398555,2.3355288697203775,1.7512711445926785,1.37133423296336,1.0249792572912928,-0.7505310659026937,32.36100001745503,69.03246081671568,126.15091803182108,2.2474997500000002,3.5420690886089234,0.9529304113910773,115.20084383626055,3.1368301598253714,-34.55802408105066,143.24966149587033
QNCCF,1D,1762353000,2025-11-05,2.47,2.7,2.34,2.64,1380707.0,3645066.48,13.891285591026751,3.1250000000000027,65.6666009857163,134.87544483985766,15.300619428897008,13.06870774819179,10.821381304837857,14.574898785425114,-37.19835024698054,11.813655208780784,95.36181405726954,344.9621107451505,-8.610425860756685,58.18728236478194,0.4038538287186477,0.4230012062631049,-0.019147377544457167,2.3645261202231986,1.7861232565694363,1.3964563273601251,1.0410491154276977,11.650278566210053,47.80614889201903,89.04995081304706,153.59034082800213,2.3008781000000003,3.5674407890645226,1.0343154109354782,110.09385408679601,14.738803415965402,-25.997370213051862,155.24129023778863
QNCCF,1D,1762439400,2025-11-06,2.78,2.78,2.38,2.41,867469.0,2090600.29,-8.712121212121211,-16.02787456445993,29.56989247311828,129.52380952380952,11.6340257404029,13.017303038826372,10.893770065695845,14.38848920863309,-42.64575690262856,-41.512720919887435,-9.117774722809255,320.84337758066226,-48.27321700066591,53.785468421962435,0.35815965260517846,0.4100328955315196,-0.051873242926341157,2.3688569659162275,1.8105890112137721,1.4165264990955682,1.054670517264238,1.736830660345898,33.105855888543054,70.13448047309744,128.50738316374083,2.3488781000000003,3.5540950327263685,1.143661167273632,102.62064538184148,2.6021742039316487,-32.190895915597565,110.72674922986032
QNCCF,1D,1762525800,2025-11-07,2.37,2.52,2.19,2.496,733918.0,1831859.328,3.56846473029045,-28.888888888888886,11.428571428571418,135.47169811320754,12.110831323081076,12.069092784782956,10.884339297544178,13.924050632911394,-12.376395585403849,-85.59048816877456,-67.31031143930589,525.6721977330619,-55.243250821303015,55.15164069267057,0.32513817955211666,0.393053952335639,-0.06791577278352234,2.3809658263051583,1.8374678735191143,1.4379022119847649,1.0690121041571312,4.831408011989596,35.83910967758399,73.58621324844627,133.48659854211712,2.4032281,3.5294549719269463,1.277001228073054,93.72617371833711,3.8603035641935026,-29.280865746892353,95.4579169642905
QNCCF,1D,1762785000,2025-11-10,2.72,2.78,2.46,2.4869,545098.0,1355604.2162,-0.3645833333333377,-26.42307692307692,7.193965517241383,126.70009115770281,12.090844663133211,12.063920290490714,10.906211188287687,11.764705882352935,-25.99845438568524,-88.8184308648964,-76.42113240147675,215.80959051010882,-67.12731781383499,54.96647844290574,0.2948354507549644,0.37341025201950406,-0.07857480126453964,2.3910547952284764,1.8629358000477765,1.4586744454108092,1.0831204414291995,4.008490519029072,33.49359650161972,70.49040708323437,129.60512098899036,2.4530731,3.498564350941087,1.4075818490589134,85.23930664284622,1.37896012964309,-28.91655689194218,76.67889094070809
QNCCF,1D,1762871400,2025-11-11,2.55,2.63,2.43,2.54,279494.0,709914.76,2.135188387148665,-24.852071005917157,22.115384615384613,127.94579556672349,11.410868321337881,11.62811021884751,10.903641163547222,7.843137254901951,-47.631118912419915,-91.68742024527162,-85.02881358866037,42.43726468623934,-82.81432589563956,55.89694443342417,0.2719699458483067,0.3531221907852646,-0.08115224493695788,2.4052400528257643,1.8894873373008048,1.480086832630397,1.0976167554448293,5.602764972083134,34.42799800015988,71.61155305232563,131.41046156594234,2.4948731000000004,3.4824722854767556,1.5072739145232452,79.17029411049043,1.8087853847155444,-27.063310436302,68.51615194331873
QNCCF,1D,1762957800,2025-11-12,2.542,2.55,2.37,2.37,624711.0,1480565.07,-6.692913385826768,-6.39810426540284,-2.868852459016387,117.43119266055044,7.554235118308123,11.017606833390378,11.009799187141482,7.081038552320996,108.55532993848445,-81.80677532683545,-72.87684293248525,203.75163870961393,-64.44331180673947,52.179826751562814,0.23739475031348034,0.32997670269090773,-0.09258195237742739,2.401883857318549,1.9083309711321457,1.497708875548607,1.1102772852413982,-1.3274520839714408,24.192293467519548,58.2417009535231,113.46018976554231,2.5268731000000004,3.4528151271023195,1.6009310728976813,73.28757642022616,-6.208190668538135,-31.360356324986398,48.03885314751908
QNCCF,1D,1763044200,2025-11-13,2.35,2.35,2.03,2.07,988725.0,2046660.7499999998,-12.658227848101278,-10.69887834339949,-17.56272401433693,97.14285714285712,5.948220277575325,11.485681957865362,11.31142667214948,13.617021276595755,38.235109788183756,-64.73763310216715,-56.96332955865246,165.64010960930995,-51.34524079988765,46.3252795935422,0.18366894469145434,0.30071515109101704,-0.1170462063995627,2.370275870907258,1.914670933048532,1.5090413730624959,1.11982676499024,-12.668393354243754,8.112572467173425,37.173177419190104,84.85002008485135,2.550695,3.4007722846629878,1.7006177153370126,66.65456157345253,-18.845647950852623,-39.13147289116024,21.720477290793514
QNCCF,1D,1763130600,2025-11-14,1.84,2.13,1.66,2.053754,883546.0,1814586.1316840001,-0.7848309178743845,-22.20628787878788,-19.775234374999997,83.20731489741303,5.576383024087269,11.46225924330166,11.307142817965817,25.543478260869563,-11.339183512265024,-50.218023686525456,-44.33695264873466,16.434051106278012,-56.9496661726865,46.02412734099276,0.13818700644409532,0.2682095221616327,-0.13002251571753737,2.3401309308208527,1.9201251709681975,1.5198277617147236,1.1291195732987949,-12.237645639784759,6.959381140992077,35.13070702714905,81.88985901642168,2.5603827000000003,3.3827172661384037,1.738048133861597,64.23528530624763,-19.78722555811677,-39.28685614495661,18.164391422058465
QNCCF,1D,1763389800,2025-11-17,2.04,2.04,1.72,1.75,900377.0,1575659.75,-14.79018421875259,-27.385892116182575,-39.02439024390244,45.833333333333336,6.401408489651771,11.376482617516288,11.698081560386317,15.686274509803924,-13.16699039589088,-24.631228765399243,-55.91885642876746,-19.29576754210741,-62.5063969536355,40.6970257633664,0.07674714022244311,0.22991704577379476,-0.15316990555135165,2.2839279850283907,1.9134535956361114,1.5243856278193826,1.1352974879923392,-23.377619107449817,-8.542333924840891,14.800347632728364,54.14462011139487,2.5358827,3.421686373432232,1.650079026567768,69.86156523976696,-30.990498890189205,-48.85562821923371,6.055526542875444
QNCCF,1D,1763476200,2025-11-18,1.72,1.896,1.6,1.8535,644343.0,1194289.7504999998,5.91428571428571,-25.741185897435898,-47.19373219373219,23.56666666666666,7.151919743148329,9.404987364558098,10.919903199275726,17.209302325581387,-24.2038295069732,-34.80450533262782,-90.60564748247906,-79.69181472613684,-70.48409457058743,43.113155695469686,0.035992291869610504,0.1911320949929579,-0.1551398031233474,2.2429348435971153,1.911102474238617,1.5309027441001868,1.1424437816441568,-17.362735467275446,-3.0140965759340452,21.072354670670144,62.239930732742145,2.5125577,3.4432993866059247,1.5818160133940753,74.08718905089621,-26.230549849661163,-46.17081491054999,17.175447985444084
QNCCF,1D,1763562600,2025-11-19,1.96,1.96,1.66,1.68,409854.0,688554.72,-9.360669004585919,-32.44601712975994,-50.29585798816568,6.840800212155301,7.210696690481674,9.505366907296196,11.063432511250946,15.306122448979595,-42.34609149817031,-49.20680300551576,-94.32052356213238,-83.97307638133759,-82.46168244961407,40.15939831037749,-0.01018876928283241,0.15086792213779984,-0.16105669142063225,2.1893220013497707,1.9020396321116124,1.533855165009094,1.1477925997372498,-23.263914629084315,-11.67376475037525,9.527942293693654,46.36790656993101,2.4925577,3.475354382526983,1.509761017473017,78.85849001826381,-32.59935366792111,-51.659606040565954,11.275889399497332
QNCCF,1D,1763649000,2025-11-20,1.8,1.92,1.66,1.704,515464.0,878350.656,1.42857142857143,-32.91338582677166,-49.58579881656805,17.517241379310345,7.656336198190448,9.559410515290082,10.947173407712214,14.444444444444446,27.56439401068952,23.72621411618487,-89.71515977408615,-74.77388145324218,-77.12161892326579,40.76396943751212,-0.04433987110559734,0.1118263634891204,-0.15616623459471773,2.1431008583640785,1.894273372028804,1.537224369662379,1.153327001729914,-20.489043091479285,-10.044662762957893,10.849140413656716,47.746475842854025,2.4557577000000004,3.4970475472884646,1.414467852711536,84.80395661904788,-30.61204694583673,-51.27318182101227,20.469333872341505
QNCCF,1D,1763735400,2025-11-21,1.7,1.77,1.5981,1.762,397297.0,700037.314,3.403755868544604,-25.654008438818572,-30.410742496050553,25.053229240596163,7.326183889189117,7.7808806105912,10.929019068001372,10.111764705882349,-20.300928880959354,-52.71823385648292,-91.39792205606967,-63.756953554180704,-81.56907883832713,42.28160376493972,-0.06596435405955159,0.07626821997938599,-0.14223257403893758,2.1068055385198807,1.889086180968851,1.541675372243322,1.159383449473895,-16.36627264432393,-6.727389266257439,14.291246505162707,51.97732905360692,2.4183077,3.5019700749978764,1.334645325002124,89.6215460917464,-27.13913121973685,-49.685463831353026,32.02009305335078
QNCCF,1D,1763994600,2025-11-24,1.77,2.08,1.77,2.05,356796.0,731431.7999999999,16.345062429057876,-0.966183574879228,-11.561691113028482,37.583892617449656,9.427087127956218,8.907821832341757,11.232552837258055,17.51412429378531,4.484687511957387,-64.26218658856871,-87.39800111359818,-44.37715848535414,-80.6433775122706,49.23637708992612,-0.05918052327920709,0.04917847132766737,-0.10835899460687445,2.101395487232273,1.8953965268132098,1.5517412064563256,1.1682453056980353,-2.445778890482226,8.156787827754952,32.10965794235341,75.4768446319679,2.3928077,3.4858941164310338,1.2997212835689667,91.36433457908328,-14.32658796609524,-41.19155856349265,57.726123740222754
QNCCF,1D,1764081000,2025-11-25,2.15,2.21,1.93,2.1,489269.0,1027464.9,2.4390243902439157,2.2517789374968964,-20.454545454545457,23.23943661971832,9.441186718467444,8.033764617814454,10.985756554008587,13.02325581395349,40.47309673984644,-43.377452188148474,-71.81217666021828,-73.73382479810799,-72.09926963390383,50.3548053753699,-0.04920253023729426,0.02950227101467504,-0.0787048012519693,2.101262583686342,1.903420192428378,1.5625978162294678,1.1775164966861145,-0.060086906612452674,10.327714729180535,34.39158676589464,78.34145049432696,2.3543077,3.4315791074856143,1.277036292514386,91.51492028723469,-10.801803859368086,-38.8036838370102,64.44325132414693
QNCCF,1D,1764167400,2025-11-26,2.138,2.36,2.1,2.34,393450.0,920673.0,11.428571428571416,33.71428571428571,-2.9045643153527085,35.26011560693641,8.114013521323143,8.372905402989456,11.135229412820557,12.16089803554723,-10.393727318568256,-41.56904750533864,-55.96130908410043,-77.42385475172387,-74.26365843933884,55.43074899029071,-0.021679002580669682,0.019266016295606096,-0.040945018876275774,2.123999480478119,1.9205409691958926,1.5779919188783893,1.1890834967190884,10.169518472446068,21.84067080744077,48.28973279300653,96.79021754624574,2.2958077,3.2337526285464664,1.3578627714535336,81.70936342329249,1.9249129620046026,-27.638249773860956,72.32963810438153
QNCCF,1D,1764340200,2025-11-28,2.385,2.45,2.325,2.36,265933.0,627601.88,0.8547008547008554,27.326679255462636,-5.448717948717953,48.095900881170614,5.820668928360522,8.322636902751178,10.995790274051314,5.241090146750524,-31.832270523845057,-47.44978094827918,-65.73962474044295,-66.36290656006011,-82.25134538962475,55.83598826140595,0.0017275105700265136,0.015758315150490178,-0.014030804580463664,2.146475720432584,1.9377746566784066,1.593477227415451,1.2007344071994954,9.94766805582054,21.78918698654783,48.10377954555489,96.54637910345971,2.2448077,3.0417181282076107,1.4478972717923893,71.00032917809493,5.131499682578598,-22.4122716002395,62.994989076710894
QNCCF,1D,1764599400,2025-12-01,2.27,2.3,2.15,2.1555,432135.0,931466.9924999999,-8.665254237288131,28.303571428571434,-13.325827335236637,15.887096774193541,7.9596319136925615,8.61447062192732,10.79972734103242,6.607929515418498,48.41685823184595,35.2785719775474,-31.287688444119194,-59.50742308054863,-73.31364467840248,50.75441686119375,0.003732869755671331,0.013353226071526409,-0.009620356315855078,2.1473351756294807,1.9463129054361161,1.6046063912290063,1.2102345623517392,0.38023055101892805,10.747865565686658,34.33200888281712,78.10596945863222,2.1835827,2.7868530287466045,1.5803123712533957,55.25509326911266,-1.2860836459274076,-22.65469410242123,36.39708447579922
QNCCF,1D,1764685800,2025-12-02,2.1,2.35,2.1,2.23,271468.0,605373.64,3.45627464625377,30.868544600938968,-12.20472440944882,-0.4464285714285817,7.375112892558772,8.651542763543075,10.19902983397828,11.904761904761903,-35.00857841723253,-31.078364219949982,-14.725869342398232,-89.19705489828216,-81.78675829312328,52.45212330262542,0.011204500231539516,0.01292348090352903,-0.0017189806719895145,2.1552080160457208,1.9574378895366606,1.6169904230858576,1.220381482129334,3.4702907282009927,13.924432132447212,37.91052613312808,82.72974743185003,2.1684827,2.750870062247876,1.5860953377521243,53.7138121736342,2.8368822126180566,-18.93473884485284,40.59684477481929
QNCCF,1D,1764772200,2025-12-03,2.23,2.4075,2.19,2.39,241092.0,576209.88,7.174887892376688,35.64131668558457,0.8438818565400852,3.0172413793103576,7.4361942566838195,8.685185895939968,10.255402824942125,9.753363228699563,-4.817480985792511,-17.688690520288468,-61.081759142136185,-89.97762303545646,-81.71561208594697,55.9633433263855,0.02969418792366918,0.01627762230755706,0.013416565616112118,2.1775691573746996,1.9744011095548308,1.6322975434207911,1.2320194773320272,9.75541198798983,21.049364712871064,46.419383502305514,93.99043959723853,2.1720827000000003,2.7589950426424394,1.585170357357561,54.04143614259615,10.032642863920413,-13.374255369775248,50.77243836328543
QNCCF,1D,1764858600,2025-12-04,2.39,2.518,2.328,2.51,446842.0,1121573.42,5.020920502092036,22.439024390243905,21.256038647342994,20.67307692307691,6.23397167209211,7.942133878272486,10.076472851299547,7.9497907949790765,94.6466832536783,53.33943916575681,-45.19983734480665,-76.34746353939207,-62.992921297721736,58.44205993028532,0.05341466474315926,0.0237050307946775,0.029709633948481758,2.209229237624728,1.995404987611504,1.649677790085726,1.2447357014381761,13.614284894158294,25.789001008986396,52.15092396131289,101.64923341556995,2.1655827000000003,2.7342173791623208,1.5969480208376798,52.51562816440308,15.904139795723315,-8.20042257324157,57.17480890100468
QNCCF,1D,1764945000,2025-12-05,2.55,2.56,2.388,2.4,443855.0,1065252.0,-4.382470119521908,14.285714285714276,16.859175928567872,-1.6393442622950833,5.50247671711862,8.075606530683418,9.66043536720556,6.7450980392156925,-5.021643612060629,3.677702274793034,-41.295043459226235,-80.48515536538748,-63.06661456209757,55.36561740172597,0.06261544100067251,0.031487112835876505,0.031128328164796007,2.227397881660468,2.0112714586855627,1.6645356556285829,1.256230868588045,7.749047431564468,19.32750249280051,44.18435507130557,91.04768558167235,2.1650827,2.7328737963955314,1.5972916036044689,52.44982987444602,10.850269137525313,-12.180357425746065,50.254342700113675
QNCCF,1D,1765204200,2025-12-08,2.4,2.465,2.299,2.31,245467.0,567028.77,-3.7499999999999942,-1.282051282051274,32.0,-8.004778972520912,5.726705273366074,6.905781648799575,9.677232973295895,6.916666666666664,-46.77045713127034,-38.41149137641703,-64.01324778398381,-88.07666082165662,-79.34044847821102,52.91143229282818,0.06193097292891592,0.03757588485448439,0.024355088074431527,2.235264750073757,2.0229863034429916,1.6773171277943535,1.2667161335772188,3.3434630024822436,14.187624309098373,37.71993153361612,82.36129932888258,2.1557827,2.7074526393895226,1.6041127606104775,51.18047745624107,7.153656998917376,-14.679947992705806,44.004839106253534
QNCCF,1D,1765290600,2025-12-09,2.31,2.33,2.244,2.257,230558.0,520369.406,-2.2943722943722915,-4.3644067796610075,21.76962503372,-11.835937499999998,5.352746762103751,6.9170764839362615,9.681637593307409,3.722943722943717,-8.228747193903406,-17.08606640885142,-56.428546273453094,-84.03749131519761,-80.38793928054469,51.46467899440856,0.05646102246894813,0.041352912377377135,0.015108110091570995,2.237334773876256,2.0321633111511095,1.688795996550901,1.2765697043873958,0.8789576934735316,11.06390847699799,33.64550867064856,76.80193977994301,2.1442877,2.677140810170184,1.6114345898298164,49.699777708950506,5.256398196939715,-15.693638846866472,40.06153363248594
QNCCF,1D,1765377000,2025-12-10,2.2283,2.25,2.12,2.14,309524.0,662381.36,-5.183872396987151,-0.7190906982138644,27.380952380952394,-25.435540069686407,4.691016802859818,6.514076610365547,9.45926521965578,5.834043889960952,27.29060401371866,-28.888370137281054,-3.8012026117546602,-81.46901459590609,-74.08771194094115,48.323463759126845,0.04219868495793122,0.041522066893487954,0.000676618064443267,2.228064795411851,2.0363922009098894,1.6977307292924673,1.285161050612397,-3.952523983736848,5.087811623115493,26.050613508765874,66.51609531585638,2.1242877,2.625305133846407,1.6232702661535932,47.17039352498316,0.739650283716284,-18.48566582183812,31.83263715356653
QNCCF,1D,1765463400,2025-12-11,2.12,2.15,2.0,2.043,326722.0,667493.0460000001,-4.532710280373831,-8.38565022421524,19.89436619718311,-41.79487179487179,3.489157075884971,6.72553452369543,8.477095841820796,7.075471698113203,0.7717134431440075,10.261333149557036,-24.006085560434748,-94.74946094572732,-69.02199753690358,45.82615411613189,0.02280570046972219,0.037778793608734804,-0.014973093139012614,2.2104395768011984,2.0366513302859723,1.7045677445540026,1.2927017366759552,-7.574944755717128,0.31172099119864444,19.854432686953594,58.041096568289376,2.1079377,2.597014187042711,1.618861212957289,46.40331514946679,-3.080627098229695,-21.332736255614428,26.19982390386058
QNCCF,1D,1765549800,2025-12-12,2.052,2.124,1.95,2.0,325497.0,650994.0,-2.1047479197259005,-16.317991631799167,13.507377979568671,-40.828402366863905,1.1462824578395063,6.7649803551557675,8.467539801623479,8.479532163742698,-2.471792942094574,12.978625080153087,-7.0058142643522014,-94.63033949692017,-63.26868826480781,44.72277567947348,0.003921673301242379,0.03100736954723632,-0.02708569624599394,2.1903977123439415,2.0352140232159344,1.7104178882262007,1.2997395303408712,-8.692380898270626,-1.7302368603126606,16.93048896220983,53.876984835221386,2.1044377,2.595547734287668,1.6133276657123325,46.67375368609559,-4.962736601801045,-22.944973287155214,23.96737764469811
QNCCF,1D,1765809000,2025-12-15,1.98,2.54,1.976,2.51,1437720.0,3608677.1999999997,25.49999999999999,0.0,22.439024390243905,-25.739644970414204,10.891210942936556,8.439447595878738,9.744807202511506,28.48484848484849,454.33340399450685,221.75131254447882,393.3716581641652,-57.74504387812718,124.43028938886852,57.724163072586954,0.029765564570368053,0.030759008551862664,-0.0009934439814946114,2.2208360254540422,2.053833081129035,1.7262511973702364,1.311781923073798,13.020500893884723,22.210515696835508,45.40178183938253,91.34278006503622,2.1272499999999996,2.6482968788890355,1.606203121110964,48.9878367741484,17.9927135973675,-5.222106327710944,56.26915220186509
QNCCF,1D,1765895400,2025-12-16,2.485,2.76,2.32,2.76,707935.0,1953900.5999999999,9.9601593625498,14.999999999999996,31.428571428571413,9.00473933649288,10.531624628041355,8.699491032848412,8.78122587833401,17.706237424547282,-45.85548965144347,83.42144394002544,90.167138556266,-75.99041519679307,39.38599870584426,62.393554426931445,0.06961743876047644,0.03853069459358542,0.031086744166891014,2.2721849754108,2.081525901476916,1.7467214706896377,1.3261920531924667,21.468983813741016,32.595035115425794,58.01030938895491,108.11465378306322,2.17775,2.7371245167595624,1.6183754832404378,51.37178434251519,26.736310412122588,0.835748724633081,70.54138724801442
QNCCF,1D,1765981800,2025-12-17,2.77,3.02,2.726,2.9385,995947.0,2926590.2594999997,6.467391304347831,27.2077922077922,25.57692307692308,26.768766177739423,10.739846390753907,8.417728682442151,8.672920656003377,10.613718411552348,49.78194179888168,416.12729623930716,217.8751043530113,-49.57713461299688,124.10963156443964,65.33738167679788,0.11428637222839111,0.05368183012054656,0.06060454210784455,2.3356435491811998,2.115132728869978,1.7703210455274667,1.34223491833483,25.811149609286137,38.927451686207434,65.98684218457531,118.92590930695562,2.232,2.861164604853127,1.6028353951468732,56.376756707269436,31.653225806451594,2.7029341484127083,83.33136446183454
QNCCF,1D,1766068200,2025-12-18,2.89,3.43,2.89,3.351,1416178.0,4745612.478,14.037774374680964,48.471422241914034,41.991525423728824,26.931818181818173,10.064597353333314,8.960623963280003,8.68012705232797,18.685121107266436,62.15500145930151,811.9699243041202,656.1501374087662,30.192755167527153,253.4750882322445,70.98911244583344,0.18088697397985243,0.07912285889240774,0.10176411508744469,2.432344163544895,2.1635981120515475,1.8016216188833585,1.362222630590205,37.768332714736275,54.88088944681806,85.9991001926888,145.99503229131682,2.31555,3.0621537034464787,1.5689462965535212,64.48607919902216,44.717237805273044,9.432782431150414,113.58283628707287
QNCCF,1D,1766154600,2025-12-19,3.37,4.24,3.17,3.8,2487454.0,9452325.2,13.398985377499251,77.57009345794391,76.29320343307818,57.67634854771783,8.349940278130227,8.723822734018233,8.74888534901188,31.750741839762618,99.180300621251,1327.0216178788608,914.7783309669987,352.1345015215701,495.2532981471794,75.64421545144552,0.26682320641783663,0.11666292839749352,0.1501602780203431,2.562597100350143,2.2277707351083498,1.841193468014381,1.3864791218281134,48.287063911872174,70.5741053203656,106.38787102031577,174.07552989255174,2.42035,3.3581157543331375,1.4825842456668625,77.49009476589232,57.00208647509657,13.1586960662889,156.3092121817853
QNCCF,1D,1766413800,2025-12-22,4.06,4.3,3.5,3.57,2633560.0,9401809.2,-6.052631578947368,74.74302496328926,60.0896860986547,43.028846153846146,9.81073828653787,9.137702352007105,8.857473562127936,19.704433497536943,-0.5344293486643901,1308.5254155591604,1453.0589009458686,413.23860169245484,410.88966456024457,69.49281028866145,0.31276386480750684,0.1558831156794962,0.15688074912801064,2.6585402336501294,2.2804071768688066,1.8754272607269675,1.4082056977303212,34.28421939277752,56.550989499248736,90.35662298180357,153.51409994675888,2.51075,3.5228616786204974,1.498638321379502,80.62225857775546,42.188589067011854,1.3380690381792442,138.21624931583239
QNCCF,1D,1766500200,2025-12-23,3.82,3.87,3.25,3.318,902756.0,2995344.4080000003,-7.058823529411759,65.9,38.82845188284519,33.41911616872412,10.705675152815637,9.491123388413207,8.986983318277384,16.2303664921466,-68.14076584323792,360.1185891114204,419.83565571628174,120.96009825024625,58.070694137655934,63.408600685910734,0.3250904334625764,0.18972457923611225,0.13536585422646413,2.7213459256834502,2.3210970915014024,1.9039930575442554,1.427208626111114,21.924962522605558,42.94964274216339,74.26534129696417,132.48177871801064,2.57415,3.6211286100966884,1.5271713899033112,81.34557893647911,28.89691742905426,-8.371108644180259,117.26441589572146
QNCCF,1D,1766586600,2025-12-24,3.32,3.68,3.32,3.6714,260514.0,956451.0996000001,10.650994575045212,46.27091633466138,46.27091633466138,44.54330708661418,8.694249190879518,9.694334485139011,9.140319859512413,10.843373493975914,-68.06874371289327,-73.4957978618869,-14.72238174117927,34.72759738084613,-49.74398924299533,67.68187816412296,0.3592347202041539,0.22362660742972057,0.13560811277443335,2.81182726609455,2.3740501467366415,1.9389912148206068,1.4495388885378693,30.56989823913836,54.64711244818017,89.34588109207468,153.28054521554043,2.6527199999999995,3.778463797851007,1.5269762021489923,84.87467941215112,38.401339002985644,-2.833527157568614,140.43596716393156
QNCCF,1D,1766759400,2025-12-26,3.73,3.84,3.62,3.81,287004.0,1093485.24,3.775126654682133,38.04347826086958,58.750000000000014,60.759493670886066,8.68882848125727,9.464118289052733,9.014531326203253,5.898123324396776,14.327354577490613,-44.0357795069002,2.650381318223293,-26.14406065921845,-42.15144188795269,69.20102484781955,0.3929485093013536,0.25749098780404717,0.13545752149730644,2.906891335990307,2.430361905688146,1.9760408937350502,1.4730260637762984,31.067850828418596,56.766775807458025,92.80977494339493,158.6512278155186,2.72622,3.948509138624734,1.5039308613752662,89.66914912404236,39.753945022778794,-3.5078844637795785,153.33611390326507
QNCCF,1D,1767018600,2025-12-29,3.81,3.84,3.5,3.61,502473.0,1813927.53,-5.249343832021002,22.85179513357155,56.27705627705627,74.3961352657005,8.778197808615182,9.556666357830128,8.706112464826493,8.923884514435692,65.8849578984715,-38.01908128027786,219.90043997238448,-11.371362840666182,-3.6424839395887068,64.49018168843239,0.39892998498375976,0.2857787872399897,0.11315119774377008,2.973854065895992,2.47662222311214,2.008396519601683,1.4942894860272806,21.391296277759466,45.76304639080762,79.74538218757502,141.58638829732712,2.7887199999999996,4.0566930826795975,1.520746917320402,90.93584746260636,29.45007028314067,-11.011261477650168,137.38335148894592
QNCCF,1D,1767105000,2025-12-30,3.75,4.064,3.57,3.9,446520.0,1741428.0,8.033240997229917,16.383169203222916,72.79574656623836,89.89616088392279,7.946609716461801,9.466336133053069,8.747956168117344,13.17333333333334,-3.99682615765802,-63.30446263631896,234.6522643185522,-4.031670385142137,-7.373737423151446,67.90221930202716,0.4222040188091922,0.31306383355383016,0.10914018525536207,3.062058440572564,2.5324409594606836,2.0458540142630355,1.5182269040767604,27.365302644934232,54.00161592831589,90.62943752635601,156.8785989451033,2.8759449999999998,4.196595623707877,1.5552943762921227,91.84115994623521,35.60760028442826,-7.067529261869209,150.75638795131113
QNCCF,1D,1767191400,2025-12-31,3.76,3.98,3.66,3.6784,435517.0,1602005.7327999999,-5.682051282051283,-3.199999999999998,71.88785046728971,110.19428571428571,7.05416733348106,9.503171102939381,8.287555559911265,8.510638297872337,-8.006203368729578,-83.05172855457829,141.85549738295776,1.6720604051731272,-14.829368669878876,62.92650524611274,0.41794972600793034,0.3340410120446502,0.08390871396328015,3.1207576367085106,2.5773805296779115,2.0781816575449557,1.5397211637376882,17.868813544894163,42.71854534649099,77.00088857224591,138.9003987625037,2.948365,4.2782060661052705,1.6185239338947293,90.20871337878931,24.760672440488204,-14.02003682939268,127.26880480219376
QNCCF,1D,1767364200,2026-01-02,3.773,3.773,3.55,3.635,337445.0,1226612.575,-1.1798608090474147,1.8207282913165252,77.92462065589817,96.11545724305368,6.266503533837043,9.31627199803293,8.297450085608721,5.910416114497755,-23.432697531230705,-86.95344109940031,83.76409797084234,2.706447450165914,-34.824478565481535,61.96876238174322,0.4063915225196717,0.3485111141396545,0.05788040838001718,3.1697330998791284,2.6188558030238758,2.1090097435341644,1.5605697093721391,14.678425137391326,38.801074721366014,72.3557708134939,132.92775568881586,3.010615,4.3466225752405,1.6746074247595004,88.75313351195683,20.73945024521567,-16.371851084888032,117.06579979615475
QNCCF,1D,1767623400,2026-01-05,3.64,3.75,3.3979,3.62,624202.0,2259611.24,-0.41265474552956477,9.101868595539484,81.0,115.47619047619048,4.83223346307617,9.239071643980305,8.018421131236119,9.673076923076925,84.21556129897007,-24.562556680794216,247.10169986205713,228.1672718763732,16.81303647128799,61.61968556834353,0.39150812636767807,0.3571105165852592,0.03439760978241885,3.212615661795402,2.6581163597680377,2.1389303426721016,1.5810615530599785,12.680767981344127,36.18666416529266,69.24347314076823,128.96009285621238,3.066115,4.406541119224778,1.725688880775221,87.43482349649499,18.064717076821978,-17.849399289462447,109.77130004881349
QNCCF,1D,1767709800,2026-01-06,3.62,3.65,3.43,3.491,555030.0,1937609.73,-3.56353591160221,-4.913656915618024,39.08366533864543,104.87089201877934,4.633283550421825,7.425677173615182,8.0985103992838,6.0773480662983355,-14.250305729582058,102.58325081233457,-46.30692570673819,120.59637762711479,-1.6287661491980823,58.56431171164099,0.36509511654639937,0.35870743657748727,0.006387679968912097,3.2391284559101257,2.690778463306546,2.165703999252852,1.6000659157160981,7.775904769392788,29.739406183224283,61.1946970225092,118.17851162948045,3.1206650000000002,4.436796826641993,1.8045331733580077,84.34944645721298,11.867182155085528,-21.317109247885554,93.45723600656736
QNCCF,1D,1767796200,2026-01-07,3.5379,3.55,3.23,3.2976,723252.0,2384995.7952,-5.5399598968776855,-13.448818897637793,19.47826086956523,87.15096481271283,4.518634227134163,7.408973449517079,8.231664566252524,9.044913649339998,23.089586012762233,118.10955538823735,22.063312493992797,240.69552401031012,17.72776521796307,54.22338041609446,0.32481261464600797,0.3519284721911914,-0.02711585754518342,3.244697174394876,2.714575386314132,2.188117781445865,1.6169568021268832,1.6304395375506948,21.477562075647583,50.70486735046828,103.9386578331878,3.1700450000000004,4.433878492949123,1.9062115070508774,79.73599699367817,4.023759915080058,-25.627190613276046,72.99234569734375
QNCCF,1D,1767882600,2026-01-08,3.2996,3.46,3.165,3.31,389530.0,1289344.3,0.37603105288694705,-8.31024930747922,12.642504679258131,61.46341463414636,2.4049221377398524,7.284925682003088,7.820675105471089,8.940477633652561,-45.9393470380572,-28.919745762941258,-55.943805395556765,76.2767629189762,-36.93453363975336,54.456471916939,0.29053985544033356,0.3396507488410198,-0.04911089340068625,3.2509164911191735,2.7379253711645584,2.2103332709221846,1.633803003100745,1.8174416058434728,20.894456615233217,49.75117298121373,102.59480449711818,3.2226950000000003,4.415747494192933,2.0296425058070673,74.04067056875894,2.7090680315698425,-25.041003717877462,63.08290699123938
QNCCF,1D,1767969000,2026-01-09,3.43,3.43,3.22,3.37,249325.0,840225.25,1.8126888217522674,-13.589743589743586,0.5669949268875001,60.476190476190474,2.4602575980456938,6.356444996126708,7.820037312452991,6.1224489795918355,-34.83313572643087,-51.75079015612475,-82.29469317405989,-18.22345950698657,-58.77636535512283,55.63367244817557,0.2651633078525224,0.32475326064332033,-0.05958995279079793,3.262257777679252,2.7627126115110463,2.2332969685276858,1.651078595109693,3.3026888021520824,21.981562105252863,50.89797942195267,104.10899941296296,3.2841950000000004,4.369616261031859,2.198773738968142,66.09968415589564,2.6126645951290857,-22.876522818408894,53.26724802441477
QNCCF,1D,1768228200,2026-01-12,3.33,3.468,3.33,3.43,351452.0,1205480.36,1.7804154302670638,-6.752936059156148,-9.736842105263149,46.5811965811966,2.537856512763695,5.245047265765787,7.6163291000638695,4.144144144144142,43.4710942095587,-24.751807355080384,-87.24673205276517,30.934692339191017,-41.130203829492466,56.83521200808791,0.24704591805748466,0.3092117921261532,-0.062165874068668525,3.278233227424085,2.788880744392966,2.256994058259811,1.668779305606114,4.629529446114724,22.988406976382972,51.97204385396571,105.53946159790115,3.3535450000000004,4.278228966498818,2.4288610335011827,55.14665623981892,2.2798262733912833,-19.826637918189423,41.218453945703274
QNCCF,1D,1768314600,2026-01-13,3.475,3.513,3.31,3.4,357355.0,1215007.0,-0.8746355685131266,-6.464924346629982,-4.76190476190476,44.067796610169495,2.5363429462583156,5.025009614545611,7.627945947126581,5.841726618705032,0.7902774956864412,-0.946148379409852,-87.07688090500709,93.59518170978073,-41.22695707878001,56.018311261302806,0.22764288140259792,0.2928980099814421,-0.06525512857884419,3.2898300629075057,2.8128462053971637,2.279627839284369,1.6860053821672472,3.348803281198287,20.874009872144157,49.14715206616106,101.66009171510042,3.4235450000000007,4.108713036250948,2.738376963749054,40.0268164286403,-0.6877374183777578,-17.249027371783136,24.161137966378877
QNCCF,1D,1768401000,2026-01-14,3.4,3.4,3.198,3.23,232694.0,751601.62,-4.999999999999998,-10.77348066298343,-2.652200120554553,49.849222918116446,2.8893412802207457,4.849901543190482,7.492344157855991,5.941176470588235,-38.14014075639071,-66.73756942366776,-74.90767278738919,-19.309902975440103,-63.537329886533136,51.50100187090399,0.19628559762566278,0.27357552751028624,-0.07728992988462347,3.2841319616782196,2.8292051777345297,2.298447089991609,1.701368512692946,-1.6482882633789708,14.166339911282238,40.529665184147945,89.84717160937215,3.4595450000000008,4.011677482199682,2.9074125178003203,31.91936987087496,-6.635121092513632,-19.485052965201792,11.095346127344246
QNCCF,1D,1768487400,2026-01-15,3.25,3.46,3.225,3.4,228104.0,775553.6,5.26315789473684,-2.6067029504440042,-7.392275426267917,52.46636771300448,3.1140530974626026,4.1460738158340185,7.514099009847268,7.230769230769226,3.186791960347289,-59.97369398015977,-18.913408084914504,28.111557681963152,-62.47859922140487,55.37625866970459,0.18304230580469483,0.25546888316916794,-0.07242657736447311,3.2951670129469606,2.851589288411607,2.3202600189026663,1.7182703185367973,3.181416500017832,19.23175661435692,46.535300884423336,97.87340579189477,3.491545000000001,3.9427553255688803,3.0403346744311213,25.84588344523009,-2.621905202424739,-13.76588909915603,11.829793890574756
QNCCF,1D,1768573800,2026-01-16,3.3,3.654,3.3,3.59,304358.0,1092645.22,5.588235294117646,8.867054827753512,-5.774278215223102,50.209205020920486,3.626510946917531,4.301781790501631,7.480744316241654,10.727272727272732,40.88584206172211,-54.18670245880357,-0.07682042420618486,89.62625562755015,-47.57428126626914,59.291365504487686,0.18573725032325594,0.24152255659998553,-0.05578530627672959,3.32324634504725,2.880546571218995,2.34540338486499,1.7368944944717546,8.026899821925694,24.629125453811948,53.06535426555862,106.69073518434027,3.524120000000001,3.898436922406639,3.1498030775933628,21.24314282184704,1.8694028580184283,-7.9118100034880205,13.97537914474875
QNCCF,1D,1768919400,2026-01-20,3.54999999,3.54999999,3.25999999,3.35999999,274536.00090389,922440.9602917103,-6.406685515320332,1.510573716012081,-6.925208033240995,33.864541434262954,4.334694836400515,4.405357018440258,7.588389107551601,8.16901410751835,-15.577266672917824,-28.45658368430292,-49.14675779292515,-17.75474134437758,-55.59936688481367,53.20586799396003,0.16738443192243357,0.22669493166447513,-0.059310499742041556,3.3267466931379883,2.899348666465309,2.3654944069468713,1.753044798009349,0.9995740562574995,15.888096828874538,42.042187042696526,91.66652180340236,3.5245700000000006,3.8980741049305574,3.151065895069444,21.19430767047082,-4.669222344853434,-13.803588655484091,6.63058475728739
QNCCF,1D,1769005800,2026-01-21,3.34499999,3.42999999,3.29999999,3.36649999,329392.00108451,1108898.1683570829,0.1934523815281306,-0.1038578635014902,-13.679487435897435,40.27083291666666,4.29126766306094,3.7446397257611506,7.519399259094672,3.886397619989241,20.21345713078567,31.976296636774826,-36.32247969154723,4.097262277572149,-46.66181592856476,53.351585499461564,0.1516164467716763,0.21167923468591537,-0.06006278791423908,3.3305327223629417,2.9176683266039243,2.3853162998786166,1.7690990786261716,1.0799253643585325,15.383231167968356,41.13432210945414,90.29459857128643,3.502895000000001,3.8598977757594746,3.1458922242405274,20.383298714890028,-3.8937795737525973,-12.782664578789099,7.012565912448925
QNCCF,1D,1769092200,2026-01-22,3.48,4.09,3.47,4.04,1737875.0,7021015.0,20.600030359720886,18.367347230320707,9.83036102653328,74.89177489177489,8.954602542089171,6.3651140946450555,8.15917561429676,17.816091954022976,533.1523674735016,482.42466976593175,338.2640371535131,1138.2114226761369,206.0428821334651,65.38098536399275,0.1912612852231148,0.20759564479335527,-0.01633435957024046,3.3981010345188523,2.9616813334037704,2.4180823137424063,1.7916951076945677,18.889931728355343,36.40900371131255,67.07454403185274,125.48479273342434,3.526395000000001,3.953053788612127,3.099736211387875,24.198014607673045,14.564590750610726,2.199469474418637,30.33367114136244
QNCCF,1D,1769178600,2026-01-23,4.08,4.15,3.89,4.02,600700.0,2414813.9999999995,-0.4950495049505065,18.23529411764705,10.591471801925717,78.11253876827644,8.439093033968842,6.351866206160775,8.132558952775279,6.372549019607848,-65.60591310515645,98.74897840094745,96.86851816271324,364.0576429276089,2.4408679382963117,64.84621322505231,0.2185469987081663,0.20978591557631748,0.008761083131848812,3.457329507421819,3.0031840262114655,2.449803456044537,1.8138672956777064,16.27471409277886,33.85793094641801,64.09479666955441,121.62591549995538,3.5614950000000007,4.027491959110221,3.09549804088978,26.168615096200913,12.87394759784862,-0.18602046102846972,29.866016611804337
QNCCF,1D,1769437800,2026-01-26,4.0,4.0,3.61,3.643,582045.0,2120389.935,-9.378109452736313,12.786377708978321,0.6353591160220908,70.23364485981305,9.115797291866325,6.8826132912250495,8.293615020032476,9.750000000000004,-12.192411713697185,182.11620073410697,-6.161294586231575,220.11618427789094,-11.866210976407302,55.61232886248014,0.20736005629664644,0.20930074372038326,-0.00194068742373682,3.4750124114768837,3.0282748487129765,2.4734311103802886,1.8320676210938487,4.834157943387639,20.299516457308453,47.285282566042056,98.84637215655398,3.5600750000000003,4.02489527870994,3.0952547212900607,26.11294867158359,2.329304860150403,-9.488328323223993,17.696290872036734
QNCCF,1D,1769524200,2026-01-27,3.61,3.83,3.61,3.79,293393.0,1111959.47,4.035135877024437,11.470588235294121,8.564881122887423,85.51150269211942,9.065392769788764,6.85857490420349,8.207004752095477,6.09418282548477,-47.55872721118156,43.3762244156948,-42.61179365568112,66.58742389355167,-54.064393820876475,58.116714593442964,0.2079587759879442,0.20903235017389546,-0.0010735741859512482,3.5050112294314664,3.058146423273252,2.499501781461867,1.8515495353118203,8.130894650935556,23.931279782981,51.63021799421834,104.69341639092168,3.559075000000001,4.021821681781703,3.096328318218298,26.00376118973061,6.48834317905633,-5.7640964747846315,22.40304032683644
QNCCF,1D,1769610600,2026-01-28,3.8693,3.92,3.64,3.86,207331.0,800297.6599999999,1.8469656992084391,7.520891364902507,17.054827753517703,93.0,9.024629369981069,6.629989367633929,8.16531651412364,7.236451037655385,-28.028162753090278,-26.755945539211716,-66.4444833986431,22.934721364559415,-67.0071315243665,59.29447673872572,0.2116420033701525,0.20955428081314686,0.0020877225570056224,3.538819683771327,3.0895916615762617,2.5264423402448006,1.871534117050011,9.075916405166781,24.935603885941603,52.78401325501787,106.24790992772766,3.5715750000000006,4.052305684999384,3.0908443150006173,26.91981464756491,8.075568901675009,-4.745586832485301,24.884970144451582
QNCCF,1D,1769697000,2026-01-29,4.0,4.0,3.5542,3.74,295026.0,1103397.24,-3.1088082901554315,11.309524140802163,12.990936555891244,49.003984063745044,9.25949206328515,6.726194254007537,7.016494673464407,11.145000000000005,37.87335577115146,19.61711236793567,-14.421831313792605,-69.42377555964273,-52.88974400614072,56.368177508403555,0.202543198574217,0.20815206436536088,-0.005608865791143891,3.5579797138883436,3.1150978709262125,2.5504731849924283,1.8901258173778717,5.115832600201521,20.06043325014329,46.639455847135416,97.87042564121032,3.563575000000001,4.027198545023306,3.0999514549766967,26.020136802132942,4.95078678012948,-7.131472208595656,20.647050585123274
QNCCF,1D,1769783400,2026-01-30,3.5,3.82,3.5,3.5726,264629.0,945413.5654,-4.475935828877011,6.12208556697486,6.011869436201777,29.442028985507257,4.382790369907874,6.871362250948175,6.9192164731071015,9.142857142857139,-14.317932732911315,-14.74297709403721,12.519061454056512,-51.61403986466865,-59.047176495253076,52.477405869534515,0.17975247460504562,0.20247214641329783,-0.022719671808252212,3.559372122089454,3.1330391308898906,2.5707133199430734,1.906866854020878,0.3716351495943333,14.029855700693371,38.973100278607205,87.3544548989724,3.5582850000000006,4.018952113108785,3.0976178868912165,25.892648458950546,0.40230054647110647,-11.10618142607123,15.333786491834786
QNCCF,1D,1770042600,2026-02-02,3.56,3.65,3.4674,3.47,191028.0,662867.16,-2.871858030565969,-14.108910891089105,1.1661807580174937,18.087459588225297,4.342482240757172,6.920542147702717,6.880391806962443,5.129213483146064,-29.88601134366587,-90.55881293516677,-45.01219746126764,-77.35018908614664,-70.31608852337621,50.1907438887254,0.15166341765364333,0.19231040066136693,-0.0406469830077236,3.5508604914142676,3.146253282619699,2.5885209769739035,1.9224204176624613,-2.2772083445627462,10.289912740614975,34.0533853450392,80.50162015129321,3.550035000000001,4.0108210122659695,3.0892489877340332,25.959519400004112,-2.254484814938471,-13.48404754567756,12.325034782814582
QNCCF,1D,1770129000,2026-02-03,3.5,3.58,3.47,3.559,206261.0,734082.899,2.5648414985590766,-11.467661691542276,4.6764705882353015,6.207102357505228,4.369395442522504,6.935207993703279,6.437546328226091,3.1428571428571397,10.743591370554538,-69.60085128709706,-39.58200249052064,-84.53133494563438,-65.03314765174719,52.1389683746188,0.13502767881532352,0.18085385629215825,-0.045826177476834734,3.551635682708147,3.1624394283993187,2.6077383833704597,1.9387047916160687,0.207350019815034,12.539704888558203,36.47841450261012,83.57616979082634,3.5469850000000007,4.006684459538494,3.0872855404615067,25.920575335869405,0.3387383933114868,-11.173439387589314,15.279262425074508
QNCCF,1D,1770215400,2026-02-04,3.57,3.7,3.4,3.46,185933.0,643328.18,-2.781680247260472,-5.0233324183365315,7.120743034055726,-8.947368421052628,3.132239227365363,6.831054171721803,5.987920455047567,8.403361344537823,-12.363006838005624,-69.6599116331874,-14.405695400177548,-93.19396903525919,-64.37305178452813,49.80532447060576,0.1125577674312801,0.16719463851998262,-0.05463687108870252,3.5429084748311808,3.174108470422875,2.6246148510264904,1.9538420573711326,-2.3401246580362587,9.006986756789596,31.828866191425735,77.08698545753396,3.5454350000000012,4.006087143270781,3.0847828567292215,25.985648772056436,-2.4097184125502578,-13.63143445813629,12.163486400745212
QNCCF,1D,1770301800,2026-02-05,3.22,3.44,2.82,2.87,951021.0,2729430.27,-17.05202312138728,-24.274406332453825,-15.588235294117641,-19.607843137254896,5.984939654417568,8.073774080206775,6.639970408358887,19.254658385093173,324.2671710727796,145.4613089450104,251.93315716670003,-70.96909528859617,72.38629196236212,38.69098933519897,0.046604899339151906,0.14307669068381648,-0.09647179134466458,3.4788219534186875,3.16218264805335,2.629473962887352,1.9629580568002756,-17.500808077297243,-9.239904223534293,9.147306286635871,46.207912596882,3.5240550000000015,4.061949069403966,2.986160930596036,30.52699628149759,-18.559727359533294,-29.34426426914476,-3.889975567152384
QNCCF,1D,1770388200,2026-02-06,2.92,3.4,2.92,3.3125,438783.0,1453468.6875,15.41811846689895,-14.183937823834194,-7.729805013927573,-0.16576250753466124,9.63487947770147,8.982173471404646,7.109878050647637,16.43835616438356,-46.74827551099153,81.61601116014761,33.022930123649836,-51.4757406988639,-5.121497338738826,48.05382197874226,0.02970045967336299,0.12040144448172578,-0.09070098480836279,3.4629817673788126,3.168077446168905,2.6429992309489885,1.9763863348420638,-4.345439204917175,4.558681291258906,25.331099654184246,67.60387084262588,3.524180000000001,4.061876161786526,2.986483838213476,30.514682098333502,-6.006503640563227,-18.449015478032933,10.916387948094428
QNCCF,1D,1770647400,2026-02-09,3.335,3.5165,3.26,3.42,249838.0,854445.96,3.245283018867923,-8.556149732620327,1.78571458864796,-6.847524105245963,9.075527727588696,8.847110380243816,6.868676160869093,7.691154422788618,-41.21332180401719,-22.56225328241713,-7.371203493631485,-10.664961297306256,-44.10000770423836,50.04955386718287,0.02469327236058394,0.10125981005749742,-0.07656653769691348,3.4588882657236875,3.1779567620054188,2.6583853847915826,1.9907506499182621,-1.1242995649514314,7.616316272403975,28.64951859747483,71.79449370720643,3.526680000000001,4.061944945984659,2.9914150540153432,30.355175178051752,-3.0249413045697704,-15.80388101072711,14.327164176344297
QNCCF,1D,1770733800,2026-02-10,3.57,3.57,3.35,3.36,174933.0,587774.88,-1.7543859649122824,-5.950848121816048,-0.1930785688194822,-11.811023622047248,8.96956233553051,8.866296742495804,6.838906436332306,6.162464985994391,-31.209823965929917,-37.8288083108565,-46.99469286067689,-46.24757074910311,-61.11748972647162,48.919858726071574,0.015702532758143484,0.08414835459762662,-0.06844582183948314,3.4494703356547647,3.18509571251501,2.672278743508581,2.0043750215608664,-2.5937412689122867,5.491335371736196,25.735386256467844,67.63330034832843,3.523180000000001,4.061832580426357,2.984527419573645,30.577636137032776,-4.631611214868412,-17.27871758694416,12.580637656865386
